county_id,year,minimum_wage_policy,poverty_rate,average_income,unemployment_rate,urban_county,education_level
1,0,0,47.08433839623006,1,12,1,0
1,1,0,45.24143524411961,1,12,1,0
1,2,0,44.536306875730006,1,12,1,0
1,3,0,45.239533686472974,1,12,1,0
1,4,0,46.39707690356331,1,12,1,0
1,5,0,45.00708497689397,1,12,1,0
1,6,0,46.62089251472658,1,12,1,0
1,7,0,46.941937848731385,1,12,1,0
1,8,0,45.88690381768165,1,12,1,0
1,9,0,48.08066068935761,1,12,1,0
2,0,0,48.00287547492187,1,12,1,0
2,1,0,46.46568239653411,1,12,1,0
2,2,0,45.61080644474266,1,12,1,0
2,3,0,46.98147939167412,1,12,1,0
2,4,0,46.07653393325488,1,12,1,0
2,5,0,45.32984068259086,1,12,1,0
2,6,0,47.25589790760816,1,12,1,0
2,7,0,47.93643444197566,1,12,1,0
2,8,0,46.90639261382298,1,12,1,0
2,9,0,50.37783659874359,1,12,1,0
3,0,0,44.77203460550899,1,13,1,0
3,1,0,45.5146449890227,1,13,1,0
3,2,0,43.9060913444301,1,13,1,0
3,3,0,45.46187233243462,1,13,1,0
3,4,1,47.83932709762759,1,13,1,0
3,5,1,47.3585958074322,1,13,1,0
3,6,1,49.74159529593652,1,13,1,0
3,7,1,50.25637494420934,1,13,1,0
3,8,1,47.30208026004132,1,13,1,0
3,9,1,50.62755061220573,1,13,1,0
4,0,0,47.078829391755846,1,12,1,1
4,1,0,44.72525865205507,1,12,1,1
4,2,0,45.668854198611264,1,12,1,1
4,3,0,46.97032562979712,1,12,1,1
4,4,0,48.36250936458903,1,12,1,1
4,5,0,46.1369521743921,1,12,1,1
4,6,0,45.5972031880198,1,12,1,1
4,7,0,45.70109413998336,1,12,1,1
4,8,0,44.24660478378837,1,12,1,1
4,9,0,49.39550635152594,1,12,1,1
5,0,0,49.002778757355394,0,12,0,1
5,1,0,47.60302060336416,0,12,0,1
5,2,0,48.2755984040879,0,12,0,1
5,3,0,46.901763397299,0,12,0,1
5,4,0,47.720257607445774,0,12,0,1
5,5,0,47.49995509166524,0,12,0,1
5,6,0,50.46231779863948,0,12,0,1
5,7,0,49.89090912876289,0,12,0,1
5,8,0,47.43296968983038,0,12,0,1
5,9,0,50.796791348654175,0,12,0,1
6,0,0,46.16598662101018,3,10,1,1
6,1,0,46.85652634714618,3,10,1,1
6,2,0,44.51923853583582,3,10,1,1
6,3,0,47.33457026000592,3,10,1,1
6,4,0,45.87116394156477,3,10,1,1
6,5,0,46.19283780377474,3,10,1,1
6,6,0,47.45128296872827,3,10,1,1
6,7,0,49.09371711599447,3,10,1,1
6,8,0,45.56422043305101,3,10,1,1
6,9,0,49.17620347553645,3,10,1,1
7,0,0,46.8564854146754,3,14,1,1
7,1,0,46.13929599034108,3,14,1,1
7,2,0,46.15905848339137,3,14,1,1
7,3,0,46.82508451979661,3,14,1,1
7,4,0,46.487895810729576,3,14,1,1
7,5,0,46.50754737181149,3,14,1,1
7,6,0,46.96702740270276,3,14,1,1
7,7,0,50.07316890329962,3,14,1,1
7,8,1,51.15808864614025,3,14,1,1
7,9,1,51.99449945498978,3,14,1,1
8,0,0,47.550712597279215,2,13,1,1
8,1,0,47.95478092285669,2,13,1,1
8,2,0,45.84050351199212,2,13,1,1
8,3,0,49.48332502195164,2,13,1,1
8,4,0,46.40060651072372,2,13,1,1
8,5,1,50.77735340914101,2,13,1,1
8,6,1,53.70466510316929,2,13,1,1
8,7,1,51.62586822557375,2,13,1,1
8,8,1,49.78994907665536,2,13,1,1
8,9,1,52.76456653988669,2,13,1,1
9,0,0,45.92549019867523,1,13,1,1
9,1,0,46.74634772695432,1,13,1,1
9,2,0,46.31140797236567,1,13,1,1
9,3,0,45.49870252260272,1,13,1,1
9,4,0,45.053043773840834,1,13,1,1
9,5,0,46.619441481167726,1,13,1,1
9,6,0,47.82161713731939,1,13,1,1
9,7,0,46.821823743085865,1,13,1,1
9,8,0,44.74562501258732,1,13,1,1
9,9,0,47.36783643103678,1,13,1,1
10,0,0,44.495092080022346,2,9,1,0
10,1,0,42.95762704769568,2,9,1,0
10,2,0,45.44198757244112,2,9,1,0
10,3,0,43.57085530365707,2,9,1,0
10,4,0,45.87319668757859,2,9,1,0
10,5,0,44.60474235730723,2,9,1,0
10,6,0,45.416891951106855,2,9,1,0
10,7,0,44.63380916780952,2,9,1,0
10,8,0,46.02551990882258,2,9,1,0
10,9,0,46.341570406049165,2,9,1,0
11,0,0,47.91849556243617,2,13,0,0
11,1,0,45.64641466537147,2,13,0,0
11,2,0,47.52786371358942,2,13,0,0
11,3,1,49.366652988222704,2,13,0,0
11,4,1,51.60431313321282,2,13,0,0
11,5,1,50.310184089541664,2,13,0,0
11,6,1,50.51490491540493,2,13,0,0
11,7,1,52.5093667215333,2,13,0,0
11,8,1,50.2456782927072,2,13,0,0
11,9,1,51.67566735767967,2,13,0,0
12,0,0,47.50513426553972,2,14,0,0
12,1,0,46.58298530980242,2,14,0,0
12,2,0,46.36025404596683,2,14,0,0
12,3,0,47.508659508029496,2,14,0,0
12,4,0,47.010341334596845,2,14,0,0
12,5,0,46.16057326908092,2,14,0,0
12,6,0,47.8972647948465,2,14,0,0
12,7,1,51.70413416277112,2,14,0,0
12,8,1,51.88795607722043,2,14,0,0
12,9,1,52.13647067406006,2,14,0,0
13,0,0,44.13474312407521,2,13,0,1
13,1,0,44.70899157650421,2,13,0,1
13,2,0,44.83831567670232,2,13,0,1
13,3,0,47.93670628867319,2,13,0,1
13,4,0,44.77369305432818,2,13,0,1
13,5,0,45.468860535346536,2,13,0,1
13,6,0,46.8978896979416,2,13,0,1
13,7,0,46.80390692314924,2,13,0,1
13,8,0,44.38261704981909,2,13,0,1
13,9,0,46.832474153679165,2,13,0,1
14,0,0,46.18253851408576,2,11,0,0
14,1,0,45.73664860340059,2,11,0,0
14,2,0,45.1842379895396,2,11,0,0
14,3,0,46.62613056662381,2,11,0,0
14,4,0,45.12972347755079,2,11,0,0
14,5,0,42.69645288612632,2,11,0,0
14,6,0,46.95416501147343,2,11,0,0
14,7,0,45.78723971412209,2,11,0,0
14,8,0,45.28463068376716,2,11,0,0
14,9,0,45.63778222137191,2,11,0,0
15,0,0,45.63900945620811,1,15,1,0
15,1,0,47.346560535787695,1,15,1,0
15,2,0,46.93342760454876,1,15,1,0
15,3,0,45.091832477580425,1,15,1,0
15,4,0,45.8957553073606,1,15,1,0
15,5,0,45.74967180590208,1,15,1,0
15,6,0,45.24530412121526,1,15,1,0
15,7,0,45.6184790828092,1,15,1,0
15,8,0,43.85796422228349,1,15,1,0
15,9,0,47.98145625216902,1,15,1,0
16,0,0,43.81188418010996,2,13,1,0
16,1,0,41.890538966023215,2,13,1,0
16,2,0,43.37864881373735,2,13,1,0
16,3,0,42.97111564612442,2,13,1,0
16,4,0,45.08403700825043,2,13,1,0
16,5,0,44.77111847134447,2,13,1,0
16,6,0,45.00148072182475,2,13,1,0
16,7,0,45.43651520930685,2,13,1,0
16,8,0,42.7508308089182,2,13,1,0
16,9,0,44.9877506845052,2,13,1,0
17,0,0,47.15707826632674,1,10,1,0
17,1,0,45.3354826869674,1,10,1,0
17,2,0,46.34074170864945,1,10,1,0
17,3,0,47.401296412611,1,10,1,0
17,4,0,47.57998048401049,1,10,1,0
17,5,0,46.824695749497984,1,10,1,0
17,6,1,51.90243753626833,1,10,1,0
17,7,1,51.67396790801333,1,10,1,0
17,8,1,48.169052550982585,1,10,1,0
17,9,1,52.11645430538462,1,10,1,0
18,0,0,45.07099739649697,1,12,1,0
18,1,0,47.41749184436346,1,12,1,0
18,2,1,49.33172669832358,1,12,1,0
18,3,1,51.13724744265157,1,12,1,0
18,4,1,49.459695147519945,1,12,1,0
18,5,1,49.72835652600408,1,12,1,0
18,6,1,51.26371441105403,1,12,1,0
18,7,1,51.74244155155226,1,12,1,0
18,8,1,47.09541697521038,1,12,1,0
18,9,1,51.481625417318845,1,12,1,0
19,0,0,45.25972520590791,2,8,0,0
19,1,0,46.33336744380164,2,8,0,0
19,2,0,47.583460135951945,2,8,0,0
19,3,0,46.23760839648728,2,8,0,0
19,4,0,46.508659124711166,2,8,0,0
19,5,0,47.90259518915806,2,8,0,0
19,6,0,46.50555776715323,2,8,0,0
19,7,1,50.43941614881044,2,8,0,0
19,8,1,50.69177574763074,2,8,0,0
19,9,1,50.828801911020285,2,8,0,0
20,0,0,47.368061890527926,2,6,1,1
20,1,0,46.334499034700194,2,6,1,1
20,2,0,44.85303390024626,2,6,1,1
20,3,0,47.216076676373135,2,6,1,1
20,4,0,45.13180611239195,2,6,1,1
20,5,0,45.68225985232705,2,6,1,1
20,6,0,47.07583045140569,2,6,1,1
20,7,0,47.04010030908991,2,6,1,1
20,8,0,45.51552384833386,2,6,1,1
20,9,0,49.5939809872816,2,6,1,1
21,0,0,45.066593282978296,2,11,1,0
21,1,0,43.90796245484359,2,11,1,0
21,2,0,44.44423073782337,2,11,1,0
21,3,0,45.13516772357918,2,11,1,0
21,4,0,45.54460183593134,2,11,1,0
21,5,0,45.17374940455505,2,11,1,0
21,6,0,46.54049803768252,2,11,1,0
21,7,0,46.356286839141696,2,11,1,0
21,8,0,45.14812221620711,2,11,1,0
21,9,0,48.18890883465473,2,11,1,0
22,0,0,47.43553462275237,2,9,0,1
22,1,0,46.28006290367388,2,9,0,1
22,2,0,45.54553410288949,2,9,0,1
22,3,0,45.15659855481808,2,9,0,1
22,4,1,47.75063449011008,2,9,0,1
22,5,1,50.038221072916166,2,9,0,1
22,6,1,50.66223482088415,2,9,0,1
22,7,1,50.126518644124886,2,9,0,1
22,8,1,50.88482752761645,2,9,0,1
22,9,1,50.683267534643136,2,9,0,1
23,0,0,44.71901179918636,1,13,1,0
23,1,0,44.48477913897723,1,13,1,0
23,2,0,45.376562256273616,1,13,1,0
23,3,0,44.46493558368528,1,13,1,0
23,4,1,48.37156098189106,1,13,1,0
23,5,1,50.249315478366434,1,13,1,0
23,6,1,51.03389040741576,1,13,1,0
23,7,1,49.38428689490481,1,13,1,0
23,8,1,48.795082179827546,1,13,1,0
23,9,1,50.29737845674097,1,13,1,0
24,0,0,49.78878175861028,3,10,1,0
24,1,0,48.33710041150888,3,10,1,0
24,2,0,48.10635066806796,3,10,1,0
24,3,0,48.35952358304075,3,10,1,0
24,4,0,48.77404635363907,3,10,1,0
24,5,0,49.03629649881028,3,10,1,0
24,6,0,50.302393515567466,3,10,1,0
24,7,0,49.8410946526318,3,10,1,0
24,8,0,49.187673127502826,3,10,1,0
24,9,0,50.22382080796003,3,10,1,0
25,0,0,46.56490444992062,2,13,0,1
25,1,0,46.12579173076756,2,13,0,1
25,2,0,46.91441587972268,2,13,0,1
25,3,0,46.82387755644215,2,13,0,1
25,4,0,47.284588055544376,2,13,0,1
25,5,0,45.50199622665649,2,13,0,1
25,6,0,48.60758232349251,2,13,0,1
25,7,0,46.67605525472665,2,13,0,1
25,8,0,47.67184810033013,2,13,0,1
25,9,0,48.31959600055957,2,13,0,1
26,0,0,45.562200494561765,2,10,0,1
26,1,0,45.32310733703437,2,10,0,1
26,2,0,46.60115860933505,2,10,0,1
26,3,0,44.440675602950456,2,10,0,1
26,4,0,44.95072393292747,2,10,0,1
26,5,0,44.942568527464,2,10,0,1
26,6,0,46.020119972952806,2,10,0,1
26,7,0,47.5284063147909,2,10,0,1
26,8,0,45.47743561536169,2,10,0,1
26,9,0,47.68967718569733,2,10,0,1
27,0,0,44.92625911558149,2,11,1,1
27,1,0,43.21287281798456,2,11,1,1
27,2,0,45.37896150837846,2,11,1,1
27,3,0,44.45117001026344,2,11,1,1
27,4,0,43.937373170390245,2,11,1,1
27,5,0,43.28707913767338,2,11,1,1
27,6,0,45.70373597908142,2,11,1,1
27,7,0,46.14845252188566,2,11,1,1
27,8,0,45.698833116140605,2,11,1,1
27,9,0,44.04620239488487,2,11,1,1
28,0,0,45.35958804195472,2,12,0,0
28,1,0,46.447203103679534,2,12,0,0
28,2,0,46.01998621404784,2,12,0,0
28,3,0,46.320319429737125,2,12,0,0
28,4,1,50.61387226477284,2,12,0,0
28,5,1,52.22922246849661,2,12,0,0
28,6,1,50.28852757847065,2,12,0,0
28,7,1,52.19020862741187,2,12,0,0
28,8,1,50.51625297081499,2,12,0,0
28,9,1,51.59753672447558,2,12,0,0
29,0,0,44.5054514219537,1,15,1,0
29,1,1,49.410096563035616,1,15,1,0
29,2,1,48.86395535979457,1,15,1,0
29,3,1,47.344377284579856,1,15,1,0
29,4,1,48.93921468231765,1,15,1,0
29,5,1,47.38093422736216,1,15,1,0
29,6,1,48.16072597524039,1,15,1,0
29,7,1,50.02853645872119,1,15,1,0
29,8,1,50.19812653681145,1,15,1,0
29,9,1,50.32981658798321,1,15,1,0
30,0,0,46.88478079866125,1,11,1,1
30,1,0,46.05513565925526,1,11,1,1
30,2,0,43.86664750008506,1,11,1,1
30,3,0,46.67083968066649,1,11,1,1
30,4,0,45.057843869421546,1,11,1,1
30,5,0,45.41720052898077,1,11,1,1
30,6,0,48.55095114658298,1,11,1,1
30,7,0,47.2454469655461,1,11,1,1
30,8,0,47.24021279826622,1,11,1,1
30,9,0,48.12462678194328,1,11,1,1
31,0,0,43.42429314147064,1,13,1,0
31,1,0,43.21260226453801,1,13,1,0
31,2,0,42.6669050554384,1,13,1,0
31,3,0,45.29057557891736,1,13,1,0
31,4,0,44.17460031491719,1,13,1,0
31,5,0,44.962660581745816,1,13,1,0
31,6,0,45.97602897195314,1,13,1,0
31,7,0,45.10481900543885,1,13,1,0
31,8,0,43.18026901444457,1,13,1,0
31,9,0,44.96898839938383,1,13,1,0
32,0,0,47.041228617897815,2,14,1,0
32,1,1,51.01009377050572,2,14,1,0
32,2,1,50.445421441714274,2,14,1,0
32,3,1,49.58734205245438,2,14,1,0
32,4,1,50.41790990847293,2,14,1,0
32,5,1,50.60213756287317,2,14,1,0
32,6,1,51.755342911134846,2,14,1,0
32,7,1,51.58188618346536,2,14,1,0
32,8,1,48.76777544598044,2,14,1,0
32,9,1,51.50387325868381,2,14,1,0
33,0,0,46.33594082429708,3,10,0,0
33,1,0,43.349548307072695,3,10,0,0
33,2,0,43.30557619525749,3,10,0,0
33,3,0,45.43479446132705,3,10,0,0
33,4,0,44.602744163542624,3,10,0,0
33,5,0,44.73321806477584,3,10,0,0
33,6,0,48.08042354696045,3,10,0,0
33,7,0,46.35351043148242,3,10,0,0
33,8,0,45.88278016858636,3,10,0,0
33,9,0,47.12700801223557,3,10,0,0
34,0,0,45.46629640732333,2,12,1,0
34,1,0,44.62396350483256,2,12,1,0
34,2,0,45.94371943124546,2,12,1,0
34,3,0,45.69181230451359,2,12,1,0
34,4,0,45.15625537124161,2,12,1,0
34,5,0,46.14949611451412,2,12,1,0
34,6,1,50.53059347003727,2,12,1,0
34,7,1,51.45757814904797,2,12,1,0
34,8,1,48.75225916733561,2,12,1,0
34,9,1,52.08376049910674,2,12,1,0
35,0,0,41.572015757799946,1,16,1,0
35,1,0,45.142367345503686,1,16,1,0
35,2,0,43.67865903681696,1,16,1,0
35,3,0,45.12153106737471,1,16,1,0
35,4,0,44.95143914580573,1,16,1,0
35,5,0,44.62369429021837,1,16,1,0
35,6,0,45.712935493699085,1,16,1,0
35,7,0,46.2896409867585,1,16,1,0
35,8,0,45.83340891161583,1,16,1,0
35,9,0,46.46639576949463,1,16,1,0
36,0,0,48.18998759831645,2,9,0,1
36,1,0,47.10896242765515,2,9,0,1
36,2,0,48.18317362705648,2,9,0,1
36,3,0,49.02492105531684,2,9,0,1
36,4,0,46.44362016334885,2,9,0,1
36,5,0,46.4902988200499,2,9,0,1
36,6,0,48.99760576451027,2,9,0,1
36,7,0,49.46914627993768,2,9,0,1
36,8,1,50.18936237150259,2,9,0,1
36,9,1,51.9666115769768,2,9,0,1
37,0,0,44.114400809079775,2,16,1,1
37,1,0,45.38326252689973,2,16,1,1
37,2,0,45.45460792102131,2,16,1,1
37,3,0,45.81526419439061,2,16,1,1
37,4,0,46.515511540976654,2,16,1,1
37,5,0,43.50781798092351,2,16,1,1
37,6,0,44.28263601777117,2,16,1,1
37,7,0,45.64648477627404,2,16,1,1
37,8,0,42.93215842604175,2,16,1,1
37,9,0,45.87930056584752,2,16,1,1
38,0,0,48.46649989347832,1,13,1,1
38,1,0,48.75436669918003,1,13,1,1
38,2,0,47.24463711038539,1,13,1,1
38,3,0,50.14196819783024,1,13,1,1
38,4,0,46.23473606211943,1,13,1,1
38,5,0,50.00956238365927,1,13,1,1
38,6,0,47.344831520231125,1,13,1,1
38,7,0,49.61685152052284,1,13,1,1
38,8,0,48.14749631012757,1,13,1,1
38,9,0,50.315999607479945,1,13,1,1
39,0,0,47.38551823415072,2,9,1,0
39,1,0,46.83081032134756,2,9,1,0
39,2,0,44.848362812530986,2,9,1,0
39,3,0,47.00261329623032,2,9,1,0
39,4,0,46.53381929878236,2,9,1,0
39,5,1,48.788034562292125,2,9,1,0
39,6,1,51.13710877817472,2,9,1,0
39,7,1,51.9500622116563,2,9,1,0
39,8,1,50.67923267267999,2,9,1,0
39,9,1,52.67633757689978,2,9,1,0
40,0,0,46.43619015044625,1,12,0,1
40,1,1,50.8322214282171,1,12,0,1
40,2,1,49.42160693678112,1,12,0,1
40,3,1,51.73236658728056,1,12,0,1
40,4,1,50.43140404933046,1,12,0,1
40,5,1,50.888738345039634,1,12,0,1
40,6,1,52.92011879751514,1,12,0,1
40,7,1,51.89291171592351,1,12,0,1
40,8,1,50.721797808672,1,12,0,1
40,9,1,52.18674942448079,1,12,0,1
41,0,0,45.38550401460056,3,12,1,0
41,1,0,47.256631464251214,3,12,1,0
41,2,0,44.34306142359418,3,12,1,0
41,3,0,48.37481535655298,3,12,1,0
41,4,0,46.21486715158486,3,12,1,0
41,5,0,46.86113079402578,3,12,1,0
41,6,0,46.32432604235011,3,12,1,0
41,7,0,48.27380410181898,3,12,1,0
41,8,0,47.75546443392744,3,12,1,0
41,9,0,47.292730670446666,3,12,1,0
42,0,0,47.70083578407731,1,11,0,0
42,1,0,46.6339941859479,1,11,0,0
42,2,0,47.83889292299271,1,11,0,0
42,3,0,47.33555041623058,1,11,0,0
42,4,0,47.33430384035029,1,11,0,0
42,5,0,43.818897218170704,1,11,0,0
42,6,0,47.38542930119945,1,11,0,0
42,7,0,46.28551529720184,1,11,0,0
42,8,0,46.95574201565309,1,11,0,0
42,9,0,48.486159195165946,1,11,0,0
43,0,0,43.8213138988823,2,11,0,1
43,1,0,44.63157951316153,2,11,0,1
43,2,0,45.40279811975039,2,11,0,1
43,3,0,45.08334589239423,2,11,0,1
43,4,0,43.51941660948043,2,11,0,1
43,5,0,44.19942849416023,2,11,0,1
43,6,0,47.8050514111429,2,11,0,1
43,7,0,45.522240511480696,2,11,0,1
43,8,1,49.22290566785212,2,11,0,1
43,9,1,51.46401930664221,2,11,0,1
44,0,0,46.30453204361699,2,12,0,1
44,1,0,46.50786617682498,2,12,0,1
44,2,0,47.085678958064975,2,12,0,1
44,3,0,48.80048984639896,2,12,0,1
44,4,0,45.75831893297522,2,12,0,1
44,5,0,44.79629442145691,2,12,0,1
44,6,0,46.70443564388932,2,12,0,1
44,7,0,48.95203247918924,2,12,0,1
44,8,0,46.958854041952506,2,12,0,1
44,9,0,47.54700992801952,2,12,0,1
45,0,0,47.07132364834198,2,9,1,0
45,1,0,46.32072508595618,2,9,1,0
45,2,0,46.39708179717092,2,9,1,0
45,3,0,46.88385204882434,2,9,1,0
45,4,0,45.72448813333321,2,9,1,0
45,5,0,45.34326658988952,2,9,1,0
45,6,0,46.82230655162935,2,9,1,0
45,7,0,47.24836345032829,2,9,1,0
45,8,0,48.0988600023404,2,9,1,0
45,9,0,48.51128688706071,2,9,1,0
46,0,0,47.78008322751008,2,11,1,1
46,1,0,47.956082068653,2,11,1,1
46,2,0,49.67497860237166,2,11,1,1
46,3,0,47.39131300719839,2,11,1,1
46,4,0,45.79722189615504,2,11,1,1
46,5,0,47.30078561623021,2,11,1,1
46,6,0,47.671644388767696,2,11,1,1
46,7,0,48.88018452753243,2,11,1,1
46,8,0,46.54681696790266,2,11,1,1
46,9,0,48.52247728505142,2,11,1,1
47,0,0,45.87398025570321,1,11,0,0
47,1,0,44.57237087952272,1,11,0,0
47,2,0,46.34120882165365,1,11,0,0
47,3,0,46.66580707899345,1,11,0,0
47,4,0,45.86107474778217,1,11,0,0
47,5,0,45.31440077802598,1,11,0,0
47,6,0,45.5309724311716,1,11,0,0
47,7,0,46.6534023980192,1,11,0,0
47,8,0,46.10333697724625,1,11,0,0
47,9,0,47.635677607893605,1,11,0,0
48,0,0,44.1855843163265,1,10,0,0
48,1,0,46.90995521625795,1,10,0,0
48,2,0,44.59693409330223,1,10,0,0
48,3,0,45.65610801583054,1,10,0,0
48,4,0,46.86339346141034,1,10,0,0
48,5,0,45.46698832661435,1,10,0,0
48,6,0,44.32365056740593,1,10,0,0
48,7,0,46.87787107949667,1,10,0,0
48,8,0,45.03873403069941,1,10,0,0
48,9,0,45.54052188088995,1,10,0,0
49,0,0,45.655895641542486,2,8,0,1
49,1,0,45.25078237993525,2,8,0,1
49,2,0,46.544724412941534,2,8,0,1
49,3,0,46.11619220990134,2,8,0,1
49,4,0,45.21128090672397,2,8,0,1
49,5,0,45.04940496625499,2,8,0,1
49,6,0,46.71310230013282,2,8,0,1
49,7,0,48.4496276213084,2,8,0,1
49,8,1,48.686537548039965,2,8,0,1
49,9,1,52.24124473832994,2,8,0,1
50,0,0,46.23436797489635,2,15,1,1
50,1,0,44.26023150569088,2,15,1,1
50,2,0,42.49321583071831,2,15,1,1
50,3,0,44.49478034038683,2,15,1,1
50,4,0,43.53987541241257,2,15,1,1
50,5,0,44.07187584023328,2,15,1,1
50,6,0,45.631249138062735,2,15,1,1
50,7,0,43.11905868605214,2,15,1,1
50,8,0,44.76597759402815,2,15,1,1
50,9,0,44.8546487416935,2,15,1,1
51,0,0,45.92389591635112,1,11,1,1
51,1,0,44.5631331923078,1,11,1,1
51,2,0,45.46264450465505,1,11,1,1
51,3,0,46.53578796381396,1,11,1,1
51,4,0,46.51386426192115,1,11,1,1
51,5,0,44.77087474580294,1,11,1,1
51,6,0,45.840141193777576,1,11,1,1
51,7,0,47.04814859879136,1,11,1,1
51,8,0,47.93783224945613,1,11,1,1
51,9,0,47.129817223882085,1,11,1,1
52,0,0,49.58620908413656,0,13,0,1
52,1,0,49.49613251747845,0,13,0,1
52,2,0,47.77469376636724,0,13,0,1
52,3,0,49.47890617564234,0,13,0,1
52,4,0,48.62311322649765,0,13,0,1
52,5,0,46.22356384477069,0,13,0,1
52,6,0,50.22977860149158,0,13,0,1
52,7,0,49.303098011739934,0,13,0,1
52,8,0,47.002154390281326,0,13,0,1
52,9,0,48.94058329638624,0,13,0,1
53,0,0,45.83253113521001,1,11,1,1
53,1,0,44.4460709145331,1,11,1,1
53,2,0,43.89566717224832,1,11,1,1
53,3,0,44.40242675490386,1,11,1,1
53,4,0,44.95391308334476,1,11,1,1
53,5,0,46.34209114056786,1,11,1,1
53,6,0,46.375809834603295,1,11,1,1
53,7,0,47.75218365854049,1,11,1,1
53,8,0,45.11152300778301,1,11,1,1
53,9,0,45.711418380792686,1,11,1,1
54,0,0,46.71028760557064,2,12,1,0
54,1,0,46.10969909972462,2,12,1,0
54,2,1,50.312888475448325,2,12,1,0
54,3,1,49.80027699461941,2,12,1,0
54,4,1,49.16589502450483,2,12,1,0
54,5,1,49.86514287720247,2,12,1,0
54,6,1,51.36381585626764,2,12,1,0
54,7,1,52.620241868816656,2,12,1,0
54,8,1,50.64278980038536,2,12,1,0
54,9,1,52.17863883160233,2,12,1,0
55,0,0,46.7542897810884,1,8,1,1
55,1,0,45.96018478702707,1,8,1,1
55,2,0,46.8013379763247,1,8,1,1
55,3,0,46.47698991903282,1,8,1,1
55,4,0,45.2998286400254,1,8,1,1
55,5,0,45.22551119039978,1,8,1,1
55,6,0,48.02560595975551,1,8,1,1
55,7,0,48.88957434015061,1,8,1,1
55,8,0,46.07574696692363,1,8,1,1
55,9,0,46.364128383068,1,8,1,1
56,0,0,44.25772315769978,2,15,1,0
56,1,0,47.62841870506702,2,15,1,0
56,2,0,45.65495515472151,2,15,1,0
56,3,0,43.942377732531206,2,15,1,0
56,4,0,46.436846901655606,2,15,1,0
56,5,0,45.94380056260101,2,15,1,0
56,6,0,48.81725779280619,2,15,1,0
56,7,0,47.894081426128544,2,15,1,0
56,8,0,48.40936081440694,2,15,1,0
56,9,1,50.627019668708535,2,15,1,0
57,0,0,46.20014655690272,2,12,0,1
57,1,0,47.99762735093988,2,12,0,1
57,2,0,45.27945488606443,2,12,0,1
57,3,0,46.19067917175254,2,12,0,1
57,4,0,44.84971687458055,2,12,0,1
57,5,0,45.090654281730046,2,12,0,1
57,6,0,47.25033550359388,2,12,0,1
57,7,0,46.612435629282494,2,12,0,1
57,8,0,47.75703284697439,2,12,0,1
57,9,0,47.03333824236684,2,12,0,1
58,0,0,45.47398299412302,1,7,0,0
58,1,0,46.66983117967631,1,7,0,0
58,2,0,45.7997207943305,1,7,0,0
58,3,0,48.33372619445956,1,7,0,0
58,4,0,47.65374169054587,1,7,0,0
58,5,0,45.86289129752768,1,7,0,0
58,6,0,48.223627081878575,1,7,0,0
58,7,0,47.98102240117457,1,7,0,0
58,8,0,46.42699371750651,1,7,0,0
58,9,0,48.679011057680434,1,7,0,0
59,0,0,45.65740407864868,1,11,1,1
59,1,0,46.739015925316245,1,11,1,1
59,2,0,47.07761505828456,1,11,1,1
59,3,0,45.4041163699232,1,11,1,1
59,4,0,46.70138686561874,1,11,1,1
59,5,0,47.36411836994089,1,11,1,1
59,6,0,48.885249836059984,1,11,1,1
59,7,0,47.09285057193364,1,11,1,1
59,8,0,47.30559438273055,1,11,1,1
59,9,0,49.11579114447928,1,11,1,1
60,0,0,45.40181511935364,1,10,1,1
60,1,0,48.12374982707543,1,10,1,1
60,2,0,45.4623336257384,1,10,1,1
60,3,0,47.377496091562776,1,10,1,1
60,4,1,49.32505074550596,1,10,1,1
60,5,1,48.71335438862786,1,10,1,1
60,6,1,51.571038806865,1,10,1,1
60,7,1,51.063014036896725,1,10,1,1
60,8,1,51.62881034650072,1,10,1,1
60,9,1,51.615608458302766,1,10,1,1
61,0,0,48.01801346087789,2,14,1,1
61,1,0,47.87369985683205,2,14,1,1
61,2,0,47.39956221719791,2,14,1,1
61,3,0,47.3309638577738,2,14,1,1
61,4,0,47.68987835862904,2,14,1,1
61,5,0,44.786535367178615,2,14,1,1
61,6,0,47.5509559905632,2,14,1,1
61,7,1,54.07684236915795,2,14,1,1
61,8,1,51.252643289054,2,14,1,1
61,9,1,51.429944996690686,2,14,1,1
62,0,0,44.761519339181376,1,13,1,0
62,1,0,45.01578875236133,1,13,1,0
62,2,0,45.53991636493214,1,13,1,0
62,3,0,45.56471602419884,1,13,1,0
62,4,0,44.44076770909642,1,13,1,0
62,5,0,43.89123601861277,1,13,1,0
62,6,1,51.086507485300544,1,13,1,0
62,7,1,49.06951325301021,1,13,1,0
62,8,1,49.234852250167336,1,13,1,0
62,9,1,49.92114563457968,1,13,1,0
63,0,0,47.24501666917786,0,9,0,1
63,1,0,48.14762825725656,0,9,0,1
63,2,0,45.6704534592194,0,9,0,1
63,3,0,46.52465435624775,0,9,0,1
63,4,0,46.50809063878671,0,9,0,1
63,5,0,47.03473276902177,0,9,0,1
63,6,0,48.61186317120528,0,9,0,1
63,7,0,47.77526032975084,0,9,0,1
63,8,0,46.90551937085011,0,9,0,1
63,9,0,46.36425899052672,0,9,0,1
64,0,0,47.7846235070262,3,14,1,0
64,1,0,47.40628893811888,3,14,1,0
64,2,0,47.42596481635933,3,14,1,0
64,3,0,46.78893198176841,3,14,1,0
64,4,0,45.80396163701554,3,14,1,0
64,5,0,45.6798308228606,3,14,1,0
64,6,0,47.83718033882478,3,14,1,0
64,7,0,49.30781871685073,3,14,1,0
64,8,0,46.58901011863526,3,14,1,0
64,9,0,48.978693895688366,3,14,1,0
65,0,0,44.87063836269692,3,11,0,1
65,1,0,45.971704226223046,3,11,0,1
65,2,0,44.59937636912059,3,11,0,1
65,3,0,47.949195131172175,3,11,0,1
65,4,0,45.22101680714456,3,11,0,1
65,5,1,50.07613612170459,3,11,0,1
65,6,1,51.35394138190805,3,11,0,1
65,7,1,49.96213176568965,3,11,0,1
65,8,1,48.98788147844157,3,11,0,1
65,9,1,52.28019792008798,3,11,0,1
66,0,0,47.31906975020173,1,13,0,1
66,1,0,46.55649179849324,1,13,0,1
66,2,0,44.57271789499712,1,13,0,1
66,3,0,46.01666726044432,1,13,0,1
66,4,0,46.19447001910777,1,13,0,1
66,5,0,45.092779447753216,1,13,0,1
66,6,0,45.83876580792694,1,13,0,1
66,7,0,46.00124236385296,1,13,0,1
66,8,0,45.34530426293363,1,13,0,1
66,9,0,46.42195186681548,1,13,0,1
67,0,0,47.34341234042939,2,8,0,1
67,1,0,47.3668243056262,2,8,0,1
67,2,0,47.17990897080836,2,8,0,1
67,3,0,46.671077010250045,2,8,0,1
67,4,0,46.694507967233655,2,8,0,1
67,5,0,46.92080441390718,2,8,0,1
67,6,0,48.95804405632639,2,8,0,1
67,7,0,48.28467476801194,2,8,0,1
67,8,0,47.422012195659775,2,8,0,1
67,9,1,52.94790749382539,2,8,0,1
68,0,0,46.05827290640444,2,11,1,1
68,1,0,44.42246826578606,2,11,1,1
68,2,0,44.92609711542815,2,11,1,1
68,3,0,46.400096764283525,2,11,1,1
68,4,0,45.628012486250846,2,11,1,1
68,5,0,45.5493674934119,2,11,1,1
68,6,0,45.7082043595239,2,11,1,1
68,7,0,46.441297154878725,2,11,1,1
68,8,0,46.62982402701286,2,11,1,1
68,9,0,46.38654352280609,2,11,1,1
69,0,0,45.99207431890274,0,13,1,0
69,1,0,47.430558697943226,0,13,1,0
69,2,0,46.947166411664526,0,13,1,0
69,3,0,46.547036124494376,0,13,1,0
69,4,0,46.50601379201137,0,13,1,0
69,5,0,45.27227683383232,0,13,1,0
69,6,0,47.05051579898997,0,13,1,0
69,7,0,46.71544369062129,0,13,1,0
69,8,0,47.274436004452944,0,13,1,0
69,9,0,48.26996992798296,0,13,1,0
70,0,0,44.98959160159906,2,14,1,1
70,1,0,44.28811479351766,2,14,1,1
70,2,0,43.63277993365112,2,14,1,1
70,3,0,47.91907487394301,2,14,1,1
70,4,0,45.50129517357966,2,14,1,1
70,5,0,44.73258217790601,2,14,1,1
70,6,0,44.576668195874745,2,14,1,1
70,7,0,46.01503189011426,2,14,1,1
70,8,0,45.78111161419034,2,14,1,1
70,9,0,47.11547982742032,2,14,1,1
71,0,0,46.35170028088053,0,15,0,0
71,1,0,47.83809228575379,0,15,0,0
71,2,0,48.12547717142807,0,15,0,0
71,3,1,51.64371113302401,0,15,0,0
71,4,1,50.52722254685048,0,15,0,0
71,5,1,50.68109116142834,0,15,0,0
71,6,1,52.93955030549837,0,15,0,0
71,7,1,50.92208508305573,0,15,0,0
71,8,1,49.95713651058536,0,15,0,0
71,9,1,53.1244622111598,0,15,0,0
72,0,0,48.29579685754784,2,9,0,0
72,1,0,46.11899657869681,2,9,0,0
72,2,0,46.60187335513741,2,9,0,0
72,3,1,50.037310721944,2,9,0,0
72,4,1,50.98420502611574,2,9,0,0
72,5,1,51.64278078693374,2,9,0,0
72,6,1,54.026859681822,2,9,0,0
72,7,1,53.70116075038658,2,9,0,0
72,8,1,50.49839806515602,2,9,0,0
72,9,1,52.91436286896047,2,9,0,0
73,0,0,47.85898148338376,1,14,0,1
73,1,0,46.7525452604726,1,14,0,1
73,2,0,45.17440951492148,1,14,0,1
73,3,0,44.7991539345624,1,14,0,1
73,4,0,47.43340995018929,1,14,0,1
73,5,0,46.29903205520858,1,14,0,1
73,6,0,47.05800038225305,1,14,0,1
73,7,0,46.511296917751935,1,14,0,1
73,8,0,46.19475941008163,1,14,0,1
73,9,1,51.59288445305161,1,14,0,1
74,0,0,49.14380243444537,1,9,0,0
74,1,0,47.89533532582465,1,9,0,0
74,2,0,46.81564867641846,1,9,0,0
74,3,0,47.2465199765609,1,9,0,0
74,4,0,45.35966214707378,1,9,0,0
74,5,0,45.00682891403764,1,9,0,0
74,6,0,47.98421310128975,1,9,0,0
74,7,0,47.6199220644252,1,9,0,0
74,8,0,46.47946015923039,1,9,0,0
74,9,0,46.16234378077326,1,9,0,0
75,0,0,47.35122585600856,1,15,0,1
75,1,0,47.37172793783592,1,15,0,1
75,2,0,49.325133122295256,1,15,0,1
75,3,0,47.38319160809066,1,15,0,1
75,4,0,48.77684831988957,1,15,0,1
75,5,0,49.06122250614271,1,15,0,1
75,6,0,48.42684388632914,1,15,0,1
75,7,1,52.61556653246729,1,15,0,1
75,8,1,51.69997325534332,1,15,0,1
75,9,1,54.27189121386567,1,15,0,1
76,0,0,45.04114196572979,2,14,0,0
76,1,0,45.82598968605155,2,14,0,0
76,2,0,44.02252558441823,2,14,0,0
76,3,0,45.35620380864344,2,14,0,0
76,4,0,44.27729882262312,2,14,0,0
76,5,0,44.03636815072539,2,14,0,0
76,6,0,46.03076091306635,2,14,0,0
76,7,0,46.35033924158866,2,14,0,0
76,8,1,49.84114342946251,2,14,0,0
76,9,1,51.263437693582105,2,14,0,0
77,0,0,44.79712936187848,2,10,1,1
77,1,0,44.48936634129804,2,10,1,1
77,2,0,45.67310316871586,2,10,1,1
77,3,0,45.699179492811545,2,10,1,1
77,4,0,45.253833755374366,2,10,1,1
77,5,0,46.91121421583549,2,10,1,1
77,6,0,45.15175754368107,2,10,1,1
77,7,0,48.227764501955406,2,10,1,1
77,8,0,45.099865670293376,2,10,1,1
77,9,0,47.53748521462342,2,10,1,1
78,0,0,47.43225000060615,2,11,1,1
78,1,0,48.82372275776034,2,11,1,1
78,2,0,46.90668184494925,2,11,1,1
78,3,0,47.746475179404776,2,11,1,1
78,4,0,47.03596049959653,2,11,1,1
78,5,0,46.99473953670038,2,11,1,1
78,6,0,48.84668170109703,2,11,1,1
78,7,0,50.67994796443418,2,11,1,1
78,8,0,46.99200441769411,2,11,1,1
78,9,0,49.33722069897495,2,11,1,1
79,0,0,46.52181905462257,1,15,1,0
79,1,0,47.41284479564055,1,15,1,0
79,2,0,48.7042418329075,1,15,1,0
79,3,0,46.15209743974727,1,15,1,0
79,4,0,45.42092131717612,1,15,1,0
79,5,0,46.535543689920345,1,15,1,0
79,6,1,51.17233161650235,1,15,1,0
79,7,1,50.70849689756531,1,15,1,0
79,8,1,50.36856753887339,1,15,1,0
79,9,1,52.97694534227029,1,15,1,0
80,0,0,44.82386105020402,2,15,1,0
80,1,0,46.54711738042656,2,15,1,0
80,2,0,44.904038633468254,2,15,1,0
80,3,0,45.0940967570565,2,15,1,0
80,4,0,47.22076590111134,2,15,1,0
80,5,0,43.54980753786664,2,15,1,0
80,6,0,45.89329433025899,2,15,1,0
80,7,0,47.60521095312102,2,15,1,0
80,8,0,46.78233945913973,2,15,1,0
80,9,0,48.22674281877924,2,15,1,0
81,0,0,46.08846630654283,2,10,1,1
81,1,0,47.46837738579759,2,10,1,1
81,2,0,47.79488765848582,2,10,1,1
81,3,0,46.30065055196609,2,10,1,1
81,4,0,47.60486742561865,2,10,1,1
81,5,1,50.285230279993655,2,10,1,1
81,6,1,50.748571154893774,2,10,1,1
81,7,1,53.08017375606176,2,10,1,1
81,8,1,52.04540410140468,2,10,1,1
81,9,1,53.47584388285421,2,10,1,1
82,0,0,46.6827811201356,3,13,1,1
82,1,0,45.7008542899054,3,13,1,1
82,2,0,45.74712126451677,3,13,1,1
82,3,0,45.11916602970932,3,13,1,1
82,4,0,44.35416111688436,3,13,1,1
82,5,0,45.41852984042762,3,13,1,1
82,6,0,45.95463702216964,3,13,1,1
82,7,0,47.3028886925385,3,13,1,1
82,8,0,45.38430845355844,3,13,1,1
82,9,0,48.09982519830898,3,13,1,1
83,0,0,43.22387611082082,1,16,0,1
83,1,0,45.57798569021843,1,16,0,1
83,2,0,43.59204858142456,1,16,0,1
83,3,0,43.24476366709468,1,16,0,1
83,4,1,48.20674064678544,1,16,0,1
83,5,1,45.18254566948512,1,16,0,1
83,6,1,47.80191501803103,1,16,0,1
83,7,1,47.08542570576655,1,16,0,1
83,8,1,49.52144382207575,1,16,0,1
83,9,1,49.68419213036543,1,16,0,1
84,0,0,45.41549431060231,3,9,1,0
84,1,0,44.76786615577146,3,9,1,0
84,2,1,48.6628356683754,3,9,1,0
84,3,1,50.16302004301005,3,9,1,0
84,4,1,49.93536605870412,3,9,1,0
84,5,1,48.42752765678881,3,9,1,0
84,6,1,51.3615162182646,3,9,1,0
84,7,1,51.26640040226918,3,9,1,0
84,8,1,50.1203557093252,3,9,1,0
84,9,1,52.2032278598866,3,9,1,0
85,0,0,44.72122715021087,0,15,0,0
85,1,0,45.23815066000061,0,15,0,0
85,2,0,43.49148930653091,0,15,0,0
85,3,0,45.19841145145554,0,15,0,0
85,4,0,43.07452512998941,0,15,0,0
85,5,0,43.708355515185,0,15,0,0
85,6,0,46.35466285085703,0,15,0,0
85,7,0,47.451597993993786,0,15,0,0
85,8,0,46.74370353880943,0,15,0,0
85,9,0,45.01704690331301,0,15,0,0
86,0,0,46.231653281067885,1,13,0,1
86,1,0,45.84030268222829,1,13,0,1
86,2,0,46.27250281994992,1,13,0,1
86,3,0,48.0767637948944,1,13,0,1
86,4,0,45.80557091053649,1,13,0,1
86,5,0,47.669971872765686,1,13,0,1
86,6,1,49.70141711894632,1,13,0,1
86,7,1,52.85786111137276,1,13,0,1
86,8,1,50.522503263156366,1,13,0,1
86,9,1,50.53843080186237,1,13,0,1
87,0,0,45.60251158813408,1,8,1,0
87,1,0,44.70933764682658,1,8,1,0
87,2,1,50.8964247876405,1,8,1,0
87,3,1,49.52145131291667,1,8,1,0
87,4,1,47.6674994467015,1,8,1,0
87,5,1,48.41208197700362,1,8,1,0
87,6,1,50.53294297837898,1,8,1,0
87,7,1,50.53318668245443,1,8,1,0
87,8,1,50.0318775343312,1,8,1,0
87,9,1,50.95509725287308,1,8,1,0
88,0,0,43.21898418260835,1,14,0,0
88,1,0,44.87805960806109,1,14,0,0
88,2,0,43.354414983257534,1,14,0,0
88,3,0,44.55828821106317,1,14,0,0
88,4,0,44.87073767395945,1,14,0,0
88,5,0,42.87837917133525,1,14,0,0
88,6,0,44.19102375746122,1,14,0,0
88,7,0,44.45561355345653,1,14,0,0
88,8,0,44.659748742220096,1,14,0,0
88,9,0,45.24879250309222,1,14,0,0
89,0,0,46.19539701249255,2,12,1,1
89,1,0,46.3016925827737,2,12,1,1
89,2,0,46.0008581895784,2,12,1,1
89,3,0,44.917670396055215,2,12,1,1
89,4,0,46.06656147380407,2,12,1,1
89,5,0,45.14991091802427,2,12,1,1
89,6,0,46.08999779932468,2,12,1,1
89,7,0,46.47050974549791,2,12,1,1
89,8,0,46.45629033899564,2,12,1,1
89,9,0,46.4995203261646,2,12,1,1
90,0,0,47.45799264024622,1,10,0,1
90,1,0,46.13748039379091,1,10,0,1
90,2,0,45.74039874561469,1,10,0,1
90,3,0,48.36816373834125,1,10,0,1
90,4,0,46.68861652382456,1,10,0,1
90,5,0,46.34539188103373,1,10,0,1
90,6,0,48.88850816605309,1,10,0,1
90,7,0,47.40593268255068,1,10,0,1
90,8,1,52.99963130920708,1,10,0,1
90,9,1,52.05305538794066,1,10,0,1
91,0,0,47.79512338626992,1,11,0,0
91,1,0,42.88086657846895,1,11,0,0
91,2,0,44.603997817862144,1,11,0,0
91,3,0,46.11225306746028,1,11,0,0
91,4,0,44.569092564491015,1,11,0,0
91,5,0,45.33258040941965,1,11,0,0
91,6,0,46.04645254505501,1,11,0,0
91,7,0,47.00405507359091,1,11,0,0
91,8,0,43.41351034761838,1,11,0,0
91,9,0,46.44848600263878,1,11,0,0
92,0,0,44.986448893871625,2,12,1,1
92,1,0,46.27426796924239,2,12,1,1
92,2,0,49.06828532008332,2,12,1,1
92,3,0,49.54683400172546,2,12,1,1
92,4,0,47.043902262005886,2,12,1,1
92,5,0,47.01562339569673,2,12,1,1
92,6,0,48.50022166867792,2,12,1,1
92,7,0,44.93206479005048,2,12,1,1
92,8,1,49.23428930689763,2,12,1,1
92,9,1,52.848027399457486,2,12,1,1
93,0,0,44.19548633486456,1,9,0,0
93,1,0,46.13984365336646,1,9,0,0
93,2,0,44.44848747852674,1,9,0,0
93,3,0,45.31726535642903,1,9,0,0
93,4,0,45.38305578904637,1,9,0,0
93,5,0,45.41808485160617,1,9,0,0
93,6,0,44.158161925897495,1,9,0,0
93,7,0,46.77686474260366,1,9,0,0
93,8,0,45.01004247094389,1,9,0,0
93,9,0,47.0164014929063,1,9,0,0
94,0,0,48.17802199117203,1,12,0,1
94,1,0,45.7995679756837,1,12,0,1
94,2,0,47.141391730952,1,12,0,1
94,3,0,47.40263739788193,1,12,0,1
94,4,0,44.943979436339774,1,12,0,1
94,5,0,45.71766834259385,1,12,0,1
94,6,0,48.74635057995072,1,12,0,1
94,7,0,47.68376606854034,1,12,0,1
94,8,0,47.47708579400619,1,12,0,1
94,9,0,48.99153693060382,1,12,0,1
95,0,0,47.71693394158085,1,12,1,0
95,1,0,47.06403598094682,1,12,1,0
95,2,0,46.26666828124967,1,12,1,0
95,3,0,46.68099411768494,1,12,1,0
95,4,0,46.97800296586809,1,12,1,0
95,5,0,46.83727909225823,1,12,1,0
95,6,0,49.610855902507,1,12,1,0
95,7,0,48.10947695920631,1,12,1,0
95,8,0,48.23949282414995,1,12,1,0
95,9,0,51.07051661485701,1,12,1,0
96,0,0,46.089095081531575,1,12,1,1
96,1,1,49.60258872599821,1,12,1,1
96,2,1,48.383564186686414,1,12,1,1
96,3,1,49.82746310891901,1,12,1,1
96,4,1,49.5675854307244,1,12,1,1
96,5,1,48.67907952476273,1,12,1,1
96,6,1,49.13553215761234,1,12,1,1
96,7,1,51.161747008720745,1,12,1,1
96,8,1,49.432837815332256,1,12,1,1
96,9,1,51.78577877733729,1,12,1,1
97,0,0,46.27973985451088,1,9,1,1
97,1,0,45.14182459826185,1,9,1,1
97,2,0,44.185734936000046,1,9,1,1
97,3,0,46.77578003772287,1,9,1,1
97,4,0,45.257468727125,1,9,1,1
97,5,0,46.25039080476936,1,9,1,1
97,6,0,46.945383852536445,1,9,1,1
97,7,0,48.259798758289776,1,9,1,1
97,8,1,49.66848752719535,1,9,1,1
97,9,1,51.86721382880055,1,9,1,1
98,0,0,46.29189589640659,2,10,0,1
98,1,0,47.63674919540859,2,10,0,1
98,2,0,46.226111597385895,2,10,0,1
98,3,1,48.179369641155766,2,10,0,1
98,4,1,49.76702502670084,2,10,0,1
98,5,1,49.4394949325224,2,10,0,1
98,6,1,51.6276262334966,2,10,0,1
98,7,1,51.19940684155274,2,10,0,1
98,8,1,48.40091027527549,2,10,0,1
98,9,1,50.93778572243042,2,10,0,1
99,0,0,43.625977538707495,3,11,1,0
99,1,0,43.06326560551528,3,11,1,0
99,2,0,44.81727155435783,3,11,1,0
99,3,0,45.39486659985899,3,11,1,0
99,4,0,44.572278832242574,3,11,1,0
99,5,0,43.5059739126846,3,11,1,0
99,6,0,44.676554603276166,3,11,1,0
99,7,1,48.769903249587806,3,11,1,0
99,8,1,48.57287226097445,3,11,1,0
99,9,1,50.84183846613824,3,11,1,0
100,0,0,46.25310782912043,1,15,0,1
100,1,0,45.587770021451725,1,15,0,1
100,2,0,45.74377628090196,1,15,0,1
100,3,0,46.28820780186781,1,15,0,1
100,4,0,44.859243952307054,1,15,0,1
100,5,0,46.50895725017031,1,15,0,1
100,6,0,46.60636739959424,1,15,0,1
100,7,1,51.25479460508082,1,15,0,1
100,8,1,48.81477659136072,1,15,0,1
100,9,1,50.164198858723736,1,15,0,1
