individual_id,post_intervention,financial_aid,employment_status,household_income,age,gender,marital_status
0,0,1,44.045526141560174,6,5,1,0
1,0,1,44.76427813729616,3,5,0,0
2,0,0,44.345345077938944,2,6,1,0
3,0,0,44.96623249454914,3,6,1,1
4,0,1,43.85732424596379,4,6,1,1
5,0,0,44.55442342296792,5,6,0,1
6,0,0,43.68840158833666,1,6,1,0
7,0,1,42.37897239993313,7,6,0,1
8,0,1,43.7278174384587,1,7,1,0
9,0,0,44.53356055413759,2,4,1,0
10,0,0,44.40426508154881,4,5,0,1
11,0,0,45.85570099686365,6,5,1,0
12,0,1,45.01771454775108,1,6,0,0
13,0,1,44.9184133525533,3,7,0,0
14,0,0,45.32952674952606,4,5,0,0
15,0,0,44.6985219526581,3,6,1,0
16,0,0,44.20968238647556,4,7,0,1
17,0,0,43.466609394141614,0,6,1,1
18,0,1,42.89974746939776,4,4,0,1
19,0,0,45.6682951329993,4,4,0,0
20,0,0,43.82170158266575,4,5,1,0
21,0,0,44.15735576327675,2,7,0,0
22,0,0,44.60912137177421,4,5,0,0
23,0,1,44.17928666532384,4,5,1,0
24,0,0,43.00234049146555,4,5,0,0
25,0,0,43.63727714379479,2,6,1,0
26,0,0,44.76760022113721,3,6,0,1
27,0,1,44.0378678841221,5,6,0,0
28,0,0,45.26501338927184,3,5,0,1
29,0,0,45.36243128858843,1,5,0,0
30,0,1,42.41260681920839,4,5,0,0
31,0,1,43.68630796385336,4,5,1,1
32,0,0,43.856045527863095,4,6,0,1
33,0,0,46.94144151448859,5,6,1,0
34,0,0,45.111033139206384,3,7,0,1
35,0,1,46.814422374323776,1,4,1,0
36,0,0,43.69381138196617,3,6,1,1
37,0,0,44.09507274710251,3,7,0,1
38,0,0,44.631813909997526,3,5,1,1
39,0,0,45.69615356998796,4,6,1,0
40,0,0,44.26626158971392,4,4,0,1
41,0,1,44.50706919700956,6,6,1,1
42,0,0,45.78568009339744,2,4,1,0
43,0,1,43.91851693046189,1,7,1,1
44,0,0,44.83057034505039,4,6,1,0
45,0,0,47.16103921857556,6,5,0,0
46,0,0,43.08113592017622,0,5,1,1
47,0,0,45.38947950147164,3,7,0,0
48,0,0,44.97008000924911,2,5,1,0
49,0,0,45.451484507442366,2,5,0,0
50,0,1,44.62023980491051,3,6,0,0
51,0,0,44.58283283042536,2,6,1,1
52,0,0,44.55264744013737,4,5,1,1
53,0,0,44.73328764431832,3,3,1,1
54,0,0,44.72610558215453,4,7,0,1
55,0,1,42.16523590726286,5,7,1,1
56,0,1,45.16316992584052,3,5,1,0
57,0,0,44.19484208592496,2,7,1,1
58,0,0,46.15603980472524,2,4,1,0
59,0,0,44.35178182702682,2,5,0,1
60,0,0,44.92588503098432,3,7,0,1
61,0,1,42.79436468056439,5,6,0,1
62,0,0,46.32325572039854,2,3,1,0
63,0,0,45.48800308354323,2,5,1,0
64,0,0,44.33659937764074,5,5,1,0
65,0,0,44.5050967925819,4,6,1,1
66,0,0,46.09677021193127,6,6,0,0
67,0,0,43.81165520418217,6,4,0,0
68,0,0,45.12511742064963,2,6,0,0
69,0,0,44.25669535292077,4,6,1,1
70,0,0,43.93412506779585,3,6,0,0
71,0,0,45.77673605670532,5,4,0,1
72,0,1,44.77278899413281,4,4,1,0
73,0,0,43.73699827876085,5,6,0,1
74,0,0,45.413395059725424,2,6,1,0
75,0,1,43.51436355683916,0,5,1,0
76,0,1,43.41364790142293,3,6,1,1
77,0,1,44.75302681534787,3,5,0,0
78,0,0,44.47506737455206,3,6,0,0
79,0,0,44.69624863937484,3,5,1,1
80,0,0,45.79382626213399,4,4,1,0
81,0,1,44.00740019618736,7,6,1,0
82,0,0,45.09007740863712,3,6,0,1
83,0,0,44.78897225304209,5,5,0,0
84,0,0,44.60872603651802,3,6,1,0
85,0,1,44.221057279670426,4,4,0,1
86,0,0,45.84574700224095,3,6,1,0
87,0,0,44.56442376591054,2,7,1,1
88,0,0,45.05093347857862,2,5,1,0
89,0,0,43.31070930786835,3,6,0,0
90,0,1,45.30919199794976,1,6,0,0
91,0,0,44.44594543013246,5,6,0,1
92,0,1,43.260393802523645,3,7,0,0
93,0,1,42.089954718407455,3,6,1,1
94,0,0,43.889813703772056,8,7,0,0
95,0,1,44.71666832418573,0,4,0,1
96,0,0,44.42681441883407,3,7,0,1
97,0,0,44.8209798652446,2,5,1,1
98,0,0,44.99732956408906,1,5,1,0
99,0,0,41.960783449216365,4,5,0,1
100,0,1,44.53427377904997,7,7,1,1
101,0,0,44.530786615045365,4,5,0,0
102,0,1,42.943508400637306,7,6,1,0
103,0,0,43.57078441065051,3,6,1,1
104,0,0,44.02895211361156,2,6,1,1
105,0,0,45.95414263870674,4,4,0,0
106,0,0,45.60037568705779,3,5,1,1
107,0,1,44.71237878498448,3,5,1,0
108,0,0,46.010934297844926,5,5,0,1
109,0,0,43.22666104365927,5,5,1,0
110,0,0,45.09971751068632,5,6,1,0
111,0,0,44.81017000088293,6,3,0,1
112,0,1,43.68759451688692,2,6,1,0
113,0,0,45.91948436755973,3,5,0,0
114,0,1,43.50089770606993,3,6,0,1
115,0,0,45.25694571815439,2,6,1,1
116,0,1,45.35156717753004,2,5,0,0
117,0,0,46.00290012891831,3,6,1,0
118,0,0,46.24389373617609,4,6,1,1
119,0,0,44.97882802158044,7,7,0,0
120,0,0,44.72260479310496,3,5,0,0
121,0,0,44.05459775747185,2,6,0,1
122,0,0,45.53113671295873,1,3,0,0
123,0,0,43.44634708176598,4,5,0,0
124,0,1,42.38800270763944,3,7,0,0
125,0,1,44.246081440954406,4,5,0,0
126,0,1,42.90026755885551,4,5,1,0
127,0,1,41.35783849980759,6,5,0,0
128,0,0,47.63205880855772,2,6,0,1
129,0,1,42.72527212944947,5,6,0,1
130,0,0,44.681871017686674,3,5,0,1
131,0,1,43.545555221731824,1,7,0,1
132,0,0,44.18253312293312,2,5,0,1
133,0,0,43.63484751478391,3,5,1,1
134,0,0,44.30411474667347,4,5,1,0
135,0,0,43.942687354887525,2,4,0,0
136,0,1,43.80060402959354,5,6,1,0
137,0,0,44.219291708366775,1,4,1,1
138,0,0,44.5652451295907,3,5,1,1
139,0,0,42.30346132300186,2,6,0,0
140,0,1,42.55717706027609,7,6,0,1
141,0,0,45.31923725773974,3,5,1,0
142,0,1,43.21717273455427,0,6,1,1
143,0,1,42.64059715947299,3,6,1,0
144,0,1,45.11628728466381,2,4,1,0
145,0,0,45.0250525184728,7,6,1,1
146,0,1,42.65577800756444,4,7,0,1
147,0,1,43.25589143907172,4,7,1,0
148,0,0,44.526800244583455,2,7,0,1
149,0,0,45.04910330550686,3,6,1,1
150,0,0,44.78343480334482,4,4,0,0
151,0,0,45.21895220303026,3,5,1,0
152,0,0,43.97169122023261,0,7,0,0
153,0,1,43.87105654190023,4,6,1,1
154,0,0,45.86530216889835,4,7,0,0
155,0,1,43.92399303908737,0,6,0,1
156,0,0,44.80751437949511,3,6,1,0
157,0,0,45.30801048317662,5,6,1,0
158,0,1,44.41771004476255,6,5,0,0
159,0,1,43.14042155377903,4,6,1,1
160,0,1,44.94375260001712,0,5,0,1
161,0,1,43.44356101836626,5,8,0,1
162,0,0,47.36141266181606,0,5,1,0
163,0,0,43.6008670351371,3,4,0,0
164,0,1,45.70148091698381,3,5,0,1
165,0,0,43.8426576771592,5,6,0,1
166,0,1,41.98210922033243,3,6,1,0
167,0,0,45.26246197284386,4,5,1,0
168,0,0,42.657247734595,3,6,0,1
169,0,0,44.782614659611895,4,5,1,0
170,0,1,44.86953410142701,3,5,1,1
171,0,1,45.01030420771838,4,7,0,0
172,0,0,45.37503535093087,2,3,0,0
173,0,1,43.12443435016684,2,6,0,0
174,0,0,45.80054582166648,2,4,1,0
175,0,0,44.83871562323038,2,5,0,0
176,0,0,45.27495295486612,7,5,0,0
177,0,1,44.173398726453065,5,7,1,1
178,0,0,42.42988278205392,3,5,1,1
179,0,0,47.89949900839692,0,7,0,0
180,0,0,44.863547437075,7,5,0,0
181,0,1,45.09822179463373,3,4,1,0
182,0,1,44.66627499011836,4,3,1,0
183,0,0,44.04533424351892,4,6,0,0
184,0,0,44.22550413791781,4,6,1,1
185,0,0,43.76951501881312,3,5,0,0
186,0,1,45.93212410611776,-1,5,1,0
187,0,0,43.19255157152578,3,7,0,1
188,0,0,45.6961408951332,5,6,1,1
189,0,0,44.69300756994915,3,5,0,1
190,0,1,42.661213763463785,3,5,1,0
191,0,0,46.19820325777374,3,4,1,0
192,0,0,44.108099302076354,6,5,1,0
193,0,0,44.67400224285209,5,5,1,1
194,0,1,44.57795654571933,2,4,1,0
195,0,0,44.28112451477948,4,7,0,1
196,0,1,45.24097106233443,2,5,1,0
197,0,1,42.97635396290069,4,5,1,1
198,0,0,43.57776002287925,4,7,1,1
199,0,1,42.91935787905881,3,8,0,1
200,0,0,45.25329933800056,4,5,1,0
201,0,0,43.77387150695525,3,5,1,1
202,0,1,45.01233397058097,4,5,0,1
203,0,1,44.54047152369634,5,6,1,0
204,0,0,44.254065861112174,2,6,0,0
205,0,0,45.40280268750772,4,5,1,0
206,0,0,42.06340780209352,4,8,1,1
207,0,1,42.85608630723467,5,5,1,1
208,0,0,43.072797991953806,4,7,0,0
209,0,1,45.572202173054734,6,6,0,0
210,0,0,45.45747783032428,1,6,0,1
211,0,1,43.49388499236253,2,6,1,0
212,0,0,46.28978268435196,2,7,1,0
213,0,0,44.897631888179546,6,5,0,1
214,0,0,43.93632277641899,6,6,1,0
215,0,0,43.88004257061732,7,5,0,1
216,0,1,43.48453795381284,5,4,0,1
217,0,0,43.80891536745757,4,6,0,0
218,0,0,43.74289676227367,3,5,1,1
219,0,1,43.581078526970565,7,8,0,0
220,0,1,42.67569733363523,2,6,1,0
221,0,0,44.00023103115402,3,6,1,1
222,0,0,44.2115032065209,2,4,0,0
223,0,0,46.048570224625706,7,6,0,0
224,0,1,43.4942841428649,2,5,0,1
225,0,1,44.67729910768095,5,6,0,0
226,0,1,44.478485647646885,4,6,1,1
227,0,0,44.62591762037567,4,6,1,1
228,0,1,44.19227588507078,3,6,1,1
229,0,1,45.4644604097433,0,6,0,1
230,0,0,45.56463276521017,3,6,1,0
231,0,0,45.6132846956665,1,6,0,1
232,0,0,44.37468268432514,4,4,1,1
233,0,1,43.142316945351865,2,5,0,1
234,0,0,42.94206161979461,4,4,0,1
235,0,0,44.42221148069299,4,5,1,0
236,0,1,44.31918380749905,0,4,1,0
237,0,1,43.3816293576874,4,5,1,1
238,0,1,43.63797074059912,3,5,1,1
239,0,1,42.94873597290459,4,6,0,1
240,0,1,42.80471811042284,5,3,0,0
241,0,1,43.397069270900886,7,7,1,1
242,0,0,44.54556300656882,2,5,0,0
243,0,1,43.59163409344065,4,5,0,0
244,0,0,44.1956282166873,3,5,1,1
245,0,1,44.42722062365752,4,5,1,1
246,0,0,45.727940123161865,4,6,0,1
247,0,1,43.31194237772064,4,6,0,1
248,0,0,46.16020590191312,1,4,0,0
249,0,0,44.23924959636682,4,5,1,0
250,0,0,45.49764204941437,1,4,1,0
251,0,0,44.52222424418838,4,5,0,1
252,0,1,45.02165696920365,7,5,1,0
253,0,0,44.87949350957531,2,5,1,1
254,0,0,44.82488600598599,4,6,0,0
255,0,1,43.36942177486025,4,6,1,0
256,0,0,43.90445210683782,5,4,0,1
257,0,1,45.01834988034947,3,6,0,0
258,0,1,44.75847944368413,2,6,0,0
259,0,0,45.01082066219431,3,5,1,0
260,0,0,43.35984264099627,4,6,0,0
261,0,1,42.42854308347261,5,6,0,1
262,0,0,42.8698525242091,7,6,0,1
263,0,0,44.85775970086231,2,7,1,1
264,0,0,45.630433643838735,6,5,1,0
265,0,1,45.04557627529057,1,7,1,1
266,0,0,44.59055862203034,5,4,0,1
267,0,0,45.35649598882043,4,6,0,0
268,0,1,42.17854463335412,2,5,0,1
269,0,1,44.41006800775988,4,4,0,1
270,0,0,44.655463669534015,5,5,0,1
271,0,0,43.350821687068816,7,6,0,0
272,0,0,44.19889190466317,1,6,1,1
273,0,0,45.64586802311392,0,8,1,0
274,0,0,46.15109096038145,3,5,1,0
275,0,0,46.050476620346,0,5,0,0
276,0,1,44.87516029658489,2,6,0,0
277,0,0,44.93752155932163,3,6,1,0
278,0,1,42.03495861092611,0,4,0,0
279,0,0,45.887622528997134,3,5,1,0
280,0,0,42.76663741175737,4,5,0,1
281,0,0,42.87798823151889,4,7,0,0
282,0,1,43.8773704258164,5,4,0,1
283,0,0,43.71445871448472,4,4,1,1
284,0,0,44.30816326541808,3,5,1,1
285,0,0,44.92411253315294,6,5,1,1
286,0,0,45.08071761351151,6,5,1,1
287,0,0,44.48871994365658,6,5,1,0
288,0,1,44.31735795582945,4,6,0,1
289,0,0,45.09247161889503,4,7,0,1
290,0,0,45.22283640222194,4,4,0,0
291,0,1,42.43017319444442,3,7,0,1
292,0,0,45.07662427048706,1,4,0,1
293,0,0,43.17420489669078,3,5,0,0
294,0,0,44.50520511185954,4,6,1,0
295,0,0,46.08140130339946,5,5,1,0
296,0,0,45.63454160362314,5,4,0,1
297,0,0,46.52928645698895,2,7,1,0
298,0,1,44.8832359526782,2,6,0,0
299,0,0,46.42443089166255,3,7,0,0
300,0,0,44.83147679636751,4,5,0,1
301,0,0,44.70664877843526,4,5,1,1
302,0,0,43.9856266259785,3,5,0,0
303,0,1,44.400506957489135,4,6,1,1
304,0,1,44.52520927705616,4,4,0,1
305,0,0,45.59471568845375,4,6,1,1
306,0,0,44.56570616708441,3,6,0,1
307,0,1,44.75836495838256,3,5,1,1
308,0,0,46.39460018735414,3,7,0,1
309,0,0,44.57232566012787,2,6,1,0
310,0,0,44.38457555680749,4,6,1,0
311,0,0,45.60016136378111,5,5,1,1
312,0,1,45.32772019441238,3,5,1,0
313,0,0,44.88639827255074,3,6,1,0
314,0,0,44.56513616108702,6,5,1,1
315,0,0,46.1791944083186,4,5,1,1
316,0,0,44.17033725701563,0,6,1,1
317,0,0,45.03304950661081,3,5,0,0
318,0,0,45.79470551404745,3,4,0,0
319,0,0,43.72387331430858,7,6,1,0
320,0,0,44.22080759147337,3,6,1,1
321,0,1,44.17552485116431,4,7,1,1
322,0,0,43.77856874968342,3,5,1,0
323,0,0,45.73540783742904,4,6,0,0
324,0,1,44.48479909621619,1,5,1,0
325,0,0,42.84122644319243,6,6,1,1
326,0,0,43.34122056038383,4,3,1,1
327,0,0,44.812723402844576,4,7,0,0
328,0,1,44.21746985151388,8,5,0,1
329,0,0,45.360889679148045,3,6,0,0
330,0,1,43.68781319210341,6,6,0,1
331,0,0,44.53495064638466,3,5,1,1
332,0,0,45.48424537416064,4,5,0,0
333,0,0,45.39648523969806,4,6,1,0
334,0,0,44.96563897094046,4,5,0,0
335,0,1,43.69835793412735,4,5,0,0
336,0,1,44.24796781621584,0,6,0,1
337,0,0,45.13663116518564,3,6,0,1
338,0,0,45.42840661229676,7,6,0,0
339,0,1,44.551259751184574,2,6,1,0
340,0,0,44.86829848201893,3,4,0,1
341,0,0,44.28620887186112,4,6,0,1
342,0,1,43.36324586846302,4,4,0,1
343,0,1,45.094591409825405,2,7,0,0
344,0,0,44.592038344714695,5,5,1,0
345,0,0,43.78049051600769,3,6,0,1
346,0,0,44.99071788081805,5,4,0,1
347,0,1,43.76917196064585,4,5,0,1
348,0,0,45.22359169606366,2,5,0,0
349,0,1,43.80964495007509,4,6,1,0
350,0,1,42.50328629661702,4,4,1,0
351,0,1,44.62232243726493,4,6,0,1
352,0,1,43.02369956258,4,5,0,1
353,0,1,43.98315154147524,4,6,1,0
354,0,1,42.929072993507575,1,5,0,1
355,0,0,45.02794790755802,3,6,0,1
356,0,1,43.22530535945748,5,5,0,0
357,0,1,44.36340277463051,1,6,0,1
358,0,0,44.79540174903241,3,6,0,0
359,0,0,45.68915014779405,3,5,1,1
360,0,0,44.406889924773054,5,6,0,0
361,0,1,43.26695320694449,1,4,0,1
362,0,0,45.55862044257027,5,6,1,1
363,0,0,45.72617524091488,3,6,0,1
364,0,0,45.30287363360726,6,4,1,1
365,0,0,44.607700077811096,2,6,1,0
366,0,0,44.76813512881064,4,6,0,0
367,0,0,45.60545222133881,4,7,0,1
368,0,0,43.04677863319257,1,8,0,1
369,0,1,43.71680325951695,4,6,0,1
370,0,0,44.882446017990986,3,5,1,1
371,0,1,44.427983364131,0,5,1,0
372,0,1,43.09245345161634,6,6,1,1
373,0,0,43.3737153036503,5,7,0,1
374,0,0,45.88599890722117,-1,5,1,0
375,0,0,43.96528629890271,3,4,1,1
376,0,0,44.809117886698246,1,4,1,0
377,0,0,44.345940165177616,3,4,1,0
378,0,0,44.81061420172637,5,5,0,1
379,0,0,43.918436307798686,3,6,1,1
380,0,1,42.60717945339169,5,6,1,1
381,0,1,42.69734997499044,4,5,1,1
382,0,1,44.83114118672143,6,7,0,0
383,0,1,45.50884377658781,5,8,1,0
384,0,0,44.738015963469245,2,6,0,0
385,0,0,45.150200410902336,4,4,1,1
386,0,1,42.804424576388776,4,4,0,1
387,0,0,43.82520829776275,3,4,1,1
388,0,0,45.55928582177228,4,8,1,0
389,0,0,43.25331201363441,6,7,0,0
390,0,0,45.11072794768584,5,5,0,0
391,0,1,45.07667897922556,5,6,1,1
392,0,1,43.24579036257148,5,6,1,0
393,0,0,43.89465648058438,3,5,1,0
394,0,1,43.78538984956555,3,7,0,0
395,0,0,44.47007812006086,3,6,0,1
396,0,1,44.7441618395508,3,5,1,0
397,0,0,45.68238963102409,5,5,1,0
398,0,1,44.13715306800829,1,5,0,0
399,0,0,43.49992035617939,5,6,0,1
400,0,0,43.82481824289789,7,6,1,1
401,0,0,44.3914419894179,4,5,1,0
402,0,1,42.77915451009876,2,6,0,0
403,0,0,43.47162674940053,5,6,0,1
404,0,0,45.22633426885644,3,5,1,0
405,0,1,44.62121409038983,5,4,0,1
406,0,0,44.21742233978845,5,4,0,1
407,0,0,45.47635730435682,3,4,0,1
408,0,1,43.18195243617772,2,6,0,0
409,0,1,43.525361575728304,9,7,1,0
410,0,0,45.264028048638345,4,6,0,1
411,0,1,44.36589553883948,4,5,0,1
412,0,1,43.322362060760426,0,5,1,0
413,0,1,43.66145453992237,5,6,1,0
414,0,1,44.28707992753317,0,6,1,1
415,0,0,46.22832394916676,1,4,1,1
416,0,0,44.71282805880085,3,6,1,0
417,0,0,45.52189760294457,2,7,0,0
418,0,0,44.58316645586321,2,4,0,0
419,0,0,46.18059830668911,1,6,1,1
420,0,1,44.52318109852371,4,7,1,0
421,0,0,45.29196238867996,4,4,0,0
422,0,0,44.539892851727366,5,5,0,0
423,0,0,45.71252474509991,5,6,1,0
424,0,0,45.77884239523896,3,5,0,0
425,0,0,44.98540308732469,3,5,0,1
426,0,0,44.28523218363239,6,6,1,1
427,0,1,44.76676658485595,5,4,0,0
428,0,0,44.45017858299707,3,7,1,1
429,0,0,44.68254508519306,1,6,0,0
430,0,0,44.55735094076147,2,5,1,0
431,0,0,45.01124768666161,5,6,1,0
432,0,1,44.22191502864902,5,9,0,0
433,0,0,43.36502277100788,3,6,0,0
434,0,0,43.507952504660736,1,5,0,0
435,0,1,45.09236008163621,5,5,0,0
436,0,0,43.21865602801687,3,5,0,1
437,0,1,44.3824113672465,4,5,1,0
438,0,0,45.48102677365337,2,6,0,1
439,0,0,44.691884684057264,3,6,0,1
440,0,1,42.30935923165472,3,5,0,1
441,0,0,44.13809619628407,3,4,1,0
442,0,1,44.50075678066956,4,4,1,1
443,0,0,44.70083885970113,2,5,1,1
444,0,0,46.202432162972414,1,5,0,1
445,0,0,44.00303102060557,7,5,0,0
446,0,0,44.44871781768765,1,4,0,1
447,0,1,42.92390360406444,4,6,0,0
448,0,0,44.73677479182153,4,4,0,1
449,0,1,43.76909530758185,2,7,0,0
450,0,1,43.833678373577655,3,6,0,1
451,0,0,42.68136471683911,4,6,0,1
452,0,1,45.97058593226023,4,5,0,0
453,0,0,44.83554582793913,6,4,0,1
454,0,0,43.45419665125844,4,5,1,1
455,0,0,45.708281364123685,6,7,0,0
456,0,0,45.02391226803852,4,5,1,0
457,0,1,41.76026806993714,6,5,0,0
458,0,0,45.751049298099154,1,7,0,0
459,0,1,44.708772858833846,1,7,1,0
460,0,0,44.778574898804,7,6,0,1
461,0,1,43.190931916376925,3,5,0,0
462,0,1,43.99125637786607,3,5,1,1
463,0,0,45.79353893811349,2,6,1,1
464,0,1,42.71741374637746,4,4,0,1
465,0,0,44.365019690752206,6,4,0,0
466,0,0,43.94338431037473,4,6,0,1
467,0,0,45.87004099925305,3,6,0,1
468,0,0,42.32222724732684,4,5,1,1
469,0,0,44.64895117617588,1,6,0,1
470,0,0,44.930277876606,2,7,0,1
471,0,1,44.91258470973826,3,6,1,0
472,0,0,45.04294986108719,5,6,1,1
473,0,1,42.82141261834056,2,6,0,1
474,0,1,44.04213338341223,3,5,1,0
475,0,1,45.18302839426757,4,5,1,1
476,0,0,45.34630353695702,4,6,0,0
477,0,0,43.75142122642828,-1,7,0,1
478,0,0,45.61285524418707,2,5,0,0
479,0,1,44.08330957434614,3,6,0,1
480,0,0,43.39132654128704,6,7,1,1
481,0,1,42.15611091263837,5,5,1,1
482,0,0,45.24793446163032,3,5,0,1
483,0,0,45.0764958135698,7,2,1,1
484,0,1,44.98116120493633,8,5,1,1
485,0,0,41.924434879375774,3,6,0,0
486,0,0,43.76985172481408,6,7,1,0
487,0,0,45.17009143495706,2,6,1,0
488,0,0,44.826900266775,5,6,1,0
489,0,0,45.285155175880405,3,5,1,1
490,0,0,45.11988427952075,7,8,0,0
491,0,0,43.91365590682862,4,7,1,1
492,0,0,42.39220600680687,5,5,1,0
493,0,1,43.04299168016691,4,7,1,1
494,0,0,44.82754653545766,2,6,0,1
495,0,1,43.05106924858879,1,5,0,1
496,0,1,42.67876273396512,3,6,1,1
497,0,1,42.840864483683234,4,8,0,1
498,0,0,45.85633315065358,2,5,1,1
499,0,0,43.60785654961335,4,5,0,0
500,0,0,45.98446324989544,1,6,0,0
501,0,0,45.090215721699934,1,7,1,0
502,0,0,45.40256364454351,3,7,1,0
503,0,0,44.14553402240594,5,5,0,1
504,0,1,43.43001642308839,3,7,1,0
505,0,0,46.00131624748073,4,5,1,0
506,0,0,46.109473998450696,4,5,1,0
507,0,1,45.897748224856485,0,5,1,0
508,0,1,43.0931127065171,4,5,1,1
509,0,0,44.57456989503357,5,3,1,1
510,0,1,44.47049405712051,2,6,1,0
511,0,1,43.455857628423686,4,3,1,0
512,0,1,44.256266518137984,2,5,0,1
513,0,0,44.71010798636715,5,6,0,1
514,0,0,45.63571464863414,3,7,1,0
515,0,0,45.311749923275,5,6,0,0
516,0,0,45.16433469101777,4,6,1,0
517,0,0,43.2883109122208,2,6,0,1
518,0,0,44.735883153290665,4,6,1,0
519,0,0,43.51865042239742,3,5,1,0
520,0,1,42.64537820735554,6,6,0,1
521,0,0,41.687241474312096,8,5,1,0
522,0,1,43.41930477475473,2,6,1,0
523,0,0,43.38176595914955,4,5,0,0
524,0,0,44.88025505526176,1,5,0,0
525,0,0,44.29113747909101,2,6,1,1
526,0,0,45.08591531815044,3,7,0,1
527,0,0,43.92595950601082,5,6,1,1
528,0,0,44.125411820124974,3,6,0,0
529,0,0,45.71190729987469,4,5,1,1
530,0,0,46.29151976071048,3,4,0,0
531,0,0,45.26771786237121,3,5,1,1
532,0,0,44.43321166198354,7,4,0,1
533,0,0,44.83678498977904,2,7,1,0
534,0,0,46.16787433319437,2,5,0,1
535,0,1,44.9332250188697,3,6,0,0
536,0,0,45.17060573168029,0,4,0,1
537,0,0,43.04918633163359,4,7,1,0
538,0,1,42.7948466813575,2,6,0,1
539,0,0,45.25966473482216,6,5,0,0
540,0,1,43.43607245002749,3,7,1,0
541,0,1,43.17232794973705,2,6,0,1
542,0,0,44.816571575147606,5,6,0,0
543,0,0,45.02680664110397,4,6,0,1
544,0,0,44.83157297187472,4,4,1,1
545,0,0,43.73241496440708,2,7,0,1
546,0,1,44.23583482983847,1,5,0,1
547,0,0,45.63941401373877,1,5,1,0
548,0,1,43.6823362877763,4,5,1,0
549,0,0,45.23008445305949,6,5,0,0
550,0,0,43.98100128510568,2,6,0,0
551,0,0,44.30416868188728,2,4,1,1
552,0,0,45.967558569056266,6,5,1,0
553,0,0,46.39925533323993,3,6,1,1
554,0,0,42.455626066328186,6,7,0,1
555,0,0,44.20025391255164,6,6,0,1
556,0,0,44.69055779338009,3,6,1,0
557,0,0,44.24983150520613,1,5,0,1
558,0,0,43.82469712661257,4,5,1,1
559,0,0,43.483554702212274,3,5,0,1
560,0,0,44.201598521604666,1,7,1,1
561,0,0,43.676478467653965,6,8,0,0
562,0,0,44.9944292593776,1,5,0,1
563,0,0,43.86970033979116,5,5,1,1
564,0,0,42.86478799038322,5,4,1,0
565,0,1,43.51460202225567,3,6,0,1
566,0,0,46.40378224081479,2,6,1,1
567,0,0,43.02790600646357,5,6,1,1
568,0,1,42.17514329443757,4,7,1,1
569,0,0,44.75218247979032,2,7,1,1
570,0,0,44.5727518023422,6,5,1,0
571,0,0,44.28315764461904,5,4,1,0
572,0,0,44.13241616637047,4,6,1,0
573,0,0,43.88742187147342,4,4,0,1
574,0,1,44.651459396515165,3,5,0,1
575,0,0,44.44990813761944,1,6,0,0
576,0,1,43.07684392665707,4,6,1,1
577,0,0,44.28054368803878,2,6,1,0
578,0,0,45.59260667134139,1,7,1,0
579,0,1,47.15563695339506,2,4,0,0
580,0,1,46.01158589034043,6,6,0,0
581,0,0,43.73199793172061,4,5,1,0
582,0,0,45.651359707937125,3,5,0,1
583,0,0,43.64122865039126,1,6,0,1
584,0,0,44.29694786816526,5,7,0,1
585,0,0,44.269518818839536,5,6,0,0
586,0,0,43.09293784094029,5,6,0,0
587,0,0,41.36326188609358,5,8,0,1
588,0,1,41.9965811259498,3,6,0,1
589,0,0,44.136374983197165,3,5,0,1
590,0,1,43.89082206113712,3,5,1,1
591,0,0,43.30393148529804,3,9,1,0
592,0,0,45.71817303724805,1,5,0,1
593,0,0,44.67136933251391,2,5,1,1
594,0,1,44.8988306229371,2,5,0,1
595,0,0,42.97880834499464,2,7,1,1
596,0,1,44.30447532767639,6,5,1,0
597,0,0,44.78348512428517,4,6,0,0
598,0,1,44.12318165640975,1,4,0,0
599,0,1,43.98296700802395,5,5,0,0
600,0,0,46.4123283242503,3,5,0,1
601,0,0,43.719048265204265,5,7,0,1
602,0,0,45.78636583161107,5,7,1,1
603,0,0,43.816871798046975,7,4,0,0
604,0,0,44.44643533260263,5,4,0,0
605,0,0,45.01991878814432,5,6,1,1
606,0,1,41.671431671310415,5,5,1,1
607,0,0,42.445251396549736,4,5,1,1
608,0,1,43.84641274821207,2,6,0,0
609,0,0,44.85669335564137,5,6,0,1
610,0,1,45.01279903822656,4,4,0,0
611,0,1,44.022962729960085,3,6,1,1
612,0,0,44.39245671903964,0,5,1,1
613,0,1,43.48762310837136,3,6,0,1
614,0,1,43.24827395979559,3,6,1,1
615,0,0,43.85800806519798,2,6,1,0
616,0,0,43.99023962626131,3,6,1,1
617,0,0,44.37979791183103,5,6,0,1
618,0,0,42.851968129151885,3,4,0,1
619,0,0,44.27178573054622,3,4,1,0
620,0,0,46.13299852507164,1,7,0,1
621,0,0,43.87414497478756,4,5,1,1
622,0,1,44.42039480483746,4,4,0,0
623,0,1,44.0232172008267,4,7,1,0
624,0,1,44.78743287728215,6,4,1,0
625,0,0,44.38792886746722,4,4,1,1
626,0,1,43.06572516110312,3,6,0,1
627,0,0,44.35519433018823,4,7,1,1
628,0,1,44.67237231769555,6,5,0,1
629,0,1,43.38683482590391,3,7,0,1
630,0,1,45.13235350435631,0,6,0,0
631,0,1,43.589822580907565,5,6,0,0
632,0,1,43.8669844151896,6,5,1,0
633,0,0,45.38564747974368,1,6,0,1
634,0,0,44.90652801059705,2,6,0,0
635,0,0,44.129200050033255,5,5,1,0
636,0,0,44.97487136475342,3,6,1,1
637,0,1,43.302323190004735,5,4,1,1
638,0,1,44.60616806443825,4,5,1,1
639,0,1,44.20661393643784,1,6,0,0
640,0,1,43.58768730597032,4,5,1,0
641,0,0,43.504509270487695,3,5,0,1
642,0,0,44.51469785156763,3,5,1,1
643,0,0,43.73752890232252,4,5,1,1
644,0,0,42.41666749588975,6,5,1,1
645,0,1,42.5259960886977,2,5,1,0
646,0,0,46.005188684042366,3,6,0,0
647,0,0,44.62058084592727,6,5,1,0
648,0,0,44.379160372234,2,5,1,1
649,0,0,43.57511384849237,6,6,0,0
650,0,0,44.35018053077839,2,7,0,0
651,0,1,46.424209912441,5,7,0,0
652,0,0,43.20443826936587,5,5,0,1
653,0,1,41.43949287081458,3,5,0,1
654,0,0,47.181566295149885,4,4,0,0
655,0,1,45.03634228351485,4,8,1,0
656,0,1,42.86546565770302,5,5,0,1
657,0,0,41.955775686922486,3,5,0,0
658,0,0,45.484056905930935,5,6,0,1
659,0,0,44.83980879812151,3,7,0,0
660,0,0,43.28155170540363,4,6,1,0
661,0,0,44.576092632236346,1,5,0,0
662,0,1,43.56666690067991,1,7,1,1
663,0,1,44.07988201155309,6,7,0,1
664,0,1,43.54933517854547,2,4,1,1
665,0,0,44.06839173694203,0,5,1,1
666,0,0,45.357433986242704,3,7,0,1
667,0,0,45.951998046691614,3,6,1,1
668,0,1,43.82817950659243,1,7,0,1
669,0,0,44.8297189190016,4,6,0,0
670,0,0,45.4709550505844,4,4,0,0
671,0,0,43.8587099954567,4,5,0,0
672,0,0,44.55464325517431,4,5,1,1
673,0,0,43.93994672812663,8,7,0,0
674,0,0,44.0915084627689,4,5,0,1
675,0,1,42.91891615599167,5,4,1,0
676,0,1,42.43476725170465,6,6,0,1
677,0,1,45.12884263988583,2,4,1,0
678,0,1,45.16568672260753,4,6,0,1
679,0,1,43.33700277378087,2,5,0,0
680,0,0,44.48111204798793,4,7,1,0
681,0,0,44.87323718267943,4,5,1,0
682,0,0,42.914828682204885,3,7,1,1
683,0,0,46.36112853049623,3,6,1,0
684,0,0,44.606452549211525,3,5,1,0
685,0,0,44.57175990146348,0,4,0,1
686,0,1,44.18369275042813,3,6,1,1
687,0,1,42.34618431243662,3,5,1,1
688,0,0,44.16157179701784,1,6,0,0
689,0,1,43.61525837695292,4,5,0,0
690,0,0,43.50209357281606,9,7,0,1
691,0,1,43.014238799541054,6,5,0,0
692,0,1,43.72726857751618,3,8,0,1
693,0,1,46.241544409384666,0,4,1,0
694,0,0,46.36101482547151,3,8,0,0
695,0,0,43.71446270950758,4,6,1,1
696,0,1,43.21668874661599,4,6,0,1
697,0,0,45.96277425441144,5,5,1,0
698,0,1,44.52933278558844,0,5,1,1
699,0,0,44.12482170047755,4,6,0,1
700,0,1,42.61459771625383,3,5,1,1
701,0,0,43.778447946711744,0,4,0,0
702,0,0,43.592523872088286,5,7,1,1
703,0,1,42.49595790725338,6,6,0,0
704,0,0,46.15002077254052,3,4,0,1
705,0,0,44.342889975563146,5,5,1,0
706,0,1,44.49750397292021,4,6,0,1
707,0,0,46.99418452381244,4,5,1,0
708,0,0,44.22412709842071,2,6,0,1
709,0,0,45.11225963930617,4,6,1,1
710,0,1,44.22228046899086,5,7,1,1
711,0,0,47.32169076501352,5,5,0,0
712,0,0,45.320422707917146,2,5,1,1
713,0,0,45.705883982416594,4,6,0,1
714,0,0,45.70816949092937,1,4,0,0
715,0,1,43.26164087737988,5,6,0,0
716,0,1,45.011638630618926,4,5,0,0
717,0,0,43.28272902423411,2,6,0,1
718,0,0,44.22275383000118,4,5,1,0
719,0,1,44.77041223240882,4,5,1,1
720,0,0,44.02208266203864,3,7,1,1
721,0,1,43.45054056480526,1,4,1,1
722,0,1,44.64123091088271,2,5,0,1
723,0,0,44.71378273618387,2,7,0,0
724,0,0,45.51391368692162,3,6,1,1
725,0,0,43.8969002700554,4,5,0,1
726,0,1,44.28235933945909,5,5,1,0
727,0,1,44.392493751425896,7,7,1,1
728,0,0,46.70133079823237,4,6,1,1
729,0,1,43.111968298994405,4,4,1,1
730,0,1,42.357864411199095,5,6,0,1
731,0,0,45.43415158715212,4,5,1,0
732,0,0,44.82709455262995,4,5,1,0
733,0,0,45.35393537673248,6,4,1,0
734,0,0,44.483640853452464,2,7,1,1
735,0,1,43.79636478119947,3,4,1,1
736,0,0,46.455991255328925,4,5,0,0
737,0,0,46.20358880353408,1,5,1,1
738,0,1,45.844810619569394,3,5,1,0
739,0,1,45.39386511287148,3,4,0,0
740,0,0,44.8363998039289,3,6,1,0
741,0,1,42.80063576139842,4,7,1,1
742,0,0,45.42896162734393,2,5,1,0
743,0,0,45.05525925704925,4,6,0,1
744,0,0,44.104071287075065,6,6,1,0
745,0,1,43.73148794276612,4,7,0,1
746,0,1,42.81243921625264,4,4,0,1
747,0,0,43.48701186011536,9,6,1,0
748,0,0,46.30214843906385,1,4,1,0
749,0,1,43.0305531682838,4,7,1,0
750,0,0,44.31673160892835,4,5,1,1
751,0,0,44.0393283349348,2,6,1,1
752,0,1,44.86695221836848,2,5,0,1
753,0,1,42.65173375033111,1,5,1,1
754,0,1,43.89125980044029,3,7,0,1
755,0,1,45.8904688606751,1,5,0,1
756,0,0,43.53400761621666,5,8,0,0
757,0,0,44.82752387492782,0,6,0,1
758,0,1,45.12010223377586,3,6,1,0
759,0,1,46.06253601323109,2,6,0,0
760,0,0,44.7476142399165,1,4,1,1
761,0,0,43.66721501632477,5,4,1,0
762,0,0,43.7943119949626,1,5,0,0
763,0,1,44.62934692526863,0,6,1,0
764,0,0,44.73218764134516,4,7,1,0
765,0,0,44.9584159820479,2,6,1,1
766,0,1,45.10005090534336,1,6,1,0
767,0,1,43.0126972579964,2,7,1,1
768,0,0,45.767167724389616,5,5,1,1
769,0,0,44.69070902045483,5,7,1,0
770,0,0,46.26757110363594,1,5,0,0
771,0,0,46.2852006056464,2,6,1,0
772,0,1,44.577058070727006,4,6,1,1
773,0,1,43.998015173538846,7,5,1,0
774,0,0,44.81626973241372,4,5,0,1
775,0,0,43.48336885924615,5,6,1,1
776,0,1,43.69929287585375,4,6,1,1
777,0,0,45.73567643651579,3,4,1,1
778,0,0,45.477470633549146,0,5,1,1
779,0,1,44.24105344658554,3,5,1,1
780,0,1,43.55344679636311,5,6,1,0
781,0,0,42.54038570978029,3,7,0,1
782,0,0,43.7792868252,5,8,1,0
783,0,1,44.70786607173389,4,6,1,1
784,0,0,45.20951919182851,4,6,1,1
785,0,0,43.2548341095071,5,5,0,1
786,0,0,44.07184388334841,6,8,1,0
787,0,0,45.44533360124965,5,6,0,1
788,0,0,43.70699196879373,5,8,1,1
789,0,1,42.88952757552559,4,6,1,0
790,0,0,45.78437943885314,1,4,1,1
791,0,1,43.46065456583621,1,4,1,0
792,0,1,43.630517205294126,5,7,0,1
793,0,1,42.797851165915766,4,5,0,0
794,0,0,45.0410251390489,6,5,1,1
795,0,0,43.792035638321046,2,4,1,1
796,0,0,44.94800672834174,6,7,0,1
797,0,0,45.44647127317041,5,6,1,0
798,0,1,43.08849410648233,6,6,1,0
799,0,1,40.88633109222008,3,6,1,1
800,0,1,44.162228570074674,7,6,0,1
801,0,0,44.52678098053899,4,6,1,1
802,0,1,44.15589249929455,0,4,0,0
803,0,1,43.91086140583529,6,5,0,0
804,0,0,43.65726745115953,3,4,0,1
805,0,1,45.00264036142509,4,4,0,0
806,0,0,43.24615939011219,4,5,1,1
807,0,0,45.32855275868621,2,6,1,1
808,0,0,45.63891348606733,6,4,1,1
809,0,0,45.032441028514704,3,6,1,0
810,0,1,41.68490547984536,1,7,1,0
811,0,0,45.34551427834557,3,7,1,1
812,0,0,45.53617875090228,6,6,1,1
813,0,0,44.566200961204856,4,6,1,1
814,0,1,45.58634542209257,4,5,1,1
815,0,0,43.99504636786497,3,7,1,0
816,0,0,44.65246954413104,6,7,1,0
817,0,1,43.5402626455476,2,4,0,1
818,0,0,45.1714342197775,5,6,1,1
819,0,0,45.92229824382802,2,7,1,0
820,0,0,43.58283541148855,4,6,1,0
821,0,1,43.43032825109619,2,8,1,1
822,0,1,43.51733377973339,3,5,0,1
823,0,0,43.87722078582934,0,4,1,0
824,0,1,42.37597426162071,5,6,0,0
825,0,0,44.686521370761646,6,4,1,1
826,0,0,45.11219456646943,4,5,0,1
827,0,1,43.946595562795615,4,5,1,1
828,0,0,44.96981502666066,1,6,0,1
829,0,0,45.35712428237962,4,4,0,1
830,0,1,45.12752138688062,2,4,1,0
831,0,0,43.93017032416866,3,7,1,0
832,0,1,43.49722499054169,3,5,1,0
833,0,0,42.95407589904203,6,5,1,1
834,0,0,45.72447623997574,3,6,1,0
835,0,0,43.39982364830435,4,5,1,1
836,0,1,45.28728855589809,6,6,1,0
837,0,0,45.66096407749385,0,4,0,1
838,0,0,46.07269244259359,6,4,0,0
839,0,1,45.20490126386134,4,4,0,0
840,0,0,44.18100339888932,5,7,1,0
841,0,0,45.84781587617861,0,6,0,0
842,0,0,44.90821403364082,1,4,1,0
843,0,0,45.79634924196232,3,5,1,0
844,0,1,42.76796537778584,4,6,0,1
845,0,1,43.75068404049436,3,4,1,0
846,0,0,43.86687311720389,4,6,1,1
847,0,0,43.9014883973761,4,5,0,1
848,0,0,45.03274957276887,6,6,1,0
849,0,0,43.44042479522518,4,7,1,1
850,0,1,43.95633976327595,2,7,1,1
851,0,0,43.71434428034667,3,5,1,1
852,0,0,44.95566739993275,2,5,0,0
853,0,0,46.18316222663548,3,5,1,1
854,0,0,44.608327519024215,2,5,1,0
855,0,1,43.93778950752807,3,6,0,0
856,0,1,43.29671953614604,3,6,0,1
857,0,0,44.28572041234669,5,5,1,0
858,0,0,43.938464142094666,6,4,0,0
859,0,1,44.802297890927896,3,5,0,0
860,0,0,44.03595840761145,3,5,0,1
861,0,1,45.8383519481901,4,6,1,0
862,0,1,44.84553004559307,1,3,1,1
863,0,0,45.90754550301222,3,4,0,1
864,0,0,43.23328327248431,2,6,0,1
865,0,1,43.406664539580106,3,5,1,1
866,0,0,44.979263527423264,5,7,1,0
867,0,1,42.09801308164781,8,5,0,0
868,0,0,43.98298969667688,4,7,1,1
869,0,1,43.85227417235275,3,6,0,1
870,0,0,43.46906970918303,6,4,1,1
871,0,0,44.4639958423762,2,7,1,0
872,0,1,42.60099326036458,5,4,1,1
873,0,0,45.531744020634775,2,5,0,0
874,0,0,44.45818213433092,5,5,0,0
875,0,0,43.44210970000516,7,5,0,0
876,0,1,43.49151918270681,5,7,1,1
877,0,0,45.046002446845264,2,6,0,1
878,0,1,44.23759588588132,6,7,1,0
879,0,0,42.08291809439997,1,6,0,0
880,0,0,45.87127753738231,3,7,1,1
881,0,0,43.62029976860971,2,4,0,1
882,0,0,43.87813094841176,3,5,0,1
883,0,1,44.49905010501716,2,5,0,0
884,0,0,42.415252746383146,9,6,1,1
885,0,0,44.62744612310939,5,5,0,0
886,0,0,43.213333061537575,5,7,0,1
887,0,0,44.376928165721424,3,7,0,1
888,0,0,44.75753022711593,0,5,1,0
889,0,1,43.21766597765244,2,6,1,1
890,0,0,45.12602524130064,0,7,0,0
891,0,1,44.08598705558084,3,5,0,1
892,0,1,44.142925157163816,2,6,1,1
893,0,1,43.37253229972973,3,5,1,0
894,0,1,42.51981040001986,3,7,0,1
895,0,0,41.78993499301153,5,6,1,1
896,0,1,44.04855438487508,5,5,0,1
897,0,1,43.35649935794937,3,5,0,0
898,0,1,43.52523160685227,3,8,1,1
899,0,0,43.92994470271908,5,4,1,1
900,0,1,44.29147744701595,4,5,1,1
901,0,1,44.32514171382675,4,6,0,0
902,0,0,45.50637949899248,2,6,0,1
903,0,0,45.4934367617438,5,6,0,1
904,0,1,41.53173349939033,5,6,1,1
905,0,0,44.8374388589643,2,4,0,1
906,0,1,43.69697663672847,3,6,1,0
907,0,0,46.05324594777291,-1,6,0,1
908,0,0,44.780981637650186,4,6,0,1
909,0,0,44.58094953636177,1,6,0,1
910,0,0,44.28235667173297,2,6,1,1
911,0,1,43.98405429569924,4,5,1,1
912,0,0,43.89299571083263,3,5,1,0
913,0,0,45.19593158977955,4,5,0,0
914,0,1,43.4821985521561,6,5,1,0
915,0,0,44.9948212082782,2,4,1,1
916,0,0,45.072975273395045,1,5,0,1
917,0,0,44.2906705816518,5,6,1,1
918,0,0,45.64822348488895,4,4,1,0
919,0,1,44.429313969764685,4,6,1,1
920,0,0,43.79324504767746,4,6,0,1
921,0,0,44.00616188003187,4,6,0,0
922,0,0,44.494260218167405,1,7,1,0
923,0,1,43.51479055557063,4,6,1,0
924,0,0,44.93668128061493,2,5,1,0
925,0,1,45.77434020084248,5,3,0,0
926,0,0,43.23074146488388,5,5,1,1
927,0,1,43.2070972465953,3,6,0,0
928,0,0,45.259370321798,5,5,0,0
929,0,0,43.10061474126408,2,5,1,1
930,0,1,41.95765861109599,4,5,1,1
931,0,0,45.07167041153843,7,5,0,0
932,0,1,44.47517455637451,6,5,0,1
933,0,1,45.08091796601019,5,7,0,1
934,0,1,42.778324679572286,3,4,0,1
935,0,0,44.78284229100361,0,7,0,1
936,0,0,42.39817921020634,5,5,1,0
937,0,1,44.3694090524911,7,5,0,1
938,0,1,44.59826185240129,4,4,1,1
939,0,0,42.768792650756346,6,8,0,0
940,0,0,42.797102436873146,3,5,0,1
941,0,1,43.67968159476779,4,6,0,0
942,0,0,44.25739208304109,5,6,0,1
943,0,0,44.18061738707876,4,4,0,1
944,0,0,44.44977209355659,5,6,1,1
945,0,1,43.81763725941089,5,6,1,1
946,0,1,44.5441828560149,4,5,0,0
947,0,0,43.6408554214387,1,8,0,1
948,0,1,43.24321369889167,3,6,1,1
949,0,0,44.45644654529469,3,5,0,0
950,0,1,43.39818239370493,2,6,0,0
951,0,0,44.107886693243,3,6,1,1
952,0,0,44.74405655138271,6,5,1,0
953,0,0,41.959038994816645,6,6,1,0
954,0,0,44.973814307362446,3,4,0,0
955,0,0,44.67073975256375,2,5,1,0
956,0,0,44.535404193857474,3,5,0,0
957,0,0,42.67186490498605,5,5,1,0
958,0,1,44.61019351926917,5,3,1,0
959,0,0,43.48162445508442,4,6,1,1
960,0,1,45.84834665865227,2,6,0,0
961,0,1,44.64954118876393,6,6,0,1
962,0,0,45.30166040715492,2,5,1,0
963,0,1,43.37134930697841,5,3,1,1
964,0,0,44.62954543920225,4,6,0,1
965,0,0,44.80158450503838,2,6,0,0
966,0,0,46.2472912928839,3,5,0,0
967,0,0,44.80529689450078,3,6,0,0
968,0,0,44.73069591223491,3,5,0,1
969,0,1,43.47793566327953,5,5,1,1
970,0,0,43.92668388626467,6,6,1,1
971,0,1,44.09533747247996,3,5,1,1
972,0,1,43.73427294578588,3,4,1,0
973,0,1,42.19943151512069,4,7,0,1
974,0,1,45.29725840240559,5,5,0,0
975,0,0,43.29338791407733,6,7,0,1
976,0,0,45.30327128683189,4,7,0,0
977,0,0,45.44961759341006,0,5,1,0
978,0,0,44.83477248236993,0,5,0,1
979,0,0,44.65644897788752,3,5,0,0
980,0,1,44.32229434152688,5,6,1,0
981,0,1,42.68322524158447,4,5,1,0
982,0,0,46.12905422465884,4,5,0,0
983,0,0,44.30452097608412,6,7,0,0
984,0,1,43.68556377119221,3,5,0,1
985,0,0,44.66913741218662,6,7,0,0
986,0,1,45.95099022306482,1,5,0,1
987,0,1,45.28753777164311,1,6,1,0
988,0,0,45.27464901969644,2,6,1,0
989,0,0,44.10425539031192,4,5,0,0
990,0,0,43.10999351865176,3,7,1,0
991,0,1,43.11997001142925,6,5,0,0
992,0,0,44.52105845607855,6,5,1,0
993,0,0,45.73451804709307,2,5,1,1
994,0,0,45.1370518931148,3,4,1,1
995,0,1,43.97185514740245,4,5,0,1
996,0,1,45.24398151927267,3,6,1,0
997,0,0,47.3188176593164,6,5,1,1
998,0,0,44.96604540222269,5,6,1,1
999,0,0,43.80480485799633,1,5,0,1
0,1,1,45.97413521796799,6,5,1,0
1,1,1,46.31210771071023,3,5,0,0
2,1,0,44.698178501411824,2,6,1,0
3,1,0,44.23759459098642,3,6,1,1
4,1,1,42.52398523865188,4,6,1,1
5,1,0,43.90752666420913,5,6,0,1
6,1,0,43.85008738088506,1,6,1,0
7,1,1,44.61613806720812,7,6,0,1
8,1,1,45.79429010264148,1,7,1,0
9,1,0,45.19520801662287,2,4,1,0
10,1,0,43.41519048561672,4,5,0,1
11,1,0,44.8499729911054,6,5,1,0
12,1,1,46.97224237992894,1,6,0,0
13,1,1,43.6838114325009,3,7,0,0
14,1,0,44.44130193134336,4,5,0,0
15,1,0,43.49724640691774,3,6,1,0
16,1,0,44.24458160954696,4,7,0,1
17,1,0,45.88328767742106,0,6,1,1
18,1,1,45.30535808862372,4,4,0,1
19,1,0,44.45770111651951,4,4,0,0
20,1,0,42.995067010083154,4,5,1,0
21,1,0,43.68589638692269,2,7,0,0
22,1,0,44.32668901570635,4,5,0,0
23,1,1,44.09042775824665,4,5,1,0
24,1,0,45.04348341636637,4,5,0,0
25,1,0,44.99639513865911,2,6,1,0
26,1,0,43.45032687849528,3,6,0,1
27,1,1,45.72997386967442,5,6,0,0
28,1,0,45.49766507989232,3,5,0,1
29,1,0,44.90701202137888,1,5,0,0
30,1,1,45.619989636035335,4,5,0,0
31,1,1,44.85954649183346,4,5,1,1
32,1,0,43.81746260997294,4,6,0,1
33,1,0,44.27066182169506,5,6,1,0
34,1,0,44.26878939820346,3,7,0,1
35,1,1,46.57461678408068,1,4,1,0
36,1,0,43.70102764384614,3,6,1,1
37,1,0,44.16581644872348,3,7,0,1
38,1,0,44.189186106623225,3,5,1,1
39,1,0,44.39236023236285,4,6,1,0
40,1,0,43.66763304851335,4,4,0,1
41,1,1,44.73778017845025,6,6,1,1
42,1,0,44.815481618652,2,4,1,0
43,1,1,44.086800227484176,1,7,1,1
44,1,0,44.18692965779928,4,6,1,0
45,1,0,43.51372767534696,6,5,0,0
46,1,0,46.555159046552575,0,5,1,1
47,1,0,43.42013387260676,3,7,0,0
48,1,0,44.66558309037368,2,5,1,0
49,1,0,43.73244570280232,2,5,0,0
50,1,1,46.04250774796908,3,6,0,0
51,1,0,43.8341507789091,2,6,1,1
52,1,0,44.091889084914015,4,5,1,1
53,1,0,43.97488872942079,3,3,1,1
54,1,0,44.07563009802024,4,7,0,1
55,1,1,45.01774520898358,5,7,1,1
56,1,1,44.30010154442543,3,5,1,0
57,1,0,44.64847909204755,2,7,1,1
58,1,0,43.91361980602164,2,4,1,0
59,1,0,43.79102510293312,2,5,0,1
60,1,0,43.8567951096296,3,7,0,1
61,1,1,46.5593437066964,5,6,0,1
62,1,0,45.07986716377034,2,3,1,0
63,1,0,43.40879271034782,2,5,1,0
64,1,0,44.94232428303814,5,5,1,0
65,1,0,43.91374575897771,4,6,1,1
66,1,0,44.336174956422255,6,6,0,0
67,1,0,45.08023523408459,6,4,0,0
68,1,0,43.369320488910894,2,6,0,0
69,1,0,44.65596013309173,4,6,1,1
70,1,0,44.80844528180445,3,6,0,0
71,1,0,44.27370924723908,5,4,0,1
72,1,1,45.208880930573,4,4,1,0
73,1,0,44.33684398755829,5,6,0,1
74,1,0,44.02363460490726,2,6,1,0
75,1,1,47.141108253791565,0,5,1,0
76,1,1,46.09608778917307,3,6,1,1
77,1,1,44.77239901005074,3,5,0,0
78,1,0,44.22534269880223,3,6,0,0
79,1,0,45.43179949053348,3,5,1,1
80,1,0,43.94777027444888,4,4,1,0
81,1,1,46.22617598264191,7,6,1,0
82,1,0,43.64594820545352,3,6,0,1
83,1,0,43.61668437047676,5,5,0,0
84,1,0,42.328968992082736,3,6,1,0
85,1,1,46.015323860083306,4,4,0,1
86,1,0,43.882882267187874,3,6,1,0
87,1,0,44.51731562241137,2,7,1,1
88,1,0,43.5105308225504,2,5,1,0
89,1,0,43.23491106178783,3,6,0,0
90,1,1,43.12696488755522,1,6,0,0
91,1,0,43.56322419705662,5,6,0,1
92,1,1,46.00568247749504,3,7,0,0
93,1,1,44.81549374659134,3,6,1,1
94,1,0,43.36213682960148,8,7,0,0
95,1,1,45.54526445363356,0,4,0,1
96,1,0,45.93415459180548,3,7,0,1
97,1,0,43.22603233071885,2,5,1,1
98,1,0,46.25755728439356,1,5,1,0
99,1,0,43.94905146741124,4,5,0,1
100,1,1,44.57617051139572,7,7,1,1
101,1,0,44.08326455482256,4,5,0,0
102,1,1,45.21905893731522,7,6,1,0
103,1,0,43.44031332153588,3,6,1,1
104,1,0,46.88009828620477,2,6,1,1
105,1,0,44.529294184052624,4,4,0,0
106,1,0,43.50769365045584,3,5,1,1
107,1,1,47.2894714942815,3,5,1,0
108,1,0,44.602862343683405,5,5,0,1
109,1,0,43.56626902896272,5,5,1,0
110,1,0,44.07158423881091,5,6,1,0
111,1,0,43.21709821516549,6,3,0,1
112,1,1,44.77465677750652,2,6,1,0
113,1,0,44.130752330764885,3,5,0,0
114,1,1,43.86652541601005,3,6,0,1
115,1,0,44.600627069656,2,6,1,1
116,1,1,44.45925829951394,2,5,0,0
117,1,0,43.10591864767565,3,6,1,0
118,1,0,44.11454025331568,4,6,1,1
119,1,0,41.90627647339667,7,7,0,0
120,1,0,44.35227589999428,3,5,0,0
121,1,0,44.7972320505252,2,6,0,1
122,1,0,44.04074969138981,1,3,0,0
123,1,0,44.52581365151861,4,5,0,0
124,1,1,45.42818015971509,3,7,0,0
125,1,1,45.63422131039991,4,5,0,0
126,1,1,46.57225813447048,4,5,1,0
127,1,1,43.072488678816434,6,5,0,0
128,1,0,44.68992632350913,2,6,0,1
129,1,1,45.72837585837777,5,6,0,1
130,1,0,42.77138014150692,3,5,0,1
131,1,1,44.47588376062986,1,7,0,1
132,1,0,42.35106861744221,2,5,0,1
133,1,0,44.69211811701029,3,5,1,1
134,1,0,43.056100604458194,4,5,1,0
135,1,0,46.89369740420803,2,4,0,0
136,1,1,43.338929117003545,5,6,1,0
137,1,0,45.63387239801253,1,4,1,1
138,1,0,45.02617968814974,3,5,1,1
139,1,0,44.418967029996686,2,6,0,0
140,1,1,44.30000471697461,7,6,0,1
141,1,0,45.74184378453154,3,5,1,0
142,1,1,45.80549284249675,0,6,1,1
143,1,1,44.4984268780534,3,6,1,0
144,1,1,43.878968041004185,2,4,1,0
145,1,0,43.6420992846827,7,6,1,1
146,1,1,46.28304567472125,4,7,0,1
147,1,1,45.86650288129041,4,7,1,0
148,1,0,44.21127200891882,2,7,0,1
149,1,0,42.44519367150013,3,6,1,1
150,1,0,45.95603203386129,4,4,0,0
151,1,0,45.06821825098341,3,5,1,0
152,1,0,45.63161747893415,0,7,0,0
153,1,1,43.92651059181057,4,6,1,1
154,1,0,46.13760985607486,4,7,0,0
155,1,1,45.19196627886372,0,6,0,1
156,1,0,44.05734594202839,3,6,1,0
157,1,0,43.81167837892229,5,6,1,0
158,1,1,45.92520140873763,6,5,0,0
159,1,1,44.673031347108655,4,6,1,1
160,1,1,46.01460216636352,0,5,0,1
161,1,1,42.21440717415452,5,8,0,1
162,1,0,45.566034748915,0,5,1,0
163,1,0,45.95188229434631,3,4,0,0
164,1,1,46.008209038952,3,5,0,1
165,1,0,45.0990855564853,5,6,0,1
166,1,1,44.33992627680228,3,6,1,0
167,1,0,44.9363674037003,4,5,1,0
168,1,0,44.98754984391388,3,6,0,1
169,1,0,42.256382725205206,4,5,1,0
170,1,1,45.838908846643946,3,5,1,1
171,1,1,44.38774385750067,4,7,0,0
172,1,0,45.14323740594276,2,3,0,0
173,1,1,45.4487480341119,2,6,0,0
174,1,0,46.522636122450365,2,4,1,0
175,1,0,43.62667322873576,2,5,0,0
176,1,0,45.60063703178167,7,5,0,0
177,1,1,43.50642795957837,5,7,1,1
178,1,0,45.27211599788342,3,5,1,1
179,1,0,46.16900246066917,0,7,0,0
180,1,0,43.16088797992523,7,5,0,0
181,1,1,46.53559294256313,3,4,1,0
182,1,1,45.59711065810329,4,3,1,0
183,1,0,45.455037766990216,4,6,0,0
184,1,0,43.8496964792207,4,6,1,1
185,1,0,45.71512351484763,3,5,0,0
186,1,1,45.93335834434455,-1,5,1,0
187,1,0,44.73262478835584,3,7,0,1
188,1,0,43.67328242311828,5,6,1,1
189,1,0,44.78608932565023,3,5,0,1
190,1,1,46.88778262137355,3,5,1,0
191,1,0,44.553527034770894,3,4,1,0
192,1,0,45.1283297616682,6,5,1,0
193,1,0,43.25456630875888,5,5,1,1
194,1,1,45.32306096400277,2,4,1,0
195,1,0,44.314971960556846,4,7,0,1
196,1,1,45.70121745624199,2,5,1,0
197,1,1,44.82300175451787,4,5,1,1
198,1,0,43.78605123824536,4,7,1,1
199,1,1,43.27042912645889,3,8,0,1
200,1,0,45.98085523790603,4,5,1,0
201,1,0,42.394006550315765,3,5,1,1
202,1,1,46.41575364455191,4,5,0,1
203,1,1,43.69701970601121,5,6,1,0
204,1,0,45.670453610317125,2,6,0,0
205,1,0,46.04103841594012,4,5,1,0
206,1,0,43.184318767890346,4,8,1,1
207,1,1,44.52056956056139,5,5,1,1
208,1,0,44.14759121508551,4,7,0,0
209,1,1,44.07691710719646,6,6,0,0
210,1,0,43.61068081597372,1,6,0,1
211,1,1,45.13911899955399,2,6,1,0
212,1,0,44.36099276169978,2,7,1,0
213,1,0,43.899181091014135,6,5,0,1
214,1,0,43.69164466022375,6,6,1,0
215,1,0,43.31540682196884,7,5,0,1
216,1,1,45.52649992199621,5,4,0,1
217,1,0,45.30153083621576,4,6,0,0
218,1,0,44.29628188699645,3,5,1,1
219,1,1,45.09890716771497,7,8,0,0
220,1,1,44.91309623934836,2,6,1,0
221,1,0,43.4920985045509,3,6,1,1
222,1,0,45.29735978172376,2,4,0,0
223,1,0,44.29153159502588,7,6,0,0
224,1,1,44.05114576117125,2,5,0,1
225,1,1,46.05186744387075,5,6,0,0
226,1,1,45.07123478694206,4,6,1,1
227,1,0,43.63722477887998,4,6,1,1
228,1,1,43.47892978107807,3,6,1,1
229,1,1,43.86843261019173,0,6,0,1
230,1,0,44.90333983303314,3,6,1,0
231,1,0,43.79541885015911,1,6,0,1
232,1,0,44.590637745686095,4,4,1,1
233,1,1,45.282519304733874,2,5,0,1
234,1,0,43.99802867799978,4,4,0,1
235,1,0,43.973632917072095,4,5,1,0
236,1,1,46.45565665037091,0,4,1,0
237,1,1,44.1517479789284,4,5,1,1
238,1,1,45.13894187257423,3,5,1,1
239,1,1,43.35366567538882,4,6,0,1
240,1,1,45.9217957068571,5,3,0,0
241,1,1,43.34151595971832,7,7,1,1
242,1,0,45.65582487604474,2,5,0,0
243,1,1,45.94221253416403,4,5,0,0
244,1,0,43.41962184376978,3,5,1,1
245,1,1,43.04296468554645,4,5,1,1
246,1,0,43.24097528284847,4,6,0,1
247,1,1,44.12055307017103,4,6,0,1
248,1,0,44.896598558891554,1,4,0,0
249,1,0,43.59489648818951,4,5,1,0
250,1,0,44.74521126821752,1,4,1,0
251,1,0,45.11092831505498,4,5,0,1
252,1,1,46.50740025492328,7,5,1,0
253,1,0,43.5256322856531,2,5,1,1
254,1,0,43.60781589110879,4,6,0,0
255,1,1,45.27546530680311,4,6,1,0
256,1,0,43.96014008599902,5,4,0,1
257,1,1,44.71007867918588,3,6,0,0
258,1,1,46.09518163569293,2,6,0,0
259,1,0,44.537967695023845,3,5,1,0
260,1,0,44.18324581153076,4,6,0,0
261,1,1,43.67766953305522,5,6,0,1
262,1,0,45.12351233166387,7,6,0,1
263,1,0,45.04657857076871,2,7,1,1
264,1,0,43.70999424059195,6,5,1,0
265,1,1,45.50267560543014,1,7,1,1
266,1,0,42.07635985209907,5,4,0,1
267,1,0,44.804891867558894,4,6,0,0
268,1,1,45.020535145525415,2,5,0,1
269,1,1,44.779556413243455,4,4,0,1
270,1,0,45.78282759689886,5,5,0,1
271,1,0,41.53195711451586,7,6,0,0
272,1,0,43.7568029165169,1,6,1,1
273,1,0,44.1720583740025,0,8,1,0
274,1,0,44.81764328101312,3,5,1,0
275,1,0,43.93986557790803,0,5,0,0
276,1,1,45.53564067403661,2,6,0,0
277,1,0,45.16807480617361,3,6,1,0
278,1,1,46.65573505127927,0,4,0,0
279,1,0,45.19022999757445,3,5,1,0
280,1,0,42.73488381502116,4,5,0,1
281,1,0,45.61789585696386,4,7,0,0
282,1,1,44.47954414559364,5,4,0,1
283,1,0,45.012396579496176,4,4,1,1
284,1,0,43.89349221367751,3,5,1,1
285,1,0,45.32405168269326,6,5,1,1
286,1,0,43.92915230963651,6,5,1,1
287,1,0,44.1086188282229,6,5,1,0
288,1,1,43.22976125471036,4,6,0,1
289,1,0,43.66162649440052,4,7,0,1
290,1,0,44.82695635409729,4,4,0,0
291,1,1,45.935305068549646,3,7,0,1
292,1,0,44.684528544916326,1,4,0,1
293,1,0,44.11815890046963,3,5,0,0
294,1,0,45.15071764012139,4,6,1,0
295,1,0,44.72248306638297,5,5,1,0
296,1,0,42.96620243998733,5,4,0,1
297,1,0,44.09952172835148,2,7,1,0
298,1,1,46.15970137001466,2,6,0,0
299,1,0,44.83174684453133,3,7,0,0
300,1,0,42.87123266253792,4,5,0,1
301,1,0,44.05120446292718,4,5,1,1
302,1,0,44.357512072068864,3,5,0,0
303,1,1,44.211324876816406,4,6,1,1
304,1,1,44.81476466261433,4,4,0,1
305,1,0,44.0502159935513,4,6,1,1
306,1,0,43.49979559692605,3,6,0,1
307,1,1,47.05349492675433,3,5,1,1
308,1,0,42.85756971771516,3,7,0,1
309,1,0,45.68444774498454,2,6,1,0
310,1,0,45.92925608966058,4,6,1,0
311,1,0,45.41544528854613,5,5,1,1
312,1,1,43.964691930489465,3,5,1,0
313,1,0,43.91164216919571,3,6,1,0
314,1,0,43.884364685275,6,5,1,1
315,1,0,44.56876686687266,4,5,1,1
316,1,0,43.18193517774122,0,6,1,1
317,1,0,45.88002070660818,3,5,0,0
318,1,0,43.88555973754709,3,4,0,0
319,1,0,43.657487175602384,7,6,1,0
320,1,0,43.67826838899804,3,6,1,1
321,1,1,45.32384289234002,4,7,1,1
322,1,0,44.14747946254827,3,5,1,0
323,1,0,45.596012537142855,4,6,0,0
324,1,1,45.44983340169082,1,5,1,0
325,1,0,45.60081472187057,6,6,1,1
326,1,0,45.014010065451146,4,3,1,1
327,1,0,45.26519693932728,4,7,0,0
328,1,1,45.29766319640989,8,5,0,1
329,1,0,45.45015953107895,3,6,0,0
330,1,1,44.25616091764738,6,6,0,1
331,1,0,44.03844298943936,3,5,1,1
332,1,0,44.642527363863145,4,5,0,0
333,1,0,43.374989017865005,4,6,1,0
334,1,0,43.35263530982245,4,5,0,0
335,1,1,45.84126695037581,4,5,0,0
336,1,1,44.50669079703852,0,6,0,1
337,1,0,44.56025512257671,3,6,0,1
338,1,0,44.71665522060154,7,6,0,0
339,1,1,45.704390788444265,2,6,1,0
340,1,0,43.0796770106533,3,4,0,1
341,1,0,45.35966197040374,4,6,0,1
342,1,1,46.68325749702402,4,4,0,1
343,1,1,44.96761408534165,2,7,0,0
344,1,0,44.779837231167605,5,5,1,0
345,1,0,44.65804408911969,3,6,0,1
346,1,0,45.0003852256132,5,4,0,1
347,1,1,44.14068274388136,4,5,0,1
348,1,0,44.04413667588472,2,5,0,0
349,1,1,45.52929445300029,4,6,1,0
350,1,1,46.127903404204126,4,4,1,0
351,1,1,44.39113843257244,4,6,0,1
352,1,1,44.96304458552242,4,5,0,1
353,1,1,46.15112077883487,4,6,1,0
354,1,1,44.83739506186364,1,5,0,1
355,1,0,43.57300086311163,3,6,0,1
356,1,1,45.78090066676736,5,5,0,0
357,1,1,45.01408695904954,1,6,0,1
358,1,0,45.785364055312165,3,6,0,0
359,1,0,44.3231005670579,3,5,1,1
360,1,0,43.3477686904554,5,6,0,0
361,1,1,44.90204189074685,1,4,0,1
362,1,0,43.324505782422406,5,6,1,1
363,1,0,43.77845182853652,3,6,0,1
364,1,0,42.88822089438917,6,4,1,1
365,1,0,45.20977050525421,2,6,1,0
366,1,0,43.38561844226471,4,6,0,0
367,1,0,43.80843790212552,4,7,0,1
368,1,0,42.52808342309331,1,8,0,1
369,1,1,45.15670134968575,4,6,0,1
370,1,0,45.22285137059836,3,5,1,1
371,1,1,44.79286390294896,0,5,1,0
372,1,1,44.212476177890274,6,6,1,1
373,1,0,43.54990796709525,5,7,0,1
374,1,0,46.34960885428381,-1,5,1,0
375,1,0,45.00761078002373,3,4,1,1
376,1,0,45.18738133309742,1,4,1,0
377,1,0,43.5484924262147,3,4,1,0
378,1,0,42.54913159513859,5,5,0,1
379,1,0,45.94434089949988,3,6,1,1
380,1,1,44.83508190212093,5,6,1,1
381,1,1,45.28154693753058,4,5,1,1
382,1,1,43.75713642334561,6,7,0,0
383,1,1,45.70290540767537,5,8,1,0
384,1,0,42.745494530577886,2,6,0,0
385,1,0,43.97524471074217,4,4,1,1
386,1,1,45.22054988970745,4,4,0,1
387,1,0,46.526587713736376,3,4,1,1
388,1,0,43.67048246922413,4,8,1,0
389,1,0,44.6537021229475,6,7,0,0
390,1,0,42.42545394440365,5,5,0,0
391,1,1,44.84286007627933,5,6,1,1
392,1,1,45.84981077372196,5,6,1,0
393,1,0,44.14017267319722,3,5,1,0
394,1,1,42.46517487502142,3,7,0,0
395,1,0,43.07752395659213,3,6,0,1
396,1,1,45.56058114689212,3,5,1,0
397,1,0,42.44269974428192,5,5,1,0
398,1,1,47.6622708162601,1,5,0,0
399,1,0,42.92078876526674,5,6,0,1
400,1,0,43.83149060451119,7,6,1,1
401,1,0,44.478720244349184,4,5,1,0
402,1,1,44.77607658880385,2,6,0,0
403,1,0,44.43699290822275,5,6,0,1
404,1,0,44.367692276635125,3,5,1,0
405,1,1,44.88957579317075,5,4,0,1
406,1,0,46.07426687251549,5,4,0,1
407,1,0,45.03892379996525,3,4,0,1
408,1,1,44.86943925926544,2,6,0,0
409,1,1,44.27128707705903,9,7,1,0
410,1,0,46.84163150769368,4,6,0,1
411,1,1,43.29021648076281,4,5,0,1
412,1,1,45.71457858956097,0,5,1,0
413,1,1,42.881944345777,5,6,1,0
414,1,1,45.389105907994384,0,6,1,1
415,1,0,42.456136955581584,1,4,1,1
416,1,0,44.25347163264813,3,6,1,0
417,1,0,46.18829530214437,2,7,0,0
418,1,0,43.70136001075507,2,4,0,0
419,1,0,46.01177503526961,1,6,1,1
420,1,1,43.084146059957206,4,7,1,0
421,1,0,44.25540296178026,4,4,0,0
422,1,0,43.18791609363446,5,5,0,0
423,1,0,44.930094433494965,5,6,1,0
424,1,0,44.988868180824646,3,5,0,0
425,1,0,44.31778997482969,3,5,0,1
426,1,0,44.08235405442625,6,6,1,1
427,1,1,44.79678383637563,5,4,0,0
428,1,0,42.1232788137815,3,7,1,1
429,1,0,44.290629733567954,1,6,0,0
430,1,0,44.52708126786365,2,5,1,0
431,1,0,44.78487399563211,5,6,1,0
432,1,1,43.01353532298515,5,9,0,0
433,1,0,44.29519425522394,3,6,0,0
434,1,0,44.85892616196303,1,5,0,0
435,1,1,44.52318799657885,5,5,0,0
436,1,0,42.656518858684926,3,5,0,1
437,1,1,46.21122636059443,4,5,1,0
438,1,0,44.23717870129463,2,6,0,1
439,1,0,43.28221072287319,3,6,0,1
440,1,1,44.03186073649564,3,5,0,1
441,1,0,44.52337242964691,3,4,1,0
442,1,1,44.27585684004302,4,4,1,1
443,1,0,44.07866722882202,2,5,1,1
444,1,0,45.44419992469219,1,5,0,1
445,1,0,43.97539989543267,7,5,0,0
446,1,0,46.22606694595298,1,4,0,1
447,1,1,44.49186205176935,4,6,0,0
448,1,0,43.9025761180936,4,4,0,1
449,1,1,46.05484177092162,2,7,0,0
450,1,1,45.75182518717117,3,6,0,1
451,1,0,44.05011872005582,4,6,0,1
452,1,1,45.08965938806584,4,5,0,0
453,1,0,43.90099049714958,6,4,0,1
454,1,0,44.38739458407542,4,5,1,1
455,1,0,44.496961155327725,6,7,0,0
456,1,0,43.41271014439859,4,5,1,0
457,1,1,45.549098999453136,6,5,0,0
458,1,0,46.17269861783715,1,7,0,0
459,1,1,45.45106923415808,1,7,1,0
460,1,0,44.05082589811226,7,6,0,1
461,1,1,46.25585712724165,3,5,0,0
462,1,1,44.02532744679814,3,5,1,1
463,1,0,44.95215799016669,2,6,1,1
464,1,1,44.991817005995024,4,4,0,1
465,1,0,45.00856353435815,6,4,0,0
466,1,0,44.00613246232825,4,6,0,1
467,1,0,43.70114047276056,3,6,0,1
468,1,0,42.07785324175364,4,5,1,1
469,1,0,44.66073905090942,1,6,0,1
470,1,0,44.673071768901536,2,7,0,1
471,1,1,43.776761788870914,3,6,1,0
472,1,0,43.62632605217262,5,6,1,1
473,1,1,45.03206324110754,2,6,0,1
474,1,1,44.6679259597754,3,5,1,0
475,1,1,44.87239661598351,4,5,1,1
476,1,0,43.794254125545,4,6,0,0
477,1,0,45.741194467243126,-1,7,0,1
478,1,0,44.049477971810425,2,5,0,0
479,1,1,46.24459881316595,3,6,0,1
480,1,0,43.73020444624163,6,7,1,1
481,1,1,43.79075729683147,5,5,1,1
482,1,0,45.0421268133931,3,5,0,1
483,1,0,43.956801358755015,7,2,1,1
484,1,1,43.76460676944559,8,5,1,1
485,1,0,45.0912960909651,3,6,0,0
486,1,0,43.36699443975494,6,7,1,0
487,1,0,44.017535269578566,2,6,1,0
488,1,0,41.79648583423776,5,6,1,0
489,1,0,43.86301934248361,3,5,1,1
490,1,0,43.3940287797113,7,8,0,0
491,1,0,45.62532695084303,4,7,1,1
492,1,0,42.92003243192586,5,5,1,0
493,1,1,44.11824430612477,4,7,1,1
494,1,0,45.22170360165877,2,6,0,1
495,1,1,46.16720674657802,1,5,0,1
496,1,1,45.28524913239842,3,6,1,1
497,1,1,42.88160444905067,4,8,0,1
498,1,0,45.075560329875216,2,5,1,1
499,1,0,43.95996630968792,4,5,0,0
500,1,0,46.62166010447447,1,6,0,0
501,1,0,45.69865392606306,1,7,1,0
502,1,0,43.06315583829464,3,7,1,0
503,1,0,43.53057306410668,5,5,0,1
504,1,1,43.43609764675343,3,7,1,0
505,1,0,46.56008379121567,4,5,1,0
506,1,0,44.62920059800578,4,5,1,0
507,1,1,43.96289713405512,0,5,1,0
508,1,1,44.176245101062406,4,5,1,1
509,1,0,42.80663922707736,5,3,1,1
510,1,1,48.19769259308355,2,6,1,0
511,1,1,45.36952807523965,4,3,1,0
512,1,1,43.38764285174799,2,5,0,1
513,1,0,44.481743626979885,5,6,0,1
514,1,0,44.7045506680972,3,7,1,0
515,1,0,43.505395966336,5,6,0,0
516,1,0,45.1922146377376,4,6,1,0
517,1,0,43.68578039841585,2,6,0,1
518,1,0,44.54589080520047,4,6,1,0
519,1,0,44.85705182132575,3,5,1,0
520,1,1,44.96202930379111,6,6,0,1
521,1,0,44.74571327346478,8,5,1,0
522,1,1,45.02356828165717,2,6,1,0
523,1,0,45.06969901402301,4,5,0,0
524,1,0,44.84230142425201,1,5,0,0
525,1,0,43.43622023118844,2,6,1,1
526,1,0,44.412032827812325,3,7,0,1
527,1,0,44.51855536090565,5,6,1,1
528,1,0,46.46940966139291,3,6,0,0
529,1,0,43.983576903876006,4,5,1,1
530,1,0,46.20154851879607,3,4,0,0
531,1,0,44.99432232188892,3,5,1,1
532,1,0,42.41657512330421,7,4,0,1
533,1,0,44.81082437404244,2,7,1,0
534,1,0,44.91332357942642,2,5,0,1
535,1,1,44.8779031278281,3,6,0,0
536,1,0,43.95981958920488,0,4,0,1
537,1,0,43.83779438484791,4,7,1,0
538,1,1,45.2052011959171,2,6,0,1
539,1,0,46.20523361746041,6,5,0,0
540,1,1,44.27337112791634,3,7,1,0
541,1,1,44.42749143360595,2,6,0,1
542,1,0,42.73750135918609,5,6,0,0
543,1,0,43.73748655947677,4,6,0,1
544,1,0,43.49999733342213,4,4,1,1
545,1,0,44.57704676976191,2,7,0,1
546,1,1,45.36411296723605,1,5,0,1
547,1,0,45.0659498882998,1,5,1,0
548,1,1,45.971149439385066,4,5,1,0
549,1,0,43.80261066931815,6,5,0,0
550,1,0,45.06457503039861,2,6,0,0
551,1,0,43.354624961400646,2,4,1,1
552,1,0,44.46451074890016,6,5,1,0
553,1,0,44.13184865665964,3,6,1,1
554,1,0,42.71257836241156,6,7,0,1
555,1,0,45.45489308303763,6,6,0,1
556,1,0,44.60849285979004,3,6,1,0
557,1,0,46.436099405237286,1,5,0,1
558,1,0,42.92529056958584,4,5,1,1
559,1,0,42.58866885444003,3,5,0,1
560,1,0,44.16321416045272,1,7,1,1
561,1,0,43.779778076868006,6,8,0,0
562,1,0,45.25391375139231,1,5,0,1
563,1,0,43.602047211689374,5,5,1,1
564,1,0,43.539271448978376,5,4,1,0
565,1,1,45.37943326471974,3,6,0,1
566,1,0,43.04722686179898,2,6,1,1
567,1,0,42.49032454777554,5,6,1,1
568,1,1,43.818632353499005,4,7,1,1
569,1,0,45.15663979261489,2,7,1,1
570,1,0,42.95036102230442,6,5,1,0
571,1,0,45.00582082116867,5,4,1,0
572,1,0,45.634808888267735,4,6,1,0
573,1,0,44.09391678137176,4,4,0,1
574,1,1,46.90937917143161,3,5,0,1
575,1,0,45.94553955811829,1,6,0,0
576,1,1,43.08583947755227,4,6,1,1
577,1,0,44.8140243286032,2,6,1,0
578,1,0,43.98325215643001,1,7,1,0
579,1,1,46.87236423494576,2,4,0,0
580,1,1,44.817610864632535,6,6,0,0
581,1,0,43.80011593515211,4,5,1,0
582,1,0,43.88713912568909,3,5,0,1
583,1,0,45.6446454652373,1,6,0,1
584,1,0,44.36712269243845,5,7,0,1
585,1,0,43.80597508158,5,6,0,0
586,1,0,44.98680412800519,5,6,0,0
587,1,0,44.48434894482963,5,8,0,1
588,1,1,45.9324846577988,3,6,0,1
589,1,0,45.05738337749976,3,5,0,1
590,1,1,44.5828112564981,3,5,1,1
591,1,0,45.192050911448106,3,9,1,0
592,1,0,45.75806517126099,1,5,0,1
593,1,0,45.23200855242111,2,5,1,1
594,1,1,46.09819712999452,2,5,0,1
595,1,0,43.2025850175976,2,7,1,1
596,1,1,44.52431274448252,6,5,1,0
597,1,0,44.91343197203916,4,6,0,0
598,1,1,46.1494718930827,1,4,0,0
599,1,1,45.000826031469295,5,5,0,0
600,1,0,44.96998076926763,3,5,0,1
601,1,0,44.18112306181462,5,7,0,1
602,1,0,43.86104427361986,5,7,1,1
603,1,0,44.42599124776357,7,4,0,0
604,1,0,44.80872262703474,5,4,0,0
605,1,0,44.74113384458392,5,6,1,1
606,1,1,43.75421956527559,5,5,1,1
607,1,0,45.40994533261273,4,5,1,1
608,1,1,42.31062350066756,2,6,0,0
609,1,0,44.34962479955694,5,6,0,1
610,1,1,44.77977335320003,4,4,0,0
611,1,1,45.58836616885444,3,6,1,1
612,1,0,43.6255426041162,0,5,1,1
613,1,1,45.28299641173116,3,6,0,1
614,1,1,45.70750501729786,3,6,1,1
615,1,0,46.1813424961458,2,6,1,0
616,1,0,43.73585205143886,3,6,1,1
617,1,0,42.94610703825477,5,6,0,1
618,1,0,43.29837640649456,3,4,0,1
619,1,0,44.49569009682798,3,4,1,0
620,1,0,44.321506572530296,1,7,0,1
621,1,0,43.38496930526181,4,5,1,1
622,1,1,44.737197177269735,4,4,0,0
623,1,1,46.2125145503425,4,7,1,0
624,1,1,44.800720740790624,6,4,1,0
625,1,0,45.55284761720521,4,4,1,1
626,1,1,45.67024782582219,3,6,0,1
627,1,0,42.87830956870331,4,7,1,1
628,1,1,45.19184400128262,6,5,0,1
629,1,1,45.91394652660323,3,7,0,1
630,1,1,44.94897166413328,0,6,0,0
631,1,1,43.8984249607856,5,6,0,0
632,1,1,45.992411925428335,6,5,1,0
633,1,0,45.27370713549666,1,6,0,1
634,1,0,46.11069333253274,2,6,0,0
635,1,0,42.34704093120894,5,5,1,0
636,1,0,42.333020078350806,3,6,1,1
637,1,1,44.77004002148161,5,4,1,1
638,1,1,44.35391348977495,4,5,1,1
639,1,1,47.42706503326812,1,6,0,0
640,1,1,46.56613124580214,4,5,1,0
641,1,0,42.98762850076393,3,5,0,1
642,1,0,43.364475640369776,3,5,1,1
643,1,0,44.24743568086041,4,5,1,1
644,1,0,43.740281870624216,6,5,1,1
645,1,1,46.7820713492392,2,5,1,0
646,1,0,43.24560473437016,3,6,0,0
647,1,0,43.79009421010065,6,5,1,0
648,1,0,43.49986976164344,2,5,1,1
649,1,0,44.81756649919564,6,6,0,0
650,1,0,43.1249681506807,2,7,0,0
651,1,1,44.01916455097304,5,7,0,0
652,1,0,43.31902355450645,5,5,0,1
653,1,1,44.775248459763525,3,5,0,1
654,1,0,44.31826032121148,4,4,0,0
655,1,1,43.25138989850937,4,8,1,0
656,1,1,44.43825807823922,5,5,0,1
657,1,0,45.67672773009921,3,5,0,0
658,1,0,42.18734939656108,5,6,0,1
659,1,0,44.73234648516794,3,7,0,0
660,1,0,42.51031790105477,4,6,1,0
661,1,0,44.09429992167485,1,5,0,0
662,1,1,44.211919569788094,1,7,1,1
663,1,1,46.121085682171206,6,7,0,1
664,1,1,43.69307840489094,2,4,1,1
665,1,0,44.49155949319777,0,5,1,1
666,1,0,44.99777938080323,3,7,0,1
667,1,0,43.970724343030575,3,6,1,1
668,1,1,45.56850827098565,1,7,0,1
669,1,0,42.93643218379293,4,6,0,0
670,1,0,45.9880519837075,4,4,0,0
671,1,0,44.62954344497921,4,5,0,0
672,1,0,42.11171076727918,4,5,1,1
673,1,0,44.682271064006514,8,7,0,0
674,1,0,44.04060548655693,4,5,0,1
675,1,1,45.73863424146208,5,4,1,0
676,1,1,46.59916054278976,6,6,0,1
677,1,1,45.54925386259616,2,4,1,0
678,1,1,44.732810277944346,4,6,0,1
679,1,1,45.305000241626495,2,5,0,0
680,1,0,44.47277029524139,4,7,1,0
681,1,0,43.91226896102802,4,5,1,0
682,1,0,44.809506719147365,3,7,1,1
683,1,0,45.23505570672447,3,6,1,0
684,1,0,44.87170196762955,3,5,1,0
685,1,0,43.52807948554769,0,4,0,1
686,1,1,43.19439356496693,3,6,1,1
687,1,1,45.48963950075584,3,5,1,1
688,1,0,45.4080066249501,1,6,0,0
689,1,1,46.0926108133681,4,5,0,0
690,1,0,43.4158429442651,9,7,0,1
691,1,1,44.90107611349496,6,5,0,0
692,1,1,43.16832753521617,3,8,0,1
693,1,1,45.91601502432165,0,4,1,0
694,1,0,43.96223208133791,3,8,0,0
695,1,0,43.93048132007796,4,6,1,1
696,1,1,44.80435425965092,4,6,0,1
697,1,0,44.70381719689831,5,5,1,0
698,1,1,48.0012933874816,0,5,1,1
699,1,0,43.605991165476645,4,6,0,1
700,1,1,43.966340975020856,3,5,1,1
701,1,0,45.07082336306827,0,4,0,0
702,1,0,43.13848890641025,5,7,1,1
703,1,1,45.77614047151384,6,6,0,0
704,1,0,45.3818929210988,3,4,0,1
705,1,0,42.97632763787388,5,5,1,0
706,1,1,42.62901552925235,4,6,0,1
707,1,0,44.75052913157306,4,5,1,0
708,1,0,45.58568668041376,2,6,0,1
709,1,0,44.22499171899749,4,6,1,1
710,1,1,43.99907004174298,5,7,1,1
711,1,0,44.33882472975178,5,5,0,0
712,1,0,43.99629927198926,2,5,1,1
713,1,0,43.92719804241959,4,6,0,1
714,1,0,45.41555071965443,1,4,0,0
715,1,1,44.66023697503583,5,6,0,0
716,1,1,45.48171468043248,4,5,0,0
717,1,0,42.38161136238273,2,6,0,1
718,1,0,44.24255814798512,4,5,1,0
719,1,1,43.47779775120597,4,5,1,1
720,1,0,42.69334222432033,3,7,1,1
721,1,1,45.65689890840768,1,4,1,1
722,1,1,44.51754002941924,2,5,0,1
723,1,0,46.32091613615517,2,7,0,0
724,1,0,44.33989692366033,3,6,1,1
725,1,0,43.20948862894363,4,5,0,1
726,1,1,45.59615954915645,5,5,1,0
727,1,1,44.850857064680845,7,7,1,1
728,1,0,43.42712948663485,4,6,1,1
729,1,1,43.88919018285012,4,4,1,1
730,1,1,45.55050439095992,5,6,0,1
731,1,0,44.86156071913758,4,5,1,0
732,1,0,44.22474070098969,4,5,1,0
733,1,0,46.53042778939838,6,4,1,0
734,1,0,43.9744067763558,2,7,1,1
735,1,1,45.17135798830256,3,4,1,1
736,1,0,43.10803883234941,4,5,0,0
737,1,0,44.99452096593158,1,5,1,1
738,1,1,45.76896902494039,3,5,1,0
739,1,1,44.95537638550427,3,4,0,0
740,1,0,43.14937551219427,3,6,1,0
741,1,1,47.05101600824371,4,7,1,1
742,1,0,42.213251511441726,2,5,1,0
743,1,0,43.8563101144284,4,6,0,1
744,1,0,43.8665585079991,6,6,1,0
745,1,1,43.75397267190969,4,7,0,1
746,1,1,45.642015023074485,4,4,0,1
747,1,0,43.26616609315317,9,6,1,0
748,1,0,45.22447754247142,1,4,1,0
749,1,1,45.51890295215368,4,7,1,0
750,1,0,44.562784968725104,4,5,1,1
751,1,0,45.31999766162248,2,6,1,1
752,1,1,45.90929325404647,2,5,0,1
753,1,1,45.63205215995655,1,5,1,1
754,1,1,43.30053371302129,3,7,0,1
755,1,1,45.45067437580978,1,5,0,1
756,1,0,44.53181964050447,5,8,0,0
757,1,0,44.23137985586818,0,6,0,1
758,1,1,44.73545873772056,3,6,1,0
759,1,1,44.44036301807121,2,6,0,0
760,1,0,45.09119844124739,1,4,1,1
761,1,0,43.99086024495799,5,4,1,0
762,1,0,44.03288095940592,1,5,0,0
763,1,1,45.40103721664591,0,6,1,0
764,1,0,43.82742925363831,4,7,1,0
765,1,0,43.35161446412864,2,6,1,1
766,1,1,44.81679552581148,1,6,1,0
767,1,1,44.31460397244478,2,7,1,1
768,1,0,43.08705552038614,5,5,1,1
769,1,0,44.11025110641736,5,7,1,0
770,1,0,43.34056771075131,1,5,0,0
771,1,0,42.72448722112328,2,6,1,0
772,1,1,45.13198948684804,4,6,1,1
773,1,1,45.62271983827669,7,5,1,0
774,1,0,45.15289495319875,4,5,0,1
775,1,0,43.56097990097736,5,6,1,1
776,1,1,44.99207971420786,4,6,1,1
777,1,0,42.63463816906695,3,4,1,1
778,1,0,45.5132845273725,0,5,1,1
779,1,1,45.15438029983397,3,5,1,1
780,1,1,43.708981688366826,5,6,1,0
781,1,0,43.556472814133016,3,7,0,1
782,1,0,42.83795714462723,5,8,1,0
783,1,1,43.09919820138117,4,6,1,1
784,1,0,43.57404381927638,4,6,1,1
785,1,0,44.19068657352422,5,5,0,1
786,1,0,43.41091751358636,6,8,1,0
787,1,0,43.76729976740979,5,6,0,1
788,1,0,44.20760368264144,5,8,1,1
789,1,1,45.62297018819086,4,6,1,0
790,1,0,44.139807061165385,1,4,1,1
791,1,1,45.2749827351216,1,4,1,0
792,1,1,44.88003170312418,5,7,0,1
793,1,1,46.49368397167606,4,5,0,0
794,1,0,43.92531151507826,6,5,1,1
795,1,0,45.41245429105219,2,4,1,1
796,1,0,42.1816133342242,6,7,0,1
797,1,0,46.68660968885989,5,6,1,0
798,1,1,43.31082557266688,6,6,1,0
799,1,1,44.56311863766911,3,6,1,1
800,1,1,42.88664146215141,7,6,0,1
801,1,0,43.22909462867409,4,6,1,1
802,1,1,45.7394340969753,0,4,0,0
803,1,1,46.83953861438219,6,5,0,0
804,1,0,45.391799022701086,3,4,0,1
805,1,1,45.73262988874657,4,4,0,0
806,1,0,44.14369967900169,4,5,1,1
807,1,0,45.22849731996851,2,6,1,1
808,1,0,43.27793243967396,6,4,1,1
809,1,0,45.59047914482176,3,6,1,0
810,1,1,46.44772684416868,1,7,1,0
811,1,0,44.52120792769164,3,7,1,1
812,1,0,44.88283549740862,6,6,1,1
813,1,0,43.2085899811133,4,6,1,1
814,1,1,44.3639682697501,4,5,1,1
815,1,0,45.816791208090365,3,7,1,0
816,1,0,42.773235721347525,6,7,1,0
817,1,1,46.55917123794136,2,4,0,1
818,1,0,43.81330052587415,5,6,1,1
819,1,0,44.8595961432235,2,7,1,0
820,1,0,42.931798560686616,4,6,1,0
821,1,1,45.51031378638967,2,8,1,1
822,1,1,44.72416162440442,3,5,0,1
823,1,0,44.62675575160279,0,4,1,0
824,1,1,45.061648790671626,5,6,0,0
825,1,0,42.80556631092984,6,4,1,1
826,1,0,43.56924795839096,4,5,0,1
827,1,1,44.955810474003385,4,5,1,1
828,1,0,42.61591506427479,1,6,0,1
829,1,0,44.789469558486005,4,4,0,1
830,1,1,46.51333871100758,2,4,1,0
831,1,0,42.37382850609395,3,7,1,0
832,1,1,44.963855312196245,3,5,1,0
833,1,0,45.27681388932337,6,5,1,1
834,1,0,46.31173612376468,3,6,1,0
835,1,0,45.08759029527058,4,5,1,1
836,1,1,45.04560518951626,6,6,1,0
837,1,0,42.60818567487363,0,4,0,1
838,1,0,44.15068062070245,6,4,0,0
839,1,1,46.779108748235885,4,4,0,0
840,1,0,44.62080238550031,5,7,1,0
841,1,0,44.66100068035731,0,6,0,0
842,1,0,44.076516137432144,1,4,1,0
843,1,0,45.41912664203036,3,5,1,0
844,1,1,44.03565987726953,4,6,0,1
845,1,1,44.64714054404431,3,4,1,0
846,1,0,43.27938723564549,4,6,1,1
847,1,0,43.01245950321295,4,5,0,1
848,1,0,44.67376160849301,6,6,1,0
849,1,0,44.974257812220856,4,7,1,1
850,1,1,44.82890702850822,2,7,1,1
851,1,0,42.869149097746565,3,5,1,1
852,1,0,46.10517839794371,2,5,0,0
853,1,0,44.26866405482867,3,5,1,1
854,1,0,43.44980145852712,2,5,1,0
855,1,1,44.438331381072246,3,6,0,0
856,1,1,46.36211190949874,3,6,0,1
857,1,0,45.59598762480304,5,5,1,0
858,1,0,44.59403635993889,6,4,0,0
859,1,1,44.74420821891746,3,5,0,0
860,1,0,44.580566989245646,3,5,0,1
861,1,1,43.74888899333425,4,6,1,0
862,1,1,44.27089112168121,1,3,1,1
863,1,0,44.46971461322919,3,4,0,1
864,1,0,44.03474379222665,2,6,0,1
865,1,1,44.62831110419565,3,5,1,1
866,1,0,44.70467804891396,5,7,1,0
867,1,1,45.656308722520656,8,5,0,0
868,1,0,43.93173222288646,4,7,1,1
869,1,1,47.26752989017557,3,6,0,1
870,1,0,44.36920010525523,6,4,1,1
871,1,0,44.57214084657521,2,7,1,0
872,1,1,43.86709528588619,5,4,1,1
873,1,0,46.46450862155381,2,5,0,0
874,1,0,44.624739654716606,5,5,0,0
875,1,0,45.06136386849345,7,5,0,0
876,1,1,44.05727862512025,5,7,1,1
877,1,0,44.06283874280098,2,6,0,1
878,1,1,44.39485818871823,6,7,1,0
879,1,0,46.00115227978408,1,6,0,0
880,1,0,45.0510263230607,3,7,1,1
881,1,0,45.95636883778243,2,4,0,1
882,1,0,42.42514657953284,3,5,0,1
883,1,1,46.78491460971126,2,5,0,0
884,1,0,44.3336464955606,9,6,1,1
885,1,0,43.235109021451024,5,5,0,0
886,1,0,42.67874861062536,5,7,0,1
887,1,0,45.76542996794502,3,7,0,1
888,1,0,45.71425556357215,0,5,1,0
889,1,1,44.63147642005725,2,6,1,1
890,1,0,44.94754702449442,0,7,0,0
891,1,1,43.74838845275353,3,5,0,1
892,1,1,45.32923580035832,2,6,1,1
893,1,1,45.30890162754972,3,5,1,0
894,1,1,42.83624795460979,3,7,0,1
895,1,0,43.66058468484208,5,6,1,1
896,1,1,45.94237942393215,5,5,0,1
897,1,1,44.03692257993837,3,5,0,0
898,1,1,45.88481146181239,3,8,1,1
899,1,0,45.70678626875052,5,4,1,1
900,1,1,45.017656521167474,4,5,1,1
901,1,1,44.19262158306467,4,6,0,0
902,1,0,45.88632938005827,2,6,0,1
903,1,0,43.29721231489992,5,6,0,1
904,1,1,42.21244645766984,5,6,1,1
905,1,0,43.96841379971951,2,4,0,1
906,1,1,44.67747049245937,3,6,1,0
907,1,0,44.880413742902846,-1,6,0,1
908,1,0,44.68118110612744,4,6,0,1
909,1,0,43.22016675411047,1,6,0,1
910,1,0,42.98195476866466,2,6,1,1
911,1,1,43.908812359658455,4,5,1,1
912,1,0,44.13259826820859,3,5,1,0
913,1,0,44.21080432118576,4,5,0,0
914,1,1,44.33457767936516,6,5,1,0
915,1,0,45.04178670972591,2,4,1,1
916,1,0,44.3456753405508,1,5,0,1
917,1,0,44.37512403342919,5,6,1,1
918,1,0,43.74903207513229,4,4,1,0
919,1,1,43.84524636181588,4,6,1,1
920,1,0,43.62834218744852,4,6,0,1
921,1,0,43.74336477200663,4,6,0,0
922,1,0,44.62486154583635,1,7,1,0
923,1,1,46.6472887710151,4,6,1,0
924,1,0,44.01437446403952,2,5,1,0
925,1,1,43.57126040929147,5,3,0,0
926,1,0,45.02869051533861,5,5,1,1
927,1,1,45.24394373068333,3,6,0,0
928,1,0,44.21987948859661,5,5,0,0
929,1,0,45.93497295764772,2,5,1,1
930,1,1,44.34380078538902,4,5,1,1
931,1,0,45.00437204118168,7,5,0,0
932,1,1,43.94214538967188,6,5,0,1
933,1,1,44.10180704955315,5,7,0,1
934,1,1,44.67402777810012,3,4,0,1
935,1,0,42.88794612088615,0,7,0,1
936,1,0,43.68797902713747,5,5,1,0
937,1,1,42.06123006404784,7,5,0,1
938,1,1,44.21127166849284,4,4,1,1
939,1,0,44.8113695791588,6,8,0,0
940,1,0,41.89197019645542,3,5,0,1
941,1,1,45.41395497489607,4,6,0,0
942,1,0,44.26575669339389,5,6,0,1
943,1,0,44.82126165647583,4,4,0,1
944,1,0,44.31817644187715,5,6,1,1
945,1,1,43.22227889480055,5,6,1,1
946,1,1,46.25813391834355,4,5,0,0
947,1,0,44.391256290965245,1,8,0,1
948,1,1,44.407769585224,3,6,1,1
949,1,0,44.368962168504034,3,5,0,0
950,1,1,44.935794098138366,2,6,0,0
951,1,0,43.826287171023786,3,6,1,1
952,1,0,44.26508072055096,6,5,1,0
953,1,0,43.48096321432599,6,6,1,0
954,1,0,44.172053916024296,3,4,0,0
955,1,0,43.99841426125252,2,5,1,0
956,1,0,45.12687716513867,3,5,0,0
957,1,0,44.06400095652355,5,5,1,0
958,1,1,45.69012043684277,5,3,1,0
959,1,0,44.48541860432105,4,6,1,1
960,1,1,45.16579055508225,2,6,0,0
961,1,1,43.15298638289243,6,6,0,1
962,1,0,46.43622763792406,2,5,1,0
963,1,1,46.440169712516,5,3,1,1
964,1,0,45.52572890986313,4,6,0,1
965,1,0,44.58137502831449,2,6,0,0
966,1,0,45.66899791402132,3,5,0,0
967,1,0,45.8344678706166,3,6,0,0
968,1,0,44.494832509344896,3,5,0,1
969,1,1,44.56912769988617,5,5,1,1
970,1,0,43.54759421394803,6,6,1,1
971,1,1,45.98862125649416,3,5,1,1
972,1,1,45.08764270806419,3,4,1,0
973,1,1,45.87038920889504,4,7,0,1
974,1,1,46.26097649955479,5,5,0,0
975,1,0,43.51382168578266,6,7,0,1
976,1,0,43.11882482422018,4,7,0,0
977,1,0,43.43113454802307,0,5,1,0
978,1,0,45.11469822709138,0,5,0,1
979,1,0,44.90563244773191,3,5,0,0
980,1,1,43.72047386071951,5,6,1,0
981,1,1,45.064482260118105,4,5,1,0
982,1,0,44.21716717875234,4,5,0,0
983,1,0,40.63586985247832,6,7,0,0
984,1,1,44.63960280311473,3,5,0,1
985,1,0,43.49263027443648,6,7,0,0
986,1,1,44.38329794066226,1,5,0,1
987,1,1,47.01873908826925,1,6,1,0
988,1,0,43.750804583511005,2,6,1,0
989,1,0,43.456319639662745,4,5,0,0
990,1,0,44.12502514754424,3,7,1,0
991,1,1,44.32545800258654,6,5,0,0
992,1,0,44.35663091963582,6,5,1,0
993,1,0,44.3707063039956,2,5,1,1
994,1,0,46.38473995284359,3,4,1,1
995,1,1,45.23961988897929,4,5,0,1
996,1,1,44.67993754832488,3,6,1,0
997,1,0,44.26951562128397,6,5,1,1
998,1,0,44.70010645345563,5,6,1,1
999,1,0,44.95326161788948,1,5,0,1
