education_years,age_years,income_usd,health_score,gender,smoking_status,tv_hours_watched,anti_smoking_campaign_exposure,lung_cancer_risk
19,23,9,10,0,0,11,55,154.1565499678181
14,24,11,10,0,0,10,51,143.89774778763885
17,25,15,8,0,0,10,46,138.70125728094385
16,24,10,10,0,1,11,52,145.13151106938415
16,27,9,4,0,0,13,49,141.4563993783856
17,25,15,9,0,1,11,49,142.46816146467464
14,24,8,6,0,0,10,45,132.8982616130914
11,26,11,12,1,1,12,52,141.9173813171113
16,26,12,13,0,1,10,56,153.08460665031575
13,25,9,17,0,1,12,56,143.87507196916792
16,24,13,12,0,0,9,48,137.8722914331738
14,23,9,2,1,0,9,45,138.14829713423933
18,27,10,8,1,1,9,53,153.47040084673142
17,22,7,8,1,0,8,54,151.13086410844076
15,24,11,11,0,1,9,51,144.55483745679143
14,28,9,9,1,0,8,51,146.13211703352496
15,26,10,9,1,0,11,51,146.6670368634409
14,24,6,12,0,1,6,53,142.21054468483445
11,28,8,8,0,0,10,50,139.0281013442413
15,23,14,13,1,1,14,54,152.99056503924567
16,24,9,14,0,1,10,59,158.14462836407182
13,27,10,2,0,1,9,43,135.88372073276304
15,32,12,3,1,0,11,46,145.24421680450934
13,19,11,12,0,0,7,46,131.20966896462846
16,26,12,17,1,1,8,57,154.83331251955894
17,26,11,10,0,0,10,54,151.00611804609807
19,27,15,7,0,0,6,46,141.07052727461445
15,19,11,13,0,1,8,50,140.77254595110333
15,23,15,9,0,0,10,47,138.11602449012858
14,22,9,9,1,1,12,53,149.2776812117592
12,25,13,9,0,1,10,49,143.95333940350247
13,21,11,16,0,0,9,55,145.47050162774104
19,25,10,13,1,1,8,57,157.1023299815871
13,22,13,16,0,0,7,51,138.49016878671986
13,26,12,10,0,0,10,50,140.01153013573253
15,25,10,14,1,1,10,55,148.48378827705767
18,22,11,4,0,0,9,46,142.29735676975733
12,24,9,7,1,0,7,49,144.6666052455417
14,26,11,7,0,1,11,50,145.0310195450018
13,23,14,8,1,1,12,44,130.16667590830548
15,28,11,9,0,1,10,53,151.35560366112333
11,25,11,8,0,0,11,49,141.13738803726835
16,21,11,9,1,1,12,50,146.1027115751983
18,26,10,9,1,0,10,51,148.07226107156978
15,23,14,12,1,0,12,51,146.82284217004266
16,24,8,17,1,0,8,57,148.68082295456844
16,22,12,10,0,1,11,53,149.12347707045276
17,23,12,5,0,0,12,47,141.93353653636996
13,21,13,5,1,0,11,44,135.80294801659008
10,25,16,4,1,0,8,41,130.97700113783645
12,22,10,11,1,1,13,53,147.19027753250555
14,20,9,9,1,1,11,50,141.81554660593437
12,24,13,13,0,0,11,48,135.42600049701042
16,26,12,3,0,0,9,43,136.85330852926947
13,30,14,7,1,1,12,47,141.4369231510499
13,23,10,6,1,0,14,49,141.6955079418131
15,27,11,12,0,1,14,57,155.77877106005903
17,23,12,14,1,0,6,51,144.7625560904685
13,23,13,7,1,0,10,45,138.7348640625091
14,25,10,13,0,1,10,54,149.33231114632633
13,19,10,7,1,0,9,44,129.24140892635046
14,26,9,11,0,1,8,53,148.62983734558932
16,24,12,8,1,0,12,49,142.9891349656277
17,28,13,12,1,1,12,53,149.20285932043356
12,23,10,8,1,0,10,44,128.81216982454336
17,15,14,9,1,0,8,45,136.81753063479073
20,19,5,12,1,1,13,57,152.7655000679433
15,21,13,3,1,0,11,41,134.8702727936509
14,26,13,12,1,0,13,49,137.61666348570216
16,24,8,11,1,1,11,53,146.43006479278648
15,26,10,6,0,0,12,51,149.7622214469916
15,24,6,16,1,0,9,56,146.49824889948343
22,19,11,13,0,0,13,56,153.57937146166765
15,26,10,11,0,1,12,54,150.05595854157383
18,20,13,11,0,0,10,49,143.59433633428134
11,27,8,5,0,1,11,51,145.9849240113651
12,26,9,9,0,0,13,51,141.70495488688738
14,24,9,9,0,0,8,49,140.31995977778257
15,25,13,6,0,1,9,48,144.5635282265512
16,22,10,14,1,0,12,56,149.71754562899562
17,22,12,14,1,1,9,51,143.34418212080266
13,24,9,10,0,0,11,53,145.1875655570931
16,28,13,15,0,0,11,56,150.98676634806748
10,28,12,12,0,1,8,50,140.9972901247429
12,24,12,4,1,1,8,41,131.65058783494013
12,27,14,13,0,1,12,51,141.54576269035994
16,25,9,15,0,0,14,58,154.04509005704958
14,24,10,10,0,0,10,51,142.40040644859528
16,24,11,15,0,0,10,57,151.6962708567568
15,24,11,7,1,1,9,46,137.4444678768925
14,23,7,9,0,1,9,52,145.29928406022952
12,26,13,6,0,1,12,47,139.94672856015407
14,23,14,8,0,1,12,46,138.06424475420835
16,24,13,9,1,0,9,50,147.90050301501145
14,22,10,10,0,0,10,52,147.49410250762162
13,21,12,12,0,0,10,51,140.89251475952295
16,29,13,11,1,1,9,50,145.2613604881018
12,21,16,8,0,0,13,46,137.93662064608387
13,26,10,8,0,1,9,50,142.52801360747324
12,25,11,7,1,1,11,46,136.40002717151867
17,24,12,6,1,0,11,46,139.73194319603255
14,26,11,13,0,0,10,52,142.68678954427682
15,30,13,12,0,1,12,54,151.86955614010205
14,24,6,6,0,0,11,50,142.80737328351594
12,24,12,10,1,1,10,49,142.18381463118874
17,25,0,9,1,1,10,57,151.3064747568749
13,23,5,6,0,0,8,49,139.18170515452744
13,30,9,10,0,0,11,53,147.83081788635792
12,23,11,12,0,1,10,52,145.62025877036058
18,25,6,10,1,1,11,58,158.4647131230084
12,20,10,15,0,0,12,53,139.9676979070137
16,23,12,11,1,0,9,50,143.7689527009658
13,26,11,8,1,0,10,47,135.15160199465478
18,22,15,8,0,1,13,49,143.37326474024053
16,24,10,12,1,1,15,58,156.47257300391956
14,27,8,10,1,0,9,53,143.86955576128753
13,24,7,6,1,1,13,51,146.0895791990458
15,22,13,7,1,1,11,45,136.21429528815293
16,27,7,10,0,0,13,55,153.22856054298217
14,27,13,6,0,0,6,46,138.66525939919376
14,25,15,9,0,0,10,46,139.11545976909582
16,22,15,13,0,1,10,55,154.62380668972474
14,27,12,10,1,0,8,49,141.59004425971247
14,23,10,7,1,1,10,44,132.0454773608019
16,22,14,13,1,0,15,52,146.10171827428658
12,26,10,12,0,1,8,52,143.2615148599928
14,29,9,4,0,1,13,48,142.64935678168732
17,23,15,9,1,1,10,48,145.29968160821787
12,26,13,9,0,0,9,47,139.1263230766487
11,22,12,9,1,0,11,44,130.92503926332623
12,29,13,2,0,1,8,44,138.0747880122949
11,21,12,12,1,1,8,47,133.09923067739004
15,29,15,10,1,0,10,47,141.69859728880883
17,31,16,10,0,0,8,50,150.2319934554611
15,21,10,4,1,1,12,47,140.51737520636
17,25,9,7,0,1,10,50,145.10830896461238
20,27,17,13,0,0,10,54,154.06607536449607
14,27,13,14,1,1,9,55,152.8895961565729
14,25,8,6,1,1,12,49,142.2495949907027
17,24,10,10,1,1,8,52,147.3100554854645
16,24,10,15,1,0,9,56,148.5172816310072
16,27,9,12,0,0,11,57,154.35769807754224
14,23,13,8,1,0,9,42,127.7798391584816
12,19,12,7,1,0,12,44,132.62748266731612
16,24,10,13,0,0,13,57,157.2173365681395
14,20,11,12,1,1,9,50,142.83078013587084
12,27,4,4,1,1,9,48,135.93990980677415
13,23,15,10,0,0,13,47,134.4807495814322
15,24,11,16,1,1,10,58,155.30107490698757
20,27,15,13,0,0,6,52,150.94183221500182
13,27,9,9,0,0,9,51,143.000156389693
17,29,14,6,1,1,10,46,141.89875215748913
14,29,18,9,0,1,11,48,143.708397056684
12,21,14,13,0,0,11,49,135.13915306923013
16,26,10,5,1,1,11,47,140.51519288987234
12,26,9,9,1,0,14,52,144.948230315291
15,24,14,10,1,0,11,49,141.95467284113883
14,27,12,13,1,0,8,52,144.8783929024609
16,24,13,9,1,0,11,50,146.22171886008007
14,26,5,12,0,1,15,60,157.89331847057312
16,27,12,11,1,1,12,53,147.59308412039385
14,21,14,13,0,1,9,51,144.47787281394326
14,23,10,10,1,1,9,51,145.8342008328598
14,24,11,7,0,0,8,47,136.29898884781392
15,23,9,14,0,1,13,58,152.83162264030057
10,25,10,13,0,0,12,51,135.85592040594435
13,22,11,7,0,0,12,46,137.0578785459868
15,20,13,10,0,0,11,49,141.66206695966946
15,26,18,6,0,1,11,45,139.60803604157113
12,28,10,7,1,0,12,48,138.7272098638355
13,25,9,8,1,0,13,51,145.366515419402
16,24,14,16,1,0,12,54,147.37107585015832
12,28,11,11,0,0,12,53,144.267711948656
13,26,11,8,0,0,9,50,146.30882967547768
11,24,8,9,0,1,13,52,143.0847219297038
18,25,13,5,0,1,12,50,150.88237745885073
17,21,12,12,1,1,15,55,154.56204596045615
14,25,18,10,0,1,13,47,139.00124039361597
15,22,13,11,0,0,9,48,136.07691896300258
17,26,14,9,0,0,15,50,146.01582402614477
17,23,14,8,1,0,10,47,141.73630086021575
14,25,10,14,0,0,13,55,148.3435084693952
16,24,11,5,0,1,12,46,136.21682575158377
12,27,18,10,0,0,7,46,138.23372045317308
14,28,13,9,1,1,10,51,147.57278271270542
21,29,10,9,0,0,6,50,143.95690725793625
16,25,10,15,1,0,15,57,150.26971375557108
12,24,10,11,0,0,10,52,142.65562880915766
11,25,14,6,0,0,10,44,136.19571076557023
16,26,16,7,0,1,8,47,143.62756319910065
15,30,12,13,0,0,8,54,149.83275059207307
14,22,9,10,0,0,5,47,134.21012515459114
16,26,14,8,0,1,12,48,141.53570034992666
16,31,10,10,1,0,6,49,139.16306901833133
13,24,8,11,0,1,10,53,145.4082536913934
13,30,12,14,0,1,11,58,157.76028569388995
16,26,8,10,1,1,10,53,149.3192219505853
19,26,14,9,0,1,11,51,148.93549374998665
17,23,12,12,1,1,13,55,155.3956538741965
16,23,11,11,0,1,10,54,151.72034365607806
13,26,13,13,0,1,7,52,143.16367127330213
16,24,9,7,1,0,9,48,142.07280836376702
14,25,15,13,0,0,10,51,141.83908356299025
12,21,9,4,1,1,11,43,131.91425271645588
16,22,8,5,1,0,11,46,139.45650978854658
14,25,15,11,0,1,8,50,144.8956852942843
14,25,9,6,0,0,9,48,140.2787789517529
15,26,6,16,1,0,11,63,160.85462550359549
18,24,11,9,1,1,9,52,152.19870827123245
14,25,12,13,0,1,9,55,151.2301218204965
16,22,12,7,0,0,11,46,137.0300415846865
17,22,13,14,1,1,13,52,144.28813585022868
15,26,13,12,1,0,11,52,148.01923898325788
15,27,9,10,0,0,10,51,141.3960506872598
16,23,12,11,1,1,11,50,140.46402856149075
15,27,12,9,1,0,12,49,142.16327514905657
15,24,10,8,0,0,9,51,148.2093169713962
15,21,11,10,0,0,10,49,140.07503904826564
12,24,16,16,0,0,8,51,141.58459649018283
14,28,10,9,0,1,14,52,145.28018453898898
17,26,12,16,0,0,8,55,148.97905355982004
12,24,15,9,0,0,13,47,139.28199065895163
16,24,12,11,0,0,10,52,147.0856494382431
16,24,14,9,1,0,10,48,144.1507210039102
19,23,14,13,0,0,10,52,145.20476505243954
14,23,10,10,0,0,12,52,146.43977946347917
13,24,10,7,1,1,9,48,137.24630269130867
12,21,13,11,0,1,8,48,135.5435751483539
13,24,14,13,1,0,7,47,136.98064640677026
16,24,10,6,0,1,10,51,149.67028858707766
9,26,12,13,0,0,7,48,133.35765885312347
14,23,12,11,0,0,12,51,141.6442452282182
18,25,11,11,0,0,13,57,157.62537915678146
13,28,8,15,1,0,8,56,148.94574020819817
14,20,16,7,1,0,13,43,131.85917406023083
14,26,9,13,0,0,14,57,151.1777346812301
19,22,12,8,1,1,12,50,148.02139557982616
18,21,13,9,0,1,9,49,144.06448946287924
19,27,6,8,0,0,12,57,154.91660746777163
14,26,17,6,0,1,9,44,137.54205061885017
13,28,11,8,0,0,10,50,142.8290371519316
12,24,16,4,0,1,9,41,131.03893660322092
14,27,13,3,0,0,10,44,140.6404901981337
15,24,12,11,1,0,12,49,141.06566286929623
16,21,14,14,0,0,11,50,141.16134066589328
15,22,9,9,0,0,7,51,142.8905243249613
11,24,12,9,0,0,8,48,138.4615898301074
16,26,11,12,0,0,14,57,155.23677249438964
17,25,11,9,1,1,10,52,150.18243868895087
13,22,11,11,0,0,13,53,149.69228202637407
14,27,8,10,0,0,11,56,152.22565244727895
13,26,12,9,0,0,9,48,141.22418256366066
14,22,15,5,1,1,12,43,136.38095278645383
16,27,11,3,0,0,9,47,144.20628820720677
19,30,14,13,1,0,10,52,147.6960026187704
17,26,9,10,0,0,9,53,150.2478628458637
11,25,10,9,1,1,8,49,140.38724666658712
16,31,11,7,0,0,10,50,147.97555487520913
17,28,11,11,0,1,13,54,149.14833460149694
16,24,12,6,1,1,12,47,141.39413206831935
17,23,12,13,1,1,10,53,149.3333787057762
19,21,16,10,1,0,9,49,146.4889706949184
18,25,16,9,1,0,15,51,150.77823294112108
13,26,11,14,0,1,13,55,145.9923801012379
14,22,12,8,0,0,13,48,139.18050479240665
14,23,9,9,0,0,14,55,151.06521384775488
14,30,9,5,1,0,9,48,143.97490301543473
17,20,13,13,1,1,12,52,146.92330017801652
10,25,10,16,1,0,10,54,144.04033949872738
13,25,8,2,0,0,9,45,135.96111279836816
17,25,15,9,1,0,13,49,144.9239294639813
16,24,13,5,1,1,13,49,148.51802352475002
15,25,15,4,0,1,11,47,143.7197514923873
14,27,17,9,1,0,11,49,145.4082352117889
15,23,10,6,1,0,7,44,133.44129762762333
19,26,13,9,1,0,10,51,149.9055764466837
12,27,14,7,0,1,14,50,145.1531728434462
15,22,18,14,0,1,12,52,149.27882409863952
15,25,15,5,0,0,10,44,136.72188467276695
18,25,14,11,0,1,9,52,148.33956802698222
15,27,10,17,0,1,9,61,160.11545600851983
13,22,7,8,1,0,8,50,141.73264348416353
16,25,11,9,0,0,11,52,149.29315844797463
17,26,13,5,1,1,13,46,139.58342167886903
15,28,11,13,1,1,12,55,153.58797038782305
14,26,15,9,1,0,9,46,138.6273943233123
15,23,16,6,0,0,12,44,137.16145766496834
17,26,9,14,0,1,12,59,154.99655508200803
14,29,13,11,1,1,11,51,145.77881755944057
11,22,15,13,1,0,8,48,136.91379958940706
17,22,9,10,0,1,11,54,147.31559516565844
15,28,13,10,0,0,13,50,141.2350145225722
14,26,14,9,1,0,13,51,149.80115980302423
16,25,14,9,1,1,11,48,142.07498051872656
15,26,10,12,0,0,12,53,145.13143848764787
15,24,10,13,1,1,10,55,148.2332531616591
17,25,16,8,0,0,11,47,141.87006394124373
17,25,17,10,0,0,11,48,143.49270464128088
15,23,9,14,0,0,10,56,151.18606697239488
14,26,15,11,1,1,12,50,145.02218289542816
17,22,12,7,1,0,12,45,135.64411553966244
19,25,13,16,0,0,10,58,155.83671103285843
13,27,8,3,0,0,11,45,135.8515933323268
17,27,13,12,1,1,13,54,152.2437873582262
13,26,11,10,0,0,10,51,145.8874195415974
16,24,15,15,0,0,11,53,147.74818288552098
13,24,12,11,1,0,11,49,137.16499395757825
17,24,12,8,1,0,15,49,144.08403327631171
15,25,14,14,0,0,9,47,133.53690623268437
15,27,9,10,1,1,11,55,152.6219001114595
14,26,13,10,1,0,10,47,137.44435541340812
14,31,8,8,0,0,10,54,151.25350609519018
13,23,10,11,1,1,9,51,144.2133776532032
15,27,14,5,1,0,10,45,138.64229495818182
13,18,12,7,0,0,10,44,132.20076829538988
14,30,10,9,1,0,10,50,141.5711056545131
16,27,14,9,0,0,11,49,142.44290822373114
20,20,14,10,0,0,9,51,150.79620256312
20,26,12,9,0,0,10,55,157.8694457040511
16,25,14,11,0,0,12,51,146.03169595455532
16,25,9,10,0,0,13,53,147.6935479173583
14,22,13,1,0,0,12,39,127.49644924011535
14,22,11,10,0,1,11,52,147.1465773676487
15,24,13,12,1,1,12,53,148.22533192619522
10,23,10,8,0,0,11,46,133.13555717861666
16,21,12,10,1,0,11,49,141.59177673757284
13,28,11,7,0,1,10,49,141.97444594092707
14,23,12,15,1,0,11,50,138.02073494565852
14,22,13,11,0,1,10,48,136.36873951204913
16,29,12,9,0,1,11,54,151.29459818026464
16,26,10,11,0,0,10,52,147.82056909778746
12,27,12,7,0,0,8,44,131.91779761403924
17,28,9,8,0,1,8,54,152.36968331063073
13,23,11,9,0,0,8,48,136.39361382810392
17,23,7,8,0,0,11,54,153.16626499978412
16,22,10,6,0,0,9,49,144.81263898110063
13,27,14,11,1,0,11,48,137.0482132166795
18,23,10,9,0,1,7,51,144.47622346765706
12,23,12,13,0,1,10,54,149.3260780198673
17,24,13,13,1,0,12,53,147.87767904972156
15,27,15,15,0,1,10,55,150.68899050052093
13,24,11,10,1,0,8,47,137.05369837446634
17,20,17,6,0,0,12,42,131.77360825282562
13,28,14,11,0,1,13,51,144.00076851405984
14,20,14,3,1,0,12,43,135.80822345331242
11,24,15,12,0,0,15,50,137.65097016403308
12,24,13,13,0,0,9,53,148.68473352883092
15,26,11,10,0,0,11,55,152.68166763692716
16,27,12,7,0,1,10,49,144.82140160132107
12,30,10,8,1,0,11,48,138.33404435641003
13,23,10,8,1,1,11,47,137.35428420237443
12,22,14,12,1,0,12,49,139.430545761049
16,21,12,10,1,0,11,48,142.74021490250647
15,22,13,12,1,1,10,51,145.44141998308285
17,21,7,8,1,1,11,51,146.56764460094334
12,24,12,9,0,1,9,48,139.17901619593255
16,26,10,6,1,0,10,48,146.06245289999438
15,24,13,6,0,1,10,45,136.55021119440408
16,27,12,8,0,0,10,50,142.71041640641764
14,28,11,10,0,0,7,51,147.2475124150969
16,21,10,3,0,1,11,48,145.46553024599663
17,23,15,11,0,0,11,50,146.16210614408877
19,29,12,11,0,0,10,55,154.6620848397009
15,20,13,13,0,0,12,50,138.98053640273076
13,28,11,7,0,0,9,48,141.73489784526527
16,26,11,12,0,1,10,54,147.40616763587602
14,19,11,6,1,1,11,46,140.55431863073662
18,26,13,11,0,0,12,53,148.8484067185906
16,23,10,8,0,1,12,51,144.29899683334634
12,21,10,8,0,1,9,47,136.0596872764002
17,31,11,12,0,0,11,56,151.72155250676408
14,24,12,9,0,1,11,51,143.70905177042454
17,25,14,10,1,0,9,46,136.63303053322795
16,26,11,12,0,0,13,55,151.92416716085447
15,26,9,12,1,0,12,56,153.58313175166336
17,24,15,11,1,1,10,51,149.03052013650455
13,29,14,5,0,1,11,45,135.28644177383578
16,24,7,14,0,1,9,56,148.30853549283518
20,26,10,12,0,0,11,58,157.73644211633717
20,26,12,8,1,1,10,50,149.22687930382128
15,27,14,5,0,0,9,44,138.33563255880853
12,25,5,5,0,0,11,50,142.19248859726497
20,22,10,12,0,0,14,57,154.39517682186695
14,26,12,7,1,0,10,48,143.9303736919701
15,22,11,14,1,0,9,54,149.90850125663917
14,25,11,10,0,1,11,50,144.5158669227473
16,18,15,11,1,0,9,48,141.88296094679134
14,25,14,9,1,0,15,48,139.89797326670154
16,22,14,11,1,0,12,49,141.40185273865785
14,27,13,8,0,1,10,51,149.0603705679012
15,22,7,9,0,0,8,52,147.4890919004299
14,26,9,6,0,0,10,50,148.27136373602866
12,23,9,12,1,0,9,51,140.80165527363843
16,26,12,10,1,0,12,48,136.86682732043104
13,27,16,9,1,1,12,47,139.85811730254585
12,25,7,7,0,0,10,50,141.13611247734391
14,23,9,5,0,1,11,49,141.03801825451526
12,27,10,11,1,0,13,53,147.09830934632424
18,24,14,12,1,0,11,52,152.38662927411625
13,25,9,6,1,0,11,48,140.23742216234265
14,29,8,9,1,1,10,52,144.74620723965953
14,27,11,10,1,0,10,48,138.07960079513427
14,27,12,8,0,0,7,49,143.43752686787963
11,27,14,13,0,0,10,50,138.89177111876205
16,29,16,9,0,1,12,52,154.0549029501096
15,26,11,12,0,0,11,54,147.60809350050295
17,24,11,9,1,1,8,50,145.54045139544974
11,22,9,10,0,1,13,52,143.36484763424633
11,22,12,8,0,0,7,46,134.84252950484043
13,22,13,6,0,0,9,44,133.6136788009507
16,30,12,10,0,0,13,53,149.44884647525728
16,26,14,8,1,0,10,51,151.50460846510458
18,23,8,6,0,1,12,54,154.681532713258
11,26,13,13,0,0,14,53,141.468235558675
18,29,12,9,1,1,11,51,145.48685269320256
16,25,9,8,1,0,15,51,144.9185214497926
17,19,15,4,0,1,11,44,139.24749717192438
15,29,7,7,1,0,11,54,155.64275139082454
14,25,16,12,1,0,8,48,143.9497316720793
13,24,15,7,1,0,10,45,138.38815201451018
16,25,14,12,1,0,9,52,148.1603783433668
13,23,9,9,0,1,6,50,143.15483820567593
11,29,11,13,0,0,10,52,142.64854481862136
16,26,10,9,0,1,9,52,147.56582674931175
19,22,13,11,0,0,11,49,142.76314121235842
17,20,8,13,0,0,15,59,153.60551891881423
16,24,9,9,1,1,8,53,152.91418346085953
15,22,9,9,0,1,11,49,139.00288750969153
14,20,11,6,0,1,9,45,137.59158200322932
13,22,19,12,0,0,10,44,129.99221347027023
16,23,13,9,1,0,12,48,141.6797336858487
18,25,14,9,1,1,12,49,145.11515438743615
13,26,11,9,0,1,13,51,143.6590967310546
16,26,12,10,1,0,9,51,145.95393478121764
19,22,13,11,0,0,13,54,154.32688806264332
14,27,13,6,1,0,9,47,143.09185986136166
16,22,11,3,1,0,13,45,139.46622959638117
12,26,5,6,1,0,11,49,136.42590465892647
15,26,13,11,1,0,13,53,151.8600899149899
13,26,11,8,0,0,7,46,134.83422779526194
11,30,15,6,0,1,4,43,131.94605956316047
15,23,15,12,1,0,11,48,138.71832970601122
17,22,11,11,0,0,8,49,139.82129990688767
15,24,11,13,0,1,9,54,149.5063562851526
11,23,9,14,1,0,10,53,145.3834809812765
19,26,15,5,0,0,12,46,146.2462227648295
11,22,15,13,1,1,13,49,138.47900558684574
12,26,15,3,1,0,9,39,125.97538231713166
16,28,12,6,1,1,9,48,142.68196767140657
11,24,14,12,1,0,11,49,141.8249745408177
13,21,15,10,0,0,6,45,134.37940361464973
11,26,11,14,0,1,11,53,142.21937826638126
15,32,13,10,0,0,13,52,144.75099497505656
16,25,13,15,0,1,11,54,145.85390441948684
19,25,9,5,1,1,12,51,148.01479966716622
18,24,11,10,0,1,13,53,148.55986219332445
15,23,9,9,0,1,12,55,151.08719736337608
20,28,11,6,1,0,14,53,156.42653025412943
14,24,13,15,0,0,8,54,150.0015544877074
17,22,11,8,1,1,8,46,138.8807440822338
15,22,9,9,1,0,10,48,140.42538124905167
16,27,16,7,0,1,12,50,148.33958558666689
12,20,10,12,1,1,7,47,133.17823044110588
18,28,13,7,1,1,12,47,143.16193693989769
16,23,10,16,1,0,13,59,158.4992371535099
14,20,19,10,0,1,12,44,134.18016823243042
15,26,14,11,1,0,9,49,143.2571698862332
12,28,9,14,0,0,11,53,139.0985167851561
13,23,12,14,0,1,9,54,148.8790052104495
11,23,7,10,0,1,13,52,138.32713062727188
12,19,9,6,0,1,13,49,139.26454273587427
13,25,10,10,0,1,9,51,142.3760085712858
17,31,16,11,0,0,11,52,150.5061220352978
13,24,10,5,0,1,11,46,139.25430502371523
12,25,11,10,0,1,11,50,141.4151178361734
13,25,7,5,0,0,13,52,146.3507659547748
10,21,13,9,0,1,13,49,140.3525401664189
13,22,12,12,1,1,14,50,138.1431642450678
18,28,10,8,1,0,10,53,151.5936279908511
16,28,9,8,1,1,14,55,154.0347194423233
17,29,10,8,1,1,10,52,151.80626979414808
16,20,12,7,0,0,13,50,147.18328591317064
14,27,9,9,0,0,10,52,146.05763359782603
14,24,11,8,1,0,9,47,139.56292034341217
15,25,9,17,0,1,10,60,156.1855142548773
10,21,7,12,1,0,9,49,135.07571890231472
16,26,10,12,0,1,11,53,147.45161954089104
13,21,9,10,1,0,8,47,133.60556211781312
16,21,11,14,1,0,10,51,140.63498866417592
16,25,12,6,0,0,11,49,147.6640519786668
18,27,11,11,0,1,12,55,153.83496349040016
16,23,16,5,0,0,10,46,142.87464694476057
15,27,12,12,0,0,8,53,148.73212110768108
17,28,11,9,1,1,8,50,146.23220981689568
15,21,11,12,1,0,7,47,133.4661110361376
15,26,6,11,0,0,10,57,151.93211824068985
13,22,8,11,0,0,9,51,142.7363240513284
13,26,11,14,0,0,11,54,144.8583158985776
15,22,12,3,0,0,9,44,138.58126034501825
14,24,11,13,0,1,10,53,145.08001325356844
15,23,10,9,0,0,11,53,148.32654420822962
15,23,10,10,0,1,12,51,141.758343631749
16,28,12,10,0,0,9,53,149.48291506137792
17,21,10,11,1,0,12,51,144.85977171554345
16,25,10,10,0,0,10,52,144.76407117541663
11,32,12,10,1,1,13,52,146.55164604543816
12,23,15,11,0,0,11,47,137.3705200879492
13,22,10,14,0,1,9,54,148.20521420795043
14,22,15,12,1,0,5,46,136.39486794095356
14,20,12,10,0,1,12,49,142.2191466098383
17,23,9,10,0,1,13,55,150.81586569526388
15,21,10,10,0,0,11,50,138.50341032972824
15,23,10,5,1,1,8,49,146.00209577934848
13,24,9,8,0,1,10,49,139.21774675597837
16,26,14,6,0,1,10,48,147.28168303552252
13,19,10,8,1,1,10,49,141.653406185626
12,26,10,8,0,0,9,52,148.02667408424202
12,24,12,7,1,1,9,47,139.4779974922019
16,24,15,13,0,0,13,56,158.85827191752628
13,20,11,12,1,1,15,49,137.96927120358166
12,23,11,8,1,0,10,46,135.7632674691234
20,23,9,13,0,1,12,58,156.34376396078324
18,26,10,14,0,1,13,56,149.0348298642691
18,20,6,15,0,1,7,58,153.19389367626806
17,27,12,11,1,0,11,50,143.6293210353021
13,28,11,16,0,0,7,53,142.6469542061195
13,23,11,14,1,0,6,52,145.73296721700257
12,28,9,10,1,1,11,51,141.0918717222731
17,24,10,7,1,0,10,49,144.90665373504552
15,22,13,10,0,1,12,52,147.14253932141568
10,24,5,9,0,0,11,52,142.1888199312351
14,25,12,9,1,0,8,45,132.87714034528457
18,28,9,7,0,1,10,54,154.44113082666846
19,25,11,2,1,0,10,43,138.5957158306527
14,27,12,7,1,0,9,47,140.539593134959
15,20,10,9,0,0,7,49,140.77318229286996
16,22,12,9,0,1,11,48,138.91471104069262
18,24,15,9,0,1,11,47,139.91059357755503
13,23,12,10,0,1,11,52,147.11581299547248
12,23,12,13,0,1,11,54,147.8950475189478
12,23,17,13,0,1,7,45,132.64986708125724
12,23,10,7,1,0,11,47,138.00718277719514
12,20,11,9,0,1,3,43,128.32726402751237
13,27,9,9,1,0,9,48,138.7074025497765
17,30,11,1,1,1,9,47,146.50583766912462
15,27,10,9,0,0,10,51,145.2932544777015
17,25,11,12,1,0,11,52,144.715379654321
13,32,10,14,0,0,11,58,154.38899193953418
13,25,14,14,1,1,10,51,143.44041725139618
18,22,16,7,1,0,12,45,138.2739398847624
16,22,16,11,1,0,6,44,134.6948059187181
14,30,13,13,0,0,11,54,149.23571031818116
14,22,11,7,1,0,12,50,148.5803907481132
17,24,13,8,1,1,9,50,148.22504932220042
14,24,12,12,0,0,11,51,142.01110778854888
15,24,13,6,0,1,11,50,149.00699647840702
13,26,14,10,0,1,14,51,144.4244652871159
12,20,14,7,0,1,12,48,143.5172052522668
14,27,10,4,1,1,13,47,140.64544067068965
16,26,11,11,1,1,12,55,152.57269419072767
13,24,11,5,1,1,9,46,140.53320494526352
11,26,10,6,1,1,11,45,136.18616685222406
13,23,11,8,0,0,12,49,143.03197145138404
14,22,10,11,0,1,12,50,138.9053004947744
17,24,11,8,0,0,9,50,145.1803754065981
12,25,11,7,0,0,9,49,143.90009924319273
12,24,16,13,1,0,13,49,143.92066696866786
15,23,12,8,0,1,9,47,136.19158978591463
16,21,12,11,1,0,12,50,144.53018653559673
13,23,14,8,0,1,9,45,134.79775031373669
15,21,12,6,0,1,10,47,138.7193575381913
16,24,14,14,0,0,12,55,151.7917034676767
16,25,10,15,1,0,13,55,147.37140531688885
13,21,10,6,0,1,11,48,139.23479361917424
16,21,10,10,0,1,10,53,148.77524461896462
17,22,7,11,0,1,9,55,150.9089598093246
16,27,14,11,0,0,10,53,150.3809924788211
15,21,9,9,1,0,10,50,139.9938400607741
15,27,15,15,0,1,13,54,148.8223564452463
14,28,13,10,0,0,10,48,137.55051005408777
18,29,14,11,0,1,13,52,146.57195497029625
18,23,14,16,0,1,9,57,155.45385485679208
11,26,11,11,1,1,12,51,141.47988220026585
18,25,11,9,1,0,12,52,148.9342860417228
13,25,16,12,0,0,9,46,135.13533829358485
14,24,11,9,0,1,10,48,141.03374556662726
14,28,9,10,1,0,13,54,150.32362204201476
20,23,18,15,0,0,10,50,141.74244649247655
13,25,5,10,0,0,7,51,139.5410285647751
14,22,14,8,1,0,8,44,135.05387606584915
16,22,10,9,0,1,8,49,144.65355607059652
14,26,10,9,0,0,13,52,145.0772284263792
13,23,10,11,0,0,12,51,144.41459658446934
16,22,8,9,0,0,11,54,149.28678208738566
11,23,14,14,1,0,10,49,140.03460339329575
9,24,12,15,0,0,10,51,137.26232266247942
14,26,13,11,1,0,14,49,137.7823663194392
13,27,10,15,0,1,9,54,146.42553052284322
13,28,11,10,1,0,8,49,138.80472269533723
13,21,13,10,1,0,10,46,134.5485832207256
14,27,12,7,0,0,9,46,136.14602316885856
11,20,13,6,1,1,11,46,139.97609907502292
11,23,14,7,1,1,11,44,134.40026417299146
18,30,11,12,0,0,13,58,156.6270580327104
12,23,13,11,0,0,11,49,138.6488559558412
11,23,10,11,0,0,10,50,136.26050683963126
14,26,9,10,0,0,9,53,145.0257620540128
14,27,12,11,1,1,14,54,151.09544966309858
12,24,9,8,1,1,9,50,144.96109790936646
16,26,13,15,0,0,10,54,146.287281260173
17,20,13,16,0,0,12,51,140.77964525342054
17,25,10,10,0,1,11,51,144.03028102275317
15,28,14,11,0,0,11,51,147.0803010712208
14,22,8,12,1,0,14,56,152.40984947259997
13,26,11,10,1,0,12,51,144.85742925027208
13,26,16,13,0,0,9,50,142.18553214667745
14,23,11,5,0,1,11,49,146.08509196891336
17,25,8,9,1,1,10,52,148.5158281264187
17,26,16,11,0,1,6,48,143.19737435619686
13,23,10,8,0,0,13,47,135.75354666266793
12,22,13,12,0,0,9,46,132.2378346906411
14,22,12,5,0,0,10,45,137.56261200955802
18,25,9,10,1,1,6,54,154.61667113995566
15,26,11,13,1,0,11,53,146.65339740851448
13,27,11,13,1,1,10,55,150.57514718498825
15,27,12,6,0,0,9,48,144.08234713163216
17,24,10,4,1,1,9,45,136.5307939117458
16,22,12,10,0,1,12,53,148.3871507147546
15,24,12,13,0,1,10,52,146.28283326473863
14,27,14,10,0,1,10,54,154.0159678468629
12,29,14,6,0,0,15,48,143.69514258500027
16,24,10,5,0,1,11,50,147.32213725765456
17,22,8,13,0,0,10,54,141.64644492118288
17,24,11,9,0,0,10,50,143.18961005712956
17,24,7,13,0,0,8,56,148.50968784011792
18,27,13,9,1,1,10,52,154.52545848468446
15,20,12,6,1,0,12,46,140.1388094407518
13,25,8,14,1,1,12,59,154.41547452686575
14,23,10,7,0,0,11,46,135.69145131078264
11,28,12,9,0,0,10,48,138.91899667702432
18,25,11,1,0,0,9,43,136.14246129500506
15,26,9,7,0,0,13,51,147.05170076531368
14,25,9,5,0,0,7,44,130.75093192394692
14,25,12,5,1,0,13,47,143.300527794549
11,27,11,8,1,1,12,50,142.72963234690425
14,26,14,6,0,1,12,49,148.65098405078666
15,28,13,9,0,0,10,49,143.13524782244346
10,20,13,6,0,0,11,44,133.1178186343613
14,23,13,6,0,1,8,43,134.87031809406434
18,21,16,14,0,1,12,54,152.68928250776784
17,23,14,12,0,0,10,50,145.4165753556541
12,23,9,1,0,0,17,47,140.74228560047192
13,24,10,6,1,0,10,50,148.94216379125848
12,31,13,14,1,0,10,53,149.46963390177953
14,23,13,10,1,1,9,49,141.10166063479105
13,25,11,6,0,1,10,49,141.4555417270103
17,24,13,7,1,0,13,51,153.02687062675585
13,26,12,10,0,0,12,50,142.64685932107025
17,22,12,1,0,1,11,43,136.6935115389867
15,18,13,8,1,0,13,45,136.2447594514777
19,21,10,8,1,0,12,51,149.09077905768265
18,25,10,14,1,0,14,58,155.87375062140077
17,21,13,13,0,0,10,51,145.28954310276063
16,28,7,8,0,0,10,52,148.16382404452762
13,16,14,10,1,0,11,46,138.7499896802716
12,23,10,10,0,0,13,50,140.94342969639823
15,25,15,14,1,1,14,54,150.62674398173576
14,25,14,9,1,1,10,49,141.89211391269197
19,22,10,10,1,0,8,49,140.57290968208537
18,26,4,10,0,0,7,54,148.69104151712418
16,23,9,11,0,0,9,53,145.94259279526366
15,24,12,12,0,1,8,50,141.45881975701298
15,23,8,4,0,1,11,49,143.81356058750848
14,28,6,10,0,0,14,55,148.19551140764503
12,27,9,17,1,0,9,54,139.8508102832115
15,21,9,12,1,0,12,52,144.66863649684555
16,26,14,13,0,1,9,54,150.3479039990219
18,22,13,3,1,0,14,44,140.97177893689255
12,25,8,11,0,1,12,53,146.0948557345966
15,23,14,11,0,0,11,49,139.97202352584873
15,25,11,9,0,0,12,49,141.1109213002313
12,22,13,4,0,1,12,44,137.3062444720099
18,24,6,12,0,1,12,58,153.60046985731285
16,24,14,11,0,0,6,49,144.9706754263723
14,25,6,7,0,1,11,53,148.48474016075815
19,24,7,9,0,1,10,57,159.58554242048604
20,27,12,9,0,0,6,52,152.29095748383563
14,25,14,6,1,1,12,47,141.25329882057923
15,28,7,7,1,1,9,51,146.30433905595584
14,25,11,14,1,1,10,53,147.1797921348915
15,26,14,10,0,0,12,51,146.22457061394766
15,24,8,8,0,0,7,50,140.55482901424483
15,26,12,7,0,0,13,49,142.5169524282695
10,25,15,12,0,1,8,49,141.70530068926615
14,27,10,8,0,0,11,50,141.6391507470366
14,22,10,12,0,0,11,51,138.24240567419602
15,27,13,13,0,0,9,52,144.84775545000002
13,25,14,7,1,1,12,46,137.6308669554448
13,25,9,10,1,0,7,47,133.73937806136635
13,25,11,10,0,1,8,49,140.900248879159
14,25,12,11,0,1,9,51,141.18829537092293
15,23,9,10,1,0,9,52,148.04590222318942
13,23,9,11,0,0,13,53,144.56610074977678
18,24,12,5,1,1,11,48,146.05582583880127
16,28,13,7,1,1,11,49,146.25274551842426
16,23,10,10,0,1,8,52,145.72954814510948
17,23,13,8,1,1,11,49,148.6562175616397
17,28,10,12,0,0,13,58,158.89017367617794
17,24,9,6,0,0,8,48,143.66257475001942
17,26,12,13,0,0,7,55,151.12541343070498
14,22,13,11,1,1,10,49,140.31058530221648
13,28,15,10,1,0,12,48,140.28171186286136
15,27,10,5,1,1,11,48,141.10583870175452
14,28,12,7,0,0,14,51,146.83671265014704
16,20,11,12,1,1,11,50,143.4795475661937
14,23,10,11,0,1,8,50,143.09484343208493
15,25,14,8,1,0,10,45,134.69145098951617
15,21,9,10,0,0,13,51,140.10037072833578
16,28,11,9,1,0,11,52,151.50675394851933
12,24,11,6,0,0,10,46,134.95852779008692
14,22,11,5,1,1,9,46,141.8989400982535
11,25,12,8,1,1,8,45,135.59617814131838
13,20,13,11,1,0,6,46,136.63501398690212
12,28,13,12,1,1,8,52,149.1765640172599
10,27,10,13,0,0,12,52,141.61851178556796
14,28,13,10,1,0,12,50,140.98046188923857
14,21,12,7,1,1,10,46,138.95141407099646
14,26,14,10,0,0,13,52,149.7470506857324
16,28,8,6,0,0,9,52,148.11012390746075
17,22,13,13,1,0,9,50,142.24416860215683
15,26,8,15,0,0,10,56,146.3991659431692
17,27,12,9,1,1,6,47,139.0116526222704
16,22,12,9,0,1,10,48,142.18861449062464
14,25,15,10,1,1,8,48,143.17583880369332
15,28,12,8,0,0,9,47,136.7508926274888
14,25,12,12,1,0,8,50,145.0725176841296
18,23,6,11,1,0,9,54,145.7293527481122
17,26,11,15,0,1,11,58,154.0092493051276
17,19,11,3,1,1,14,46,144.55708131473216
10,25,12,9,1,0,11,45,131.1063922483083
12,27,9,9,1,0,9,49,140.22999783914375
11,21,12,9,0,1,12,49,142.6887821138871
14,23,16,14,1,1,10,49,141.21419280110075
14,27,10,11,1,0,13,52,145.13294360101096
18,23,15,12,0,0,12,50,143.12763110587343
13,22,11,10,0,0,8,49,140.1988947856402
15,23,14,12,0,1,11,53,150.07200997311494
16,22,15,8,1,1,6,46,139.86088927548698
14,26,11,7,1,1,13,49,141.993320536774
15,22,12,12,0,0,10,53,148.54186427307715
13,29,8,12,1,1,9,58,155.87670132725222
14,24,11,10,0,0,9,50,140.88388761676777
13,24,11,9,0,0,12,48,138.53877645688783
13,19,12,12,1,1,12,51,145.36087547818548
13,23,9,9,0,0,8,51,142.55477912470542
13,25,11,8,0,1,9,49,140.14654088093874
13,26,13,9,1,0,10,49,142.9572897790348
13,24,10,12,0,0,8,50,139.30050588119892
17,22,7,6,0,1,10,50,146.0786315237115
14,17,11,11,1,0,10,50,142.3000699834664
12,27,9,7,0,1,9,49,143.49928864122538
12,25,17,10,0,1,14,48,139.4478830088984
17,26,9,9,0,0,12,54,151.76911756627243
15,24,12,5,0,1,15,49,144.5085697371348
10,23,17,8,1,1,9,43,132.11616952505088
14,26,18,10,1,1,8,44,135.11816339721764
16,22,9,9,0,1,10,51,144.47753849018756
17,21,12,13,1,0,10,51,142.99879383772603
19,23,11,12,0,0,11,55,153.00320481181174
15,24,12,11,1,1,8,50,141.34524259498522
15,23,11,8,0,0,12,50,144.65435180336488
15,26,9,10,1,0,10,54,152.69487953929124
15,23,12,9,0,0,11,49,142.10365881821534
13,19,16,4,0,0,14,42,132.96873507248506
12,28,10,11,0,1,13,56,153.5357330787471
17,21,13,9,0,0,14,51,146.65035598646807
11,21,10,13,0,0,11,48,130.99537216348463
14,28,10,9,1,1,14,55,153.76772699867607
17,26,14,4,1,0,11,42,132.9082232947933
16,27,8,3,0,1,13,52,153.39483440304852
13,23,10,9,0,1,9,47,134.68740540115778
14,30,11,10,0,1,13,56,154.6033968076794
11,21,12,11,0,0,10,48,139.07439116948316
15,27,12,12,0,0,7,53,147.7244037892008
17,25,15,8,0,1,11,48,141.70779497426503
17,26,10,11,1,0,12,52,144.74734703620877
17,23,8,11,0,1,8,54,150.78242392028608
13,24,11,9,1,0,11,47,134.7175962472484
10,28,15,8,1,1,5,43,132.58777802264467
13,27,13,10,0,0,10,51,144.34759745075627
13,24,10,8,1,1,10,50,146.06152844539957
12,27,10,10,0,1,10,50,137.28272137480823
15,21,11,9,0,0,7,47,137.26099191524503
14,29,11,14,1,0,11,54,146.9280131086453
16,22,15,11,1,1,10,49,141.2214243493883
13,21,9,11,0,0,13,53,144.47735071181458
14,28,12,11,1,1,10,52,144.2191889851641
9,27,10,10,1,1,9,50,142.16224852388737
13,27,12,16,0,0,11,55,149.79812654294233
16,27,11,15,0,0,9,54,146.962953024413
12,27,15,13,0,0,13,52,142.8130922914921
16,25,16,9,1,1,10,48,146.31150091143115
15,24,9,6,1,0,9,47,138.08247446005998
18,26,10,12,1,0,9,51,145.0138129546303
13,24,17,9,1,0,10,43,130.96460187387083
12,22,15,8,1,0,11,42,129.9390320743295
11,23,8,9,0,1,10,52,144.84657032298455
16,25,8,4,0,0,9,47,140.00886121623472
14,21,11,14,0,1,11,56,150.66818432984533
11,29,8,8,0,1,7,52,145.09502340047612
16,19,13,7,1,0,10,46,138.9403476483028
12,27,8,10,1,0,11,50,138.77863664232726
11,21,13,9,1,0,15,46,132.12188697546475
14,26,13,7,1,0,13,46,140.72965384878665
14,27,11,13,1,0,8,52,143.87891616988824
10,25,11,9,0,1,11,47,134.49870884880534
12,26,12,9,0,1,10,50,145.9467459634947
16,21,13,13,1,1,7,51,146.1050420947905
11,24,14,9,0,0,14,47,136.82674259803787
17,20,13,5,0,1,13,46,140.16824818895194
16,29,9,11,0,0,12,56,154.02535484642513
15,26,10,13,0,0,10,55,150.63298502264234
13,23,12,10,0,0,10,50,143.70313240178191
18,27,13,11,1,0,13,54,151.1600978720778
15,24,9,13,0,1,8,54,149.00230487743508
16,26,14,5,0,0,7,44,140.14309545811972
16,25,8,7,1,0,14,52,145.8529635074037
17,21,14,13,0,0,14,54,150.86090837877367
15,27,11,8,1,0,12,48,139.92858666243674
15,23,11,13,0,0,10,53,147.5766667691267
14,20,8,10,1,0,9,50,142.85463696152206
13,25,14,6,0,0,10,46,138.99639671372623
19,27,10,11,0,1,8,54,151.02374777441605
15,21,7,9,0,1,10,52,146.2970839138715
13,26,14,12,1,0,14,49,138.72832176171298
11,23,10,7,0,1,14,52,149.2262919429347
17,26,16,8,0,0,10,49,144.98517479568147
15,22,14,8,0,1,11,48,143.65750046993105
19,23,12,15,1,1,10,58,159.7389824486612
19,28,8,11,1,1,12,58,158.34174279628044
15,19,11,10,1,0,12,50,142.35988426234556
14,28,12,6,0,0,11,48,142.80972584728647
18,25,11,12,0,0,7,51,145.24660754308155
14,25,9,13,1,0,13,53,144.62994669512975
14,28,11,14,0,0,10,54,145.97862303920388
12,23,8,8,0,1,9,49,137.6778885521304
16,27,15,12,0,0,11,50,143.7234351137187
16,20,15,9,0,0,11,47,137.7391610776164
11,22,11,13,0,1,14,55,148.02520545654667
16,26,8,9,0,0,12,54,149.3614229816404
16,16,10,7,0,1,11,51,148.63458779003705
12,30,10,8,1,0,12,48,138.2159080923585
12,20,11,12,0,0,8,48,136.17911498513735
12,23,12,15,0,0,12,51,138.26197595712534
14,22,14,10,0,0,13,48,138.6164508610327
15,26,12,15,0,0,11,57,152.7407767528704
15,27,10,10,0,0,11,52,147.80405534052844
18,21,10,6,0,0,10,46,138.2979889720334
17,21,15,7,1,0,11,46,143.72909662352745
14,26,9,9,1,0,10,50,141.31420361591069
16,27,10,14,0,1,12,58,153.33127867941522
16,22,13,5,0,0,8,43,134.4638856476385
15,24,10,7,0,0,9,47,141.22500120512382
10,22,9,5,0,1,9,46,137.71111450465435
15,21,10,6,0,0,11,47,139.48671941766472
16,23,15,13,0,1,15,54,151.25133994670296
12,24,14,4,0,1,16,47,140.955368775842
13,18,12,6,0,0,12,42,126.46621190792608
14,23,12,7,1,1,10,44,130.56643925592974
17,25,13,7,1,0,6,46,141.88573968057116
16,32,8,6,1,0,9,50,144.64752455625012
16,25,8,11,0,1,10,54,144.89549828204164
15,25,12,7,0,0,10,49,143.32745812746904
15,25,11,4,1,0,9,41,129.16986079384887
17,27,15,9,0,0,6,49,147.36955942641245
18,24,11,12,1,0,12,53,147.84420283680083
15,26,15,8,1,0,10,48,145.0719251456703
14,22,13,8,0,1,14,50,145.4721032924405
16,24,10,9,1,0,12,51,145.47831461823807
17,24,11,14,1,0,12,57,151.6243378457081
11,22,14,11,0,1,11,47,134.92712091099293
18,22,10,13,0,0,13,56,152.16362719431356
14,22,11,6,1,1,7,44,137.16725396723018
15,20,12,4,1,1,10,44,140.91686195867908
15,20,10,11,1,0,14,49,137.91515712940566
16,26,11,9,1,1,10,52,147.89976047943446
10,25,9,11,0,0,11,50,137.75258115541206
14,31,8,10,0,1,11,54,147.64612331708028
15,22,13,13,1,1,11,52,145.68999825137007
14,26,10,9,0,0,12,51,144.84405458185978
15,25,13,7,0,0,7,45,137.64033858922463
17,27,12,13,1,1,10,54,154.18427817798366
13,30,14,10,0,0,10,46,134.9279017561313
13,26,7,7,1,0,11,51,145.77288116184508
16,27,12,11,1,0,12,54,151.23544799485038
15,24,16,12,0,0,11,52,149.01837323468465
12,24,13,12,1,0,11,48,132.79974422199038
11,25,7,11,1,0,7,50,138.16015567691676
18,24,9,8,0,1,11,55,156.73788762837077
14,25,8,12,0,0,9,55,151.05830596620848
15,22,15,6,1,0,10,41,133.46865613731617
8,24,9,9,1,0,9,48,137.57390642065675
14,24,12,13,0,0,10,52,140.99864628494473
18,27,10,10,0,0,11,54,151.02013160971555
13,21,11,9,1,0,8,47,136.3446499893891
17,24,10,12,0,0,11,51,139.3216556775976
14,23,10,10,0,0,9,49,139.9928062277981
15,22,11,11,0,0,11,53,149.0064805755562
14,28,11,7,0,1,13,51,144.83533214478635
14,26,14,14,0,0,9,53,144.66898282591728
14,24,12,5,0,1,11,46,135.70166136415594
16,26,12,16,1,1,8,52,139.67746338494032
13,23,7,8,0,0,13,51,141.87111113237432
16,22,8,14,0,1,11,57,154.94940896852972
14,27,11,9,1,0,10,48,139.30941990213833
17,27,13,10,0,1,14,55,154.80214877164622
13,24,7,15,1,0,10,56,147.7974847294889
15,25,13,9,0,1,12,51,149.95013972150178
11,23,12,10,1,0,12,48,137.0809820625041
15,29,12,12,0,0,14,57,155.19862665874584
17,27,10,10,0,1,6,52,148.89584437410394
16,27,14,11,1,0,12,50,140.45584916706153
16,25,10,9,0,0,11,49,140.16980580189568
20,24,13,10,0,0,11,53,152.78768617937084
10,23,11,10,1,1,12,51,145.62989153805665
12,20,15,11,0,1,13,48,139.50048335314193
13,21,8,6,0,0,9,46,134.15397017008743
10,19,8,11,1,0,10,49,137.21771984813944
13,25,9,8,0,1,11,50,143.1709425859699
14,25,12,7,1,0,10,46,137.85416991453977
14,19,11,11,0,1,12,51,142.0193181101563
19,24,12,13,1,0,12,53,147.9286595272852
15,29,10,8,0,0,11,54,153.45119401641222
19,28,13,6,0,1,6,49,147.5139462466878
14,24,20,9,1,0,10,39,126.2980972500893
19,22,13,7,0,0,13,48,142.49689196208425
15,25,14,18,1,0,12,56,149.79560244658438
15,27,10,12,0,1,13,56,151.6220526301432
16,24,8,7,0,0,10,50,140.63074167592134
15,26,14,8,0,0,12,48,141.51458206612944
13,26,11,9,1,0,12,48,135.6197077197015
19,24,18,11,1,0,8,48,145.98073610055567
13,26,12,8,1,0,10,50,146.921391446583
15,23,11,8,1,0,8,45,134.7250263694471
13,25,7,13,1,1,14,58,155.26452549507118
17,28,12,10,1,0,11,51,146.9013144003131
13,20,11,6,1,1,13,48,140.47614117365163
14,28,10,9,0,1,11,54,149.0238076025658
14,23,13,10,1,1,11,51,146.06973144947946
13,28,9,9,1,1,10,50,140.65547923358596
11,29,11,9,1,0,10,50,143.6964012783499
14,25,15,8,1,0,9,45,138.2500466982346
15,24,15,6,1,1,9,41,129.31475299510453
15,23,12,11,0,0,11,50,142.76932094021248
18,29,13,5,0,0,12,50,150.22257430243397
19,21,15,13,1,0,9,46,133.93736847886342
15,23,9,13,1,1,11,58,154.2230806898456
16,23,13,9,0,0,13,48,141.044313384746
15,21,9,9,0,1,10,53,148.27317932107553
15,25,15,8,0,0,9,44,135.60068468440315
12,22,14,6,0,0,11,45,136.70862916538337
16,26,11,6,0,1,10,50,149.0957363639916
16,28,10,8,0,0,13,52,146.83627054780476
13,25,8,12,0,1,9,57,150.90910856536203
13,23,11,2,0,0,13,44,137.09236502184734
21,23,11,12,0,0,7,55,153.60282834391535
16,23,11,12,0,0,13,55,153.9639417600185
15,24,10,15,0,0,15,58,153.41584158194283
20,23,14,10,1,0,9,48,143.38594729176074
17,23,11,12,1,0,9,51,145.39507519957206
19,30,14,12,1,1,11,56,156.9988823062405
14,22,14,13,1,0,8,48,139.85802112068967
14,26,16,8,0,0,15,47,140.36555826393715
13,28,13,16,0,1,8,54,145.79194952933102
16,29,15,9,1,1,12,52,150.79131332174583
18,23,11,9,1,1,11,49,142.873835442381
14,25,12,10,0,1,12,51,143.54729643127246
16,26,9,13,1,1,10,54,148.11903115848773
15,23,13,11,0,1,8,50,143.0041960335457
17,24,7,13,1,1,15,59,157.6090173226082
16,30,7,10,0,1,11,58,155.32018880711146
12,24,8,13,0,1,8,53,142.41218279836087
16,20,13,11,0,1,13,54,152.9834111220527
15,21,8,15,1,0,13,56,146.79674119632702
15,22,11,7,0,0,14,49,139.17631457013616
15,27,16,13,0,0,9,49,139.30763760371764
16,23,14,5,1,1,11,43,133.55532370122756
11,21,12,13,1,0,10,48,132.67529980389634
12,24,13,11,0,1,8,49,138.26850078181522
14,25,12,13,1,0,12,53,148.28164096747662
17,20,10,9,0,0,12,51,147.26446472005009
14,22,13,13,1,1,9,49,139.73975000644134
12,22,13,12,0,1,7,48,136.90021602091676
17,30,15,5,0,0,10,46,141.94522051671262
17,24,12,11,0,0,7,49,140.96151016120402
13,20,15,9,1,0,13,46,137.67488606860033
14,22,7,7,1,1,9,48,141.3936118095665
18,27,17,13,0,1,7,50,144.59050084499157
14,27,11,8,1,1,11,50,144.72433271931214
21,27,17,11,0,0,13,53,155.99194214733566
