age,education_years,monthly_income,dependents,gender,married,job_training,job_satisfaction
24,22,8,13,0,1,1,63.08002434106436
10,17,6,19,0,0,1,64.20560354886847
18,24,6,23,1,1,1,67.24467614686391
24,25,3,16,1,0,0,65.43022927395651
9,23,5,12,0,0,1,74.50457962254761
14,18,7,15,1,0,1,62.45695591534353
17,20,3,18,1,0,0,62.05216169999037
1,26,4,17,1,0,1,80.82989434099363
32,18,3,18,0,1,0,53.98838076294706
34,26,8,16,0,0,1,62.00870325268949
27,21,4,7,1,1,1,64.0497231448362
27,23,6,23,1,1,0,57.90478333100869
26,21,6,7,0,1,1,65.29910726386117
15,18,3,20,0,1,0,61.61765971760501
36,25,5,18,0,0,1,62.039299769694495
32,24,7,18,1,0,0,58.3877690321474
19,26,5,17,0,1,0,67.01600691627532
24,26,3,21,0,1,0,63.81237969004947
34,24,3,21,0,1,0,60.085893729796
24,34,5,17,1,1,0,76.76157159528458
29,25,2,14,1,1,0,64.67537364174076
23,31,3,14,1,1,0,73.54110794343777
6,17,7,12,0,1,1,67.03100755083284
31,23,6,13,1,1,1,63.21571285148285
26,20,4,22,1,1,1,61.897443520225615
29,30,7,14,0,0,1,71.58971613619322
12,19,7,16,0,0,1,64.00019071808622
41,18,4,17,1,1,0,49.61756076225736
14,27,6,15,1,1,1,74.43028439558026
34,27,4,6,0,0,0,63.62198770543191
29,26,3,11,0,1,0,66.65070325988009
25,22,6,16,1,0,0,57.40282946028896
13,29,3,22,1,1,0,72.4506350375285
20,19,3,19,1,1,1,63.29073379151889
18,23,8,15,0,0,1,65.69909140981936
26,27,4,16,1,0,1,70.89335581641426
25,28,2,8,1,0,0,68.35738710509003
20,31,6,12,0,0,0,73.88672917291703
33,28,7,10,1,0,1,68.74067724464896
13,30,3,15,0,1,0,75.95763584087385
25,26,8,24,0,0,1,63.70063267632381
48,25,6,13,0,1,0,53.824155425163205
17,26,6,8,0,1,0,68.78257690808245
37,31,6,22,1,0,1,66.8818319870142
42,16,6,22,1,0,1,45.75420542188641
25,24,5,27,0,0,0,59.5503521454519
36,17,6,17,1,1,1,52.32405738398014
41,20,4,14,0,1,0,53.63367699443431
19,27,6,20,1,1,1,70.35612649850783
31,25,2,20,0,1,0,63.08705133072975
13,23,10,18,0,1,1,66.32441711175449
18,29,6,14,1,1,0,70.16610006584922
17,26,5,19,0,1,0,69.02329939766715
8,30,5,12,1,1,0,78.50803243564661
22,24,8,14,0,0,1,66.3608058787175
22,29,4,22,1,1,0,69.4524603748613
17,25,8,8,1,1,1,71.47729968895945
33,25,5,14,0,1,0,60.00299522940991
27,26,4,11,0,1,0,65.73815246801838
32,20,8,17,1,1,0,52.82461768692155
28,25,5,10,0,1,1,67.83530379364807
26,27,2,12,1,0,0,71.01670373124097
25,25,7,8,0,0,0,64.21541507375274
26,27,3,7,0,1,0,69.28165096022809
9,24,3,14,1,0,1,74.99482731087123
24,25,5,19,0,0,1,66.85477647561696
19,25,2,14,1,1,0,68.86028995055479
24,30,1,20,0,0,0,71.31683599422422
14,35,4,10,1,1,0,83.33634725126296
1,27,8,19,0,0,1,76.99074505010309
19,24,5,18,1,1,1,69.14070818714616
25,28,4,12,1,1,0,70.13454151576501
24,21,5,16,1,0,0,59.002691017741526
26,24,3,15,0,1,0,65.21661653720483
34,27,6,15,0,1,1,64.40058113041387
15,25,4,15,0,0,0,68.17038593209595
11,26,8,14,0,1,0,68.5252132476637
40,23,5,21,0,0,0,55.26713623344774
25,18,8,20,0,1,1,56.54149105002261
25,19,3,11,1,0,0,58.44765770143143
24,30,4,23,1,0,1,73.16932888566211
9,23,6,18,0,0,0,66.2190586831837
37,25,4,11,0,1,0,59.8275017333733
18,31,10,17,0,1,0,67.8312260151313
25,28,8,17,0,1,1,69.76440525990046
17,24,5,13,0,0,1,70.07034221343503
17,22,4,18,0,0,1,67.56551724853045
28,30,8,17,1,1,1,69.72965633151793
30,24,6,14,1,0,0,59.960080897978166
17,27,0,18,1,0,0,74.69510662974082
13,22,8,15,1,0,1,68.47996711510628
34,24,5,15,1,0,0,58.60947272933777
26,23,5,22,1,0,0,60.294029466066185
22,17,4,16,1,1,0,56.75226040330056
19,22,7,16,0,1,1,64.552051873278
30,21,7,12,1,0,1,60.4702868956936
43,21,4,18,0,0,0,51.88956881089334
37,23,8,13,0,0,1,56.76396104211047
15,21,5,11,1,0,1,70.50438270884617
40,19,7,19,0,0,0,46.24083326038866
13,23,8,23,1,1,1,65.89593134662925
16,27,2,15,0,0,1,76.41115385304609
17,28,5,17,0,1,0,71.52294273605789
34,25,9,20,1,0,1,58.914921297064055
12,25,5,13,0,0,0,69.66699095245427
12,26,5,16,1,0,1,73.88047619000287
20,24,8,14,0,1,1,68.18172457810125
24,28,6,16,1,0,0,66.99580256514318
26,22,8,26,1,0,1,59.28143182515607
30,25,3,16,1,1,0,64.20407330158284
39,28,7,17,1,1,0,59.61936982828705
31,14,6,17,1,1,0,49.41971260529806
29,20,7,15,0,0,0,54.65993650571858
28,22,2,20,1,1,0,57.80536486515864
13,25,4,10,1,1,1,73.27230266079279
6,26,8,17,0,1,0,71.98134968598909
25,21,7,18,0,1,1,61.15808897410643
34,25,3,22,1,0,0,59.10432090006232
3,21,6,16,0,0,1,71.58330683921224
23,29,7,13,0,0,1,71.48448367694802
20,25,8,17,1,1,1,67.08234846793077
17,21,8,18,1,0,1,63.637775896041845
33,21,4,16,1,0,0,57.01962835109637
31,22,6,19,0,0,0,55.717319129391136
14,23,4,21,0,1,0,64.86755469395095
22,24,10,15,0,0,1,64.6125588013816
34,26,2,19,1,1,0,64.10796638138525
27,23,7,11,0,0,1,62.8328919023644
11,21,3,15,0,1,0,66.07702843542975
25,17,7,14,0,0,1,56.43899144684384
6,25,5,22,0,0,0,70.51540021449954
29,19,7,12,0,1,0,54.095278981808434
6,21,7,17,0,1,1,72.0698874471363
20,20,6,15,1,1,0,59.5461805212047
33,20,8,15,1,0,1,57.74328373453951
13,21,5,24,1,1,1,66.08724907635217
21,24,5,20,1,1,1,65.96134755029104
39,19,3,16,0,0,0,49.97980660090602
29,24,5,15,0,0,0,61.43521991748312
29,19,6,15,1,0,0,55.02755159105437
25,21,8,20,1,1,1,61.93450119920112
19,29,3,17,0,0,0,72.40944137222363
35,21,3,13,0,0,0,53.68853855322877
-10,16,9,16,1,0,1,70.11629299530088
29,23,4,13,1,0,1,63.317100004990245
42,24,7,17,1,0,1,56.27161145243437
33,23,5,19,0,0,1,60.14727760771104
34,32,4,24,0,0,0,67.1443217210064
7,21,8,12,0,1,1,71.24402191972396
27,16,8,12,0,1,0,52.14657422256429
8,21,9,20,1,1,1,67.56151466690453
24,26,0,20,0,0,0,67.37783484930493
10,28,2,10,1,1,1,81.6514162615771
31,22,7,21,0,0,1,55.65094036527109
16,18,8,17,0,1,1,59.958802448897245
15,19,8,19,0,0,1,63.18378316552571
20,26,5,20,0,0,0,65.22442644995797
20,15,10,20,1,0,1,53.88154777540709
32,30,5,24,1,1,0,63.98668995249813
15,20,4,19,1,0,1,63.98030573960557
20,25,5,16,0,0,0,65.12239026887501
35,19,8,22,1,0,1,53.21814593238167
29,23,8,13,0,0,0,57.80285446615908
30,23,5,14,0,1,0,59.04061557202943
16,23,5,21,0,1,0,65.61224660184872
26,22,5,15,1,0,0,59.62298105512696
30,21,5,23,0,1,0,55.650644070494565
26,26,5,19,1,0,1,68.63267804116063
12,25,5,19,0,0,0,68.78322767775337
34,26,8,18,0,0,1,61.493566607526574
5,22,5,20,0,0,1,70.97232342072678
10,21,7,18,1,1,1,66.25559094585475
16,25,2,13,1,0,0,71.80885994696727
16,28,8,18,1,0,1,73.4109611607083
25,32,7,23,1,0,0,69.3972602530781
28,29,8,7,1,1,1,70.19137708301503
21,29,4,13,1,0,0,71.23831850795425
36,18,6,22,0,1,1,52.38651122407107
27,27,8,18,1,0,1,66.73084003020658
23,19,8,10,0,0,1,61.20549121671419
24,23,4,16,0,1,1,66.48724227231862
25,22,7,17,0,1,1,62.12071027034027
27,25,9,12,1,1,1,65.13816127740785
18,25,5,17,0,0,1,69.99868348811474
21,19,4,12,0,0,0,60.35602432369627
24,24,6,12,1,0,1,66.87074816721059
2,18,3,13,1,0,1,72.08010211381514
7,22,5,18,0,0,1,70.67114924544452
27,20,6,10,1,1,0,58.7146696710966
19,27,7,18,0,0,1,69.59288105381376
29,28,8,15,0,1,1,68.59570762210026
16,21,4,15,0,0,0,63.41059796282218
28,23,5,21,1,0,1,62.4252667112662
37,19,5,20,0,1,0,50.83010339811276
3,23,9,23,0,0,1,70.6465733325125
0,17,2,8,1,0,0,69.55994731934705
29,19,5,25,0,0,1,56.10576683377568
25,23,13,12,1,0,1,60.51959701292092
35,18,0,6,1,1,0,57.28113651882899
39,23,0,21,0,1,0,58.487319731006245
42,23,5,18,1,0,1,56.59557195957064
43,29,3,17,1,0,0,63.228332616612086
26,24,8,17,0,1,0,61.29752050881273
36,17,2,13,1,1,0,51.64066061071071
38,27,5,13,1,0,0,59.88249147719536
35,18,6,25,0,1,0,47.6393194705248
32,29,8,14,1,0,1,68.03882753040938
35,22,5,12,0,0,1,61.04939066848448
28,19,10,9,0,1,1,55.979719167848096
19,21,5,25,0,0,0,58.29371560507411
18,34,9,18,0,1,1,77.93165482908273
30,25,9,8,0,1,0,59.38754727802462
26,25,10,16,0,1,1,64.37301513832296
23,29,8,11,0,1,1,72.42639729238961
27,16,7,16,0,0,0,50.69234582767877
30,25,9,10,1,1,0,61.28994566082328
12,21,7,18,0,0,1,64.79430221778716
27,26,6,22,0,1,0,63.16140514291436
25,27,2,16,0,1,0,67.71381933476258
37,23,3,16,0,0,0,55.505258355686045
-5,23,2,17,0,1,0,76.16547529417944
30,23,6,18,1,1,1,64.51136118018825
46,22,5,13,1,0,1,56.3638016363286
27,32,3,10,1,0,1,76.59546348205633
23,29,9,19,1,0,1,70.6599808510735
29,23,3,13,0,1,0,62.02227707100959
6,29,9,17,0,1,1,77.754383950431
29,18,4,11,0,0,0,54.1241921994015
25,30,7,15,0,0,1,70.52968596948412
29,17,6,7,0,0,0,53.83379392343814
21,26,5,22,0,1,0,66.2549319536637
28,22,3,15,1,0,0,58.61349637135517
23,22,6,14,0,0,1,65.35392012518075
37,23,5,25,1,1,1,57.06976033163453
23,20,5,22,0,1,1,58.976302628814594
19,29,4,14,0,1,1,75.40556120562825
20,23,5,5,1,0,1,70.78095877227005
35,29,5,13,0,1,1,70.34422641157052
19,22,6,18,0,0,1,66.0622999722103
17,20,4,5,0,0,1,68.07243280065556
19,20,7,14,0,1,0,58.7728170711718
38,27,5,12,0,1,1,63.61799392264302
20,22,8,13,0,0,0,59.17476054014501
27,21,7,17,0,1,1,62.71203180909792
32,24,8,6,1,0,1,63.4232088406094
24,27,8,6,1,1,1,70.74091545074056
30,24,9,22,0,0,1,62.21553753048237
5,29,8,10,1,0,1,79.54458911546284
27,29,6,10,0,1,0,68.31342407173251
38,20,3,12,1,0,1,57.121169759268
21,26,6,13,0,0,0,65.28923430833444
28,19,4,17,0,1,0,56.56055112817516
35,16,5,19,0,0,0,50.324441546087286
14,20,5,19,1,0,1,65.79372354623216
13,25,3,17,0,0,0,70.16947328769437
28,18,8,17,0,1,1,54.42149454180882
34,22,4,21,0,1,1,59.400269186795306
28,22,0,15,1,0,0,62.4388316301118
35,31,3,16,0,1,0,68.27195309366616
36,21,9,18,0,0,1,56.26562797477045
28,24,5,16,0,1,0,61.33592661273333
26,23,1,20,1,0,0,63.85629218579688
10,30,6,10,0,0,1,79.68259571907049
11,25,7,12,0,1,0,70.48594989164442
20,24,5,15,0,1,0,63.74281505984668
24,24,6,23,0,0,1,63.23483071813004
21,21,5,17,0,0,0,60.03755702320962
30,28,4,7,0,1,0,70.16811945538664
24,27,7,17,0,0,1,68.09731940599488
27,23,5,17,1,1,1,64.24179906398541
36,24,7,18,1,0,1,60.056217574573004
38,23,5,13,1,0,1,59.8633999658366
33,19,1,15,1,0,0,55.08701516931604
23,18,6,24,0,0,1,58.70874247360448
11,19,5,21,1,1,0,64.04470633189864
37,23,5,19,1,0,1,58.838649083934335
19,28,7,9,1,1,1,75.85714619985733
38,16,5,19,1,0,1,51.21629649521528
15,27,7,14,1,0,1,74.53290689073982
20,25,0,18,1,0,0,70.03783312016213
46,30,3,13,0,1,0,62.93131355141575
28,27,4,9,1,1,0,65.49974086374691
31,21,1,20,0,1,0,58.39912262580091
11,28,4,29,0,1,0,69.13617051669064
24,30,8,13,1,0,1,71.14912189698217
31,24,2,16,0,1,0,61.29831354482804
36,23,9,8,1,0,1,59.55884027355346
16,25,8,20,1,1,0,66.05720566084298
13,22,5,15,0,0,1,70.38955624684577
19,21,0,8,1,1,0,68.04843100348407
11,16,9,10,1,1,1,62.227039729131256
18,22,5,23,1,0,1,65.02722354432828
24,22,7,7,1,1,1,66.71151764102383
2,24,9,20,0,1,1,74.11062145840056
29,24,6,10,0,1,0,61.23867600893039
11,18,6,10,0,1,1,67.14300885510349
33,25,3,8,1,0,0,64.82009263940303
45,26,5,12,1,0,0,58.05872238244094
41,29,7,15,0,1,0,58.43617558290892
13,26,6,12,0,0,1,74.1332373151851
33,28,4,20,0,1,0,61.75474859369371
39,22,6,9,1,1,1,57.38004141825302
-13,24,5,12,1,1,1,84.17191479049845
33,22,8,22,0,0,1,57.92088501902454
1,27,8,26,0,0,1,76.80344851243491
9,32,4,20,1,0,0,79.36124392974915
27,30,3,11,0,0,0,71.9978299720006
23,22,3,17,0,1,0,63.16187439126062
12,23,5,16,0,1,0,68.03246757465091
21,21,3,15,0,1,1,65.48885859567211
29,27,5,12,0,1,1,70.02198416275407
34,23,3,16,0,0,0,57.73609237117701
39,31,4,19,0,0,0,64.25819791266431
15,26,8,10,1,1,1,73.05959596637409
19,21,5,15,1,1,0,62.44202923325867
30,24,2,20,1,0,0,60.87007418535815
25,22,4,10,0,1,0,60.89749367980076
31,22,9,19,0,0,1,57.20827909204842
36,29,2,16,1,0,0,64.36890865857231
35,29,3,8,0,0,1,70.29212253428028
21,24,3,19,1,0,0,64.74375920562942
35,22,3,15,1,0,1,60.61150416673351
33,27,7,16,1,0,1,63.5425306710533
21,28,12,12,1,1,1,68.54980740136646
15,23,8,11,1,1,1,69.76639491651325
23,25,2,16,0,1,0,67.23605716809794
32,17,5,9,0,1,0,53.18139846101658
29,21,5,18,0,1,0,58.51848038692065
18,25,5,18,1,0,1,69.61212970514403
31,24,5,23,1,1,1,62.67860742814892
25,27,9,17,0,1,1,67.05561562647573
46,20,7,15,1,0,1,52.45523624922578
29,32,8,8,1,0,1,72.1928048277985
30,30,2,16,0,0,0,68.77520392768247
38,25,5,4,1,1,0,60.98879629797776
34,29,6,15,1,0,1,67.95405333153602
18,21,8,13,1,1,1,63.68289710955683
11,31,5,10,0,1,0,78.16411309144144
20,28,6,18,1,1,1,70.64947632048698
30,29,3,17,0,0,0,66.72337240024493
24,23,7,15,0,0,1,63.81913763173117
15,26,4,19,1,1,0,70.10736558837695
19,31,6,9,0,1,1,78.31512086341625
36,24,8,15,1,1,1,58.89800413594643
39,26,3,16,1,1,0,60.57047395739068
39,21,6,13,1,1,0,53.20195291689142
40,23,6,15,1,1,0,56.16895922230664
35,18,8,12,1,0,1,52.781480258353135
22,22,7,14,0,1,0,60.3424497689616
22,25,6,16,0,1,1,68.24407832078445
41,21,5,12,1,0,0,51.19261271989643
17,23,5,16,0,1,1,68.8328883384263
34,25,7,18,1,1,0,59.08487063674218
33,25,7,16,0,0,1,62.241636750180376
23,21,7,25,0,1,0,56.39922462993333
7,30,5,18,0,0,1,79.54746783740252
22,24,5,12,0,1,0,65.32326809703957
35,18,7,6,0,0,1,55.46402176520521
26,25,5,12,0,0,0,63.20206639028111
32,26,5,16,0,1,0,62.90668462422751
38,25,5,19,0,1,0,57.50869034627135
26,23,5,20,1,1,0,61.7218675359708
-3,20,8,14,1,1,1,72.75710787524324
32,20,8,16,0,0,1,57.67624762873304
20,26,6,15,0,0,1,68.24745957697348
18,19,6,13,1,0,1,61.5261152741978
22,26,3,9,0,0,0,70.61707580458977
20,23,5,20,1,0,1,66.15978992283968
34,16,5,16,1,1,0,49.88169270480426
46,26,6,9,0,0,1,59.28095323786604
11,22,10,13,1,0,1,67.64714385907
24,26,6,13,0,1,1,69.43241673594271
26,22,3,14,0,0,0,61.46513583739157
37,23,4,13,0,1,0,56.17425951439806
15,24,1,10,0,0,0,70.67702987138105
12,26,9,13,1,1,0,69.36020776528316
30,25,3,12,0,0,0,65.34846579685127
22,20,6,11,0,0,0,58.13895688362385
29,21,6,18,0,0,0,54.00423064660857
13,29,5,14,0,0,1,78.31616266391792
19,31,5,11,1,1,0,74.96705974778207
18,27,5,8,1,0,0,70.45666607444036
8,25,6,16,0,1,0,71.82707092999487
3,34,4,25,1,1,0,83.33458109997773
30,30,6,13,0,0,1,70.83897914689446
24,27,5,14,1,0,1,70.05198657440489
16,25,0,19,1,0,0,71.11126599381244
37,29,3,19,0,0,0,63.93006181144583
43,25,8,11,0,1,0,54.4112078412914
13,25,8,19,0,1,1,70.24607917714907
21,21,3,24,1,1,0,60.31444812435807
10,25,11,15,1,1,1,71.47500492850584
13,23,5,10,0,1,1,71.01198712828752
25,21,9,25,0,1,1,58.84952821641301
19,19,6,15,1,1,1,62.82918672253016
30,30,6,23,0,1,0,64.15935658678404
14,26,7,16,0,1,1,71.4869745997692
19,23,1,11,1,1,0,65.84029777977064
23,23,7,21,0,1,0,59.97936376506905
32,27,7,20,0,0,0,57.967442665337934
30,22,5,14,1,0,1,62.56075963971986
23,21,3,23,1,0,0,58.07040456078003
47,23,10,17,0,0,1,52.98699184892721
20,22,3,16,0,0,0,64.65371973268829
20,24,6,26,0,0,1,64.59765675683592
23,19,4,14,1,0,1,64.88004040033015
15,21,7,23,0,0,1,64.9543736403367
36,22,4,11,0,0,0,56.41451244388999
12,22,11,13,1,1,1,66.42263309819148
19,31,6,18,0,0,1,74.03153807096858
21,23,6,19,1,1,0,64.18516539308445
5,22,6,13,0,0,1,70.33246120746331
23,19,5,11,0,1,0,59.712082840415135
37,21,2,20,1,1,0,53.93721681934978
38,22,5,19,1,0,1,57.31739084503583
25,14,2,20,0,1,0,52.72485475037275
35,25,3,20,0,1,0,60.3760745031501
33,21,3,17,0,0,0,55.96967277203954
4,21,7,18,0,1,1,72.04624334059734
24,24,5,23,0,0,0,60.487913380102434
37,16,7,11,1,1,1,52.84672711916518
43,23,8,16,1,0,1,55.4618324509095
8,21,0,17,0,1,0,69.82391316143739
14,24,7,16,1,1,1,68.79715656945028
30,20,4,18,0,0,0,57.39794800240691
29,23,8,25,1,1,1,59.37607982400816
20,23,6,15,1,0,1,67.49077570588143
10,26,6,14,0,1,1,75.98822105764701
20,21,4,22,1,1,0,61.40901084715485
17,28,5,10,0,0,1,75.25524645212997
35,26,6,16,1,0,1,64.01803089254582
11,29,6,22,0,1,1,77.23695690552198
31,24,1,17,0,0,0,63.220324935633705
28,22,4,17,1,0,0,58.594867928838745
20,28,4,20,1,1,0,69.42048031901568
30,28,5,13,0,0,0,66.53426725816567
12,23,2,17,0,1,0,68.70062435848169
20,22,2,22,1,0,0,64.31005508471641
47,27,7,12,0,0,0,54.4839711038238
34,30,8,7,1,1,0,66.13092772851371
25,22,8,26,1,0,1,59.97411704377025
11,24,8,10,1,1,1,74.12430815009425
20,20,4,16,0,1,0,63.1855948865114
17,21,5,20,1,0,1,67.68536633632168
17,22,1,23,1,0,1,66.81515791953896
9,27,6,21,1,0,1,74.99042349004209
6,19,4,17,1,0,1,68.75984390148052
34,26,5,16,0,1,0,62.516868140753616
22,20,1,14,0,1,0,63.53088820868215
22,24,5,26,1,0,1,66.52074195236398
37,26,5,15,0,1,0,61.43265189247526
16,19,7,8,1,0,1,65.60016258707732
31,25,6,24,1,0,1,61.04178944418364
23,27,5,27,0,0,1,68.58229424171616
31,19,7,22,0,0,1,55.17100816949335
14,18,5,11,0,0,1,65.73147520600209
44,24,6,15,0,0,0,54.7894061199348
19,16,7,17,0,0,1,58.179577407004366
41,27,9,14,0,1,0,57.56164793831103
22,17,7,11,0,1,1,60.68923919028379
26,27,0,8,1,1,0,70.05208904304898
32,28,5,16,0,0,1,67.8179156611487
21,22,5,13,0,0,1,65.03942569168768
22,19,6,19,0,1,0,57.26611373626654
50,27,6,21,0,1,0,53.07177819332055
37,29,6,3,1,1,0,65.24888693188629
25,30,3,17,1,1,1,75.24841879331576
21,24,8,15,1,1,1,66.75662958760658
27,29,4,14,0,0,0,68.59120919253259
12,19,7,26,0,1,1,60.82999908232465
23,13,7,20,0,1,0,47.51046195789757
37,19,8,22,0,0,0,47.20232125903049
28,24,8,13,1,1,0,59.10722102419023
30,19,3,2,0,0,0,59.27126201655043
26,21,8,24,1,1,1,58.328691829281
14,18,5,20,1,1,1,63.47260001294679
22,20,4,22,0,0,0,58.15205732503016
29,26,6,15,0,1,0,62.99390086739359
-5,23,6,18,0,0,1,78.57361939375002
6,25,7,12,1,1,1,74.43631221629852
28,19,7,20,1,1,1,57.52453799290774
29,22,7,21,1,1,1,60.355012981926606
21,23,6,18,1,0,1,65.71500413604292
12,23,6,15,0,1,1,69.8442498727338
20,19,5,14,0,0,0,58.72291345404436
32,23,7,13,1,0,0,57.71516430619237
24,24,4,12,0,0,0,63.82144170611716
14,30,6,22,1,1,1,78.54141535132318
41,17,7,13,0,1,0,48.33134812944667
13,21,6,21,1,0,1,67.08526308823512
18,22,5,16,1,1,1,68.51712588374961
30,32,5,16,1,0,0,67.63301585277375
37,25,3,10,0,0,0,59.92892693509263
27,23,3,19,1,0,0,59.52498690968853
17,20,2,18,0,1,0,62.88392620334058
9,23,2,9,0,0,1,75.72305288112761
35,16,10,17,1,1,1,47.983068478043215
12,24,9,18,1,1,1,68.4921373865556
19,28,4,9,0,0,0,70.68565490395025
31,18,5,21,0,0,1,54.788635337505845
12,25,2,12,0,0,0,72.98281308506516
26,26,6,21,1,1,0,63.5232635820473
22,19,8,13,0,1,1,59.64094374592205
17,26,8,16,1,1,0,66.45594750252785
20,24,4,13,0,1,0,66.78796182113761
22,25,7,9,0,1,0,66.29205077464701
21,25,3,12,1,0,1,70.2908519535238
23,25,6,16,1,1,0,63.51670063114232
34,28,9,20,1,0,1,64.79418590482469
22,22,4,7,0,0,1,69.67901554339862
24,18,4,14,1,0,0,56.745784283837125
21,25,4,13,0,0,0,67.94350711653559
-3,23,4,8,0,1,0,76.83022102830454
19,29,6,12,0,0,1,76.24784696704795
20,26,9,17,0,1,1,69.5627905322941
7,24,2,13,1,0,1,76.72209067726783
12,30,8,13,0,0,0,73.61005944472004
18,23,7,19,1,0,1,65.6506576337794
31,26,7,22,0,1,1,63.105063547547424
37,18,4,23,0,0,0,51.332440364929255
36,23,4,9,0,1,0,59.92768210636149
30,14,7,12,0,0,1,53.84388137703531
42,24,7,7,1,1,1,60.00683176735353
13,26,5,18,0,0,1,73.41192665412972
24,20,4,11,0,0,0,60.67935575806602
27,28,7,15,0,1,0,65.43052198262359
28,20,8,16,0,0,1,57.925870168483286
34,20,3,20,0,1,0,56.78291146676198
15,25,5,7,0,0,1,72.28424976866532
36,24,5,13,0,1,1,63.08760757303983
35,24,5,9,1,1,0,62.01032129152874
12,24,5,10,1,1,0,69.69264352438272
21,20,6,15,1,0,1,60.84881314706542
11,22,7,22,0,0,1,67.86106399867221
14,22,7,27,0,1,0,61.740887049285206
31,22,5,11,1,1,0,58.26167107569882
38,23,5,17,1,1,0,56.44406063857233
19,33,2,26,1,1,0,76.62369123034037
25,27,2,19,0,0,1,71.1112498022426
16,31,6,14,0,0,1,78.7986918893576
13,20,7,7,1,0,1,67.8903692708171
19,20,3,13,0,1,0,63.57855378283672
25,31,0,19,1,0,0,72.10192943890208
20,26,7,10,0,0,1,69.66682557771236
29,26,4,9,0,0,0,65.32638427907422
22,19,3,14,0,0,0,60.26437566499931
22,26,3,8,1,0,0,69.00496195440627
28,28,2,15,0,1,0,67.60161437289403
27,21,5,13,0,1,0,59.13962280737229
39,23,6,15,0,1,0,54.627827028813066
24,28,7,23,1,1,1,69.12391814417582
14,23,3,18,1,0,1,72.25874247306612
14,34,7,24,1,0,1,77.42336151162984
36,25,4,19,1,0,0,57.1348707788962
40,20,7,9,1,1,0,51.19166309728374
23,21,6,20,0,1,0,59.3893374776293
29,29,8,14,0,1,1,67.8158368043548
28,23,3,20,0,1,0,60.688338431208656
23,25,4,21,0,0,1,69.49711346779226
14,24,7,17,1,1,0,66.59775982951018
13,28,0,10,1,1,0,76.10287054751828
20,21,4,11,0,0,0,62.56260762839611
30,22,6,13,1,0,0,57.68568772994495
17,20,7,15,1,1,0,61.79740495042903
26,29,9,21,1,1,0,64.14127795076874
43,23,9,21,0,1,1,53.79369843655411
21,12,4,18,1,0,1,53.94106938377941
20,24,1,12,0,0,0,68.27197679326513
16,21,5,12,1,0,0,64.00793052825485
24,26,5,19,1,0,1,68.61612460025614
15,25,8,16,0,1,1,69.31098591473173
31,26,4,24,1,1,0,60.04421117717
10,27,6,20,1,0,1,74.31212097050506
14,22,8,17,0,0,1,68.17062787278876
27,22,7,9,1,0,1,64.58408719343491
16,29,8,13,1,0,1,74.1418394115861
20,26,5,12,0,0,0,68.7325301033073
32,26,4,20,0,0,0,59.80684402775942
21,22,5,15,0,0,0,63.1667285908897
27,22,8,16,1,0,1,59.72829709067589
17,28,6,14,1,1,1,73.69710709866331
18,22,5,15,1,0,0,63.81915741474755
11,27,8,12,0,1,1,75.50354194767921
31,19,5,18,0,1,1,56.40998391572483
22,27,8,18,0,0,1,68.59568052563297
-7,21,7,8,1,1,1,78.75773145407854
22,25,9,13,0,0,1,65.98117531543971
9,23,5,20,1,0,1,70.48711027212333
21,22,7,11,0,0,1,66.14463291056092
33,26,6,12,0,1,1,64.189785512729
34,24,8,12,1,0,0,56.73812889244186
29,19,8,17,0,0,0,52.94760829563844
16,27,3,17,0,0,1,74.28992849818533
24,18,4,22,0,0,1,60.90898176713743
52,18,5,17,1,1,1,47.70509133984593
17,16,8,10,0,1,0,57.68677269694238
26,23,3,20,0,0,0,60.99426545023727
11,20,6,16,0,0,1,66.90119678638804
14,21,4,13,1,1,1,69.67912396453758
27,19,3,18,1,1,1,59.75482720079406
14,21,7,20,1,1,1,68.03653598513421
36,18,8,6,1,0,0,51.40924648058161
38,35,3,9,1,0,0,71.42611615727817
31,20,7,12,1,1,1,58.730749035648536
28,22,10,22,1,0,1,57.778715324453486
29,25,4,20,0,0,0,60.3784446493098
20,8,4,13,1,1,1,52.366973847995496
37,21,0,16,1,0,0,54.80216790219591
37,19,5,20,0,0,1,53.86895983780344
20,26,4,17,1,1,0,67.58119838893091
35,20,2,19,1,0,0,53.86874534483157
30,21,5,18,0,1,0,55.90998988276344
12,26,3,14,0,1,0,73.62081888397407
42,17,9,22,1,1,0,44.20314020253053
7,21,5,13,0,0,1,70.65824997132913
18,23,5,18,0,1,0,65.32889343630268
34,27,4,16,0,1,0,64.03286439570371
11,31,9,13,0,0,1,78.61988265092732
28,21,5,17,0,1,0,56.453118524925536
10,24,10,18,0,1,1,70.54712489133107
9,24,7,17,1,0,1,71.73340026611386
25,30,8,12,1,0,1,71.34698661018399
29,20,5,24,0,1,0,54.12396257630039
34,13,8,19,0,0,1,44.90503862607908
23,20,6,16,1,1,1,61.9701135440781
19,27,4,12,1,1,0,71.84543801461135
27,26,4,14,1,1,0,66.36861933942099
20,17,4,17,0,0,1,58.89957540292492
28,25,6,14,1,1,0,61.753102922652616
36,21,2,22,0,0,0,54.77914804872477
26,28,2,14,1,0,0,69.34320079265667
4,28,7,21,0,0,1,77.45950728284494
23,25,5,14,1,1,1,70.43394845400744
20,25,6,11,1,1,0,65.55527486654027
17,24,7,26,1,0,0,62.64381080609592
46,27,4,18,0,0,0,55.38770836504123
19,18,7,18,1,0,1,60.591941166801824
16,26,8,19,0,0,1,69.55646104911462
14,16,3,16,0,0,0,57.67252922675938
26,21,1,18,1,0,0,59.81041465588055
2,25,5,23,0,1,1,73.25543031988101
25,27,8,18,1,0,1,67.97489690737287
39,25,9,13,1,1,1,59.56222448308334
13,24,2,21,0,0,0,68.395029261919
25,28,8,18,0,0,1,67.93099594148043
14,27,10,24,0,0,1,69.4087180593228
17,32,3,11,1,1,1,81.33234458962151
56,29,6,11,0,1,0,54.59414761770961
22,24,8,15,1,1,1,65.61529283692828
29,30,6,11,1,1,0,68.700947735734
22,33,5,23,0,0,0,73.5845523706181
39,32,3,18,0,1,0,67.17132340685804
23,26,3,11,0,0,0,67.70670305962126
6,24,6,10,1,1,1,75.27937113642405
35,24,4,20,1,1,1,61.78616661971577
21,28,6,8,0,0,1,72.79416461344316
7,31,2,14,0,0,0,79.7149138809533
26,26,3,14,0,1,0,67.80057965392436
18,25,5,16,0,0,1,67.32189271250515
24,27,4,15,1,1,0,66.72802076510328
19,29,7,22,1,1,0,68.39868308677958
15,22,5,10,0,1,0,67.22895982646003
42,19,7,7,0,1,0,49.79966753378276
15,18,5,7,0,1,0,61.498543016977465
34,19,4,14,1,1,0,52.81812392520228
23,23,6,16,0,1,0,62.222413874169575
34,25,3,22,0,1,0,59.14616521899397
15,29,3,13,0,1,0,74.02743795384656
9,16,5,17,0,1,0,60.03329015815208
21,18,8,10,1,1,1,61.08781639853361
19,24,8,17,1,1,1,67.24036804172974
4,29,5,19,0,0,1,80.6084323143019
29,33,7,24,1,1,0,67.9852038516891
23,24,7,16,1,0,1,64.06814472593534
20,21,5,12,0,1,1,66.00602794957821
31,23,6,21,1,1,1,62.61198627947706
10,30,4,15,1,1,0,76.78164995473995
42,30,6,13,1,0,0,60.20597378508942
4,22,7,17,0,0,1,71.48389140804306
17,22,5,11,1,0,1,68.00831519717806
23,24,1,13,1,0,0,66.42994458095906
15,22,5,13,1,1,0,65.26372674422737
29,28,8,16,1,1,1,68.42520481614412
28,22,6,19,1,1,1,60.17860669215085
16,18,3,19,1,1,1,63.32162662864615
27,24,0,18,1,0,0,63.17209765338817
21,35,6,13,0,1,0,74.91333416617246
36,22,8,25,0,0,0,51.081077498238415
27,16,4,24,0,1,0,51.6895427494205
24,25,6,18,0,1,1,67.82490111526911
25,20,7,16,1,1,1,62.15980251975672
26,21,7,20,0,0,1,61.809626206836754
18,15,5,13,1,0,1,58.95600473187655
31,26,8,8,1,1,0,62.92330805499488
12,22,7,11,0,1,1,68.86443648360967
13,31,7,19,0,1,0,73.4685808633142
37,27,7,19,0,1,0,60.44237254896757
37,28,4,9,1,0,0,66.13893858054136
23,25,4,20,1,0,0,65.27884565477558
23,24,11,22,1,0,1,62.30069864469421
40,25,6,16,1,0,0,57.58250670666349
8,24,7,16,1,1,1,69.99367467318069
29,14,4,16,0,1,1,54.46698114300851
18,22,7,13,0,1,1,66.67445608117998
38,19,8,23,1,0,1,53.27249063178876
11,24,5,24,0,0,1,68.86662238287981
34,18,7,11,0,0,1,55.47398903557073
23,24,3,17,1,0,0,66.95641127520997
39,21,9,17,1,0,1,54.3585412667823
11,19,3,20,1,0,0,64.9072809963882
35,29,5,16,0,0,0,63.89674468057133
45,24,4,15,1,1,0,54.5512669362348
22,22,6,18,0,0,1,63.3080486079103
29,29,7,11,0,1,0,65.90316401442675
13,25,4,15,0,1,1,73.85463181366819
43,15,10,17,0,1,1,44.27744470481043
13,27,4,20,0,0,1,75.65138632379612
23,26,4,5,1,0,0,67.97192690929226
12,25,6,8,0,1,1,75.94224531670963
12,29,8,14,1,0,1,77.48125375219223
18,26,8,16,0,0,1,70.6560756768584
42,29,7,17,1,0,1,63.270897107409446
28,17,10,14,1,0,1,54.19022602129984
8,24,3,14,0,0,0,72.00456525166912
13,19,7,16,1,1,0,60.70463511330335
27,20,6,19,1,0,1,59.97122765285406
27,27,7,24,1,1,0,62.338384869480784
11,18,7,18,0,0,1,63.78694761291565
18,29,4,16,1,0,0,71.20099385135931
7,14,5,14,0,0,1,63.175362965376046
17,32,9,19,0,0,1,76.75723293898184
11,27,7,13,0,0,1,75.70315965598256
35,23,4,6,1,0,0,59.290361011227695
21,24,7,15,1,0,1,67.77893674396744
33,18,3,17,1,0,1,54.95055695202825
19,27,6,22,0,1,1,71.28791860546006
20,22,5,13,0,0,0,62.73415014476776
3,21,7,13,1,1,1,72.09921269621087
22,17,3,14,0,0,1,60.022300736437984
36,31,3,17,1,1,0,67.67660717812203
19,30,6,12,0,1,1,75.7226581581276
37,25,6,22,1,1,0,56.920313394952615
35,28,4,17,1,0,1,65.76565846902604
31,24,6,18,1,1,0,60.63306233050815
17,27,4,20,1,1,1,74.00924048230071
31,28,4,14,0,0,0,65.16118449664877
28,23,6,17,0,0,1,63.223082339848055
8,18,4,17,1,1,1,67.90916435260814
19,23,5,15,1,0,1,67.95282854792633
46,25,7,12,0,0,0,53.55574606466252
6,29,8,16,0,1,1,78.23544992318942
24,24,3,12,0,1,0,66.47054562889927
31,23,4,12,0,1,0,60.04421303067885
31,21,2,14,0,1,0,60.124164120630056
26,21,9,8,1,0,1,60.37671208064991
10,24,7,15,1,0,1,72.05926512183672
7,25,3,22,0,0,0,72.5105821131391
24,25,5,9,0,1,0,65.04128497012444
31,15,4,16,0,1,0,50.75822907438461
20,27,6,20,1,1,1,70.51126871568016
7,26,7,14,1,0,1,76.43100146401716
36,29,7,13,0,1,1,66.21316798608919
48,23,1,17,1,0,0,53.49159944338034
18,33,5,13,1,1,1,79.1386889432596
34,13,4,11,0,1,0,48.04817364214437
21,31,9,10,0,0,1,76.03211038680652
20,24,7,15,0,1,1,68.27530583122251
12,17,4,16,0,0,0,60.96926258613352
24,27,8,18,1,1,1,66.36943533551508
28,16,7,18,1,0,1,51.95406547817026
19,21,5,10,0,0,1,64.65292299977807
36,26,5,15,1,0,0,60.06860135517388
13,29,5,11,0,1,0,74.67927477658606
39,22,8,16,0,1,0,53.24532158778478
21,18,4,10,0,0,1,61.93400964832745
20,23,6,13,0,1,1,66.60382831048717
19,28,8,11,0,0,1,71.07477075780756
11,26,10,13,0,1,1,72.02011067369214
22,21,6,15,1,0,1,62.72241964826288
28,25,2,19,0,0,0,63.89838234840382
27,28,2,14,0,1,0,68.38267577253308
28,27,8,11,1,0,1,68.53638979985949
20,22,2,15,1,0,0,65.62263449271384
18,21,8,26,0,1,1,62.94731477261803
27,20,3,18,1,0,0,58.15646370555808
24,19,5,15,0,1,1,61.03622843023973
6,27,7,18,0,0,1,77.27330767647675
27,24,2,16,1,0,0,64.69239221020977
39,24,2,15,0,0,0,58.19832493086834
33,25,7,17,1,0,1,60.1892996034581
31,25,5,15,0,1,0,62.10444336834889
20,26,5,15,1,1,0,67.62637439205581
26,22,3,18,0,1,0,60.8004893896497
20,25,8,17,1,0,1,67.07540835780722
20,29,5,17,0,0,1,73.24340953926415
27,24,10,22,1,0,1,60.26334771277475
9,20,3,18,0,0,0,66.54221581032164
37,20,6,26,1,1,1,52.69566726459399
26,21,7,13,1,1,1,62.13824462503867
30,23,8,24,1,0,1,57.901306909021685
23,29,8,20,1,1,1,71.82042294230322
39,21,4,21,0,1,0,53.54620052256766
22,21,8,18,1,0,1,60.78160077425182
37,20,3,16,1,0,0,52.8953309864832
20,18,2,8,1,0,1,66.43701873012303
14,27,5,15,1,1,1,74.22267820181389
23,24,2,17,1,0,0,65.10114803445654
3,24,2,14,0,0,0,73.90903989847043
11,24,8,18,0,0,1,71.06976267805742
8,24,6,16,0,1,1,75.02019451010429
20,18,5,21,0,1,1,60.703654228470285
21,31,8,21,0,0,1,73.59980481077969
14,25,3,13,0,0,0,70.01010890611295
25,24,6,16,1,0,1,64.79645560174411
19,13,4,20,1,0,0,51.926230649240026
12,26,5,12,1,0,1,74.89490019829746
32,27,6,16,0,1,0,62.626226401624166
36,20,5,10,0,1,0,55.105732086746144
30,23,8,12,1,0,1,64.31486987382654
13,19,5,22,1,1,0,61.37667986152975
11,29,6,13,1,0,1,78.87993799952682
17,25,5,14,0,0,0,68.2212407475231
14,26,10,24,0,1,1,68.51369483803367
12,24,4,21,1,1,1,72.7349025969718
16,23,5,25,1,1,0,64.38873645866445
20,32,4,12,0,0,0,74.83259791360334
24,28,7,14,1,0,1,69.33927026452969
29,21,4,14,0,0,0,58.591315936862784
16,32,6,22,0,0,1,76.86301199690905
17,18,3,13,0,0,1,66.3258788162798
27,25,13,11,0,0,1,61.81375705838915
37,18,4,14,1,0,1,54.74287414416588
13,12,8,12,0,0,1,56.79694665776288
15,22,3,15,1,0,1,69.71084807075334
26,21,9,17,1,0,1,59.30499186621672
13,19,7,18,0,0,1,63.48014300489819
23,16,2,12,1,0,0,58.5805737246772
25,26,7,12,0,0,0,65.35827186520791
17,22,8,19,1,1,1,66.95098743283107
18,26,6,17,1,1,1,71.256968738697
7,19,2,19,0,0,1,68.05987667980445
41,29,3,12,1,1,0,63.37379957531404
23,23,5,23,1,1,1,64.8146300888131
24,25,8,16,1,0,1,65.61468459485768
2,24,7,19,0,0,1,74.05661653860876
11,27,6,17,0,0,1,73.84462141240593
40,24,3,10,1,0,0,58.11416418338455
37,24,7,17,1,0,0,56.30419453034534
38,18,6,13,1,1,1,54.238968280293165
18,26,2,11,1,0,1,73.60010877453838
42,16,6,12,1,1,0,45.54618094000606
19,28,5,18,1,1,1,72.9716818283303
29,25,5,18,0,0,0,61.39380625200337
21,28,5,18,1,0,1,74.3743988563054
24,24,3,21,0,0,0,64.63573549256441
50,31,6,23,0,0,0,57.57620631647316
29,26,4,15,0,0,1,66.71364004603404
24,21,5,16,0,1,0,59.724630711499074
39,20,8,15,0,1,1,53.26903749351158
26,23,7,15,0,0,0,59.96928786672648
22,21,9,21,0,0,1,60.63381197363751
13,23,5,12,0,1,0,66.82432372866532
23,21,8,11,0,1,0,58.5173125885369
9,30,6,13,1,0,0,76.89354543322737
5,23,3,13,1,1,1,77.78102300307957
8,25,5,8,1,0,1,76.41424759592982
31,22,8,16,1,1,0,56.31720635695736
35,27,6,15,0,1,0,60.913644446085314
38,24,5,12,1,1,0,57.69254786187968
19,25,6,17,1,0,1,71.08571590773984
28,18,4,16,0,1,0,55.34784061412677
39,28,7,28,1,1,0,60.30181210244128
23,29,4,17,0,0,0,71.00535979115817
18,19,6,20,1,1,1,62.64783191242054
2,27,3,17,0,0,1,81.16956462354493
34,19,4,17,1,0,1,58.56369554274217
19,24,5,18,1,1,0,67.46878693049462
37,30,6,10,1,0,0,63.519935595701696
34,26,5,11,0,1,0,61.94024681058151
8,21,5,16,1,1,1,70.77058624889851
24,20,5,17,0,0,1,61.22299018991837
30,22,10,18,0,1,1,58.48161997502753
32,21,9,11,0,1,0,53.865900659185286
43,23,4,16,1,0,1,58.400869674386655
16,28,6,18,0,1,0,71.36074421893395
19,27,4,19,0,1,1,73.1802489813703
18,24,3,18,1,1,0,66.18012487661909
30,25,4,15,1,0,0,62.95040275029832
12,25,6,23,0,1,0,66.97605535524482
19,16,6,16,0,0,1,57.8567883398086
18,29,6,11,1,0,1,73.90655148573448
36,22,5,8,0,1,0,57.59186765136711
12,17,4,20,0,1,0,60.900397576284696
35,29,6,15,0,0,0,63.88075799722717
39,17,8,13,0,0,0,46.99034045426507
12,22,3,12,0,0,0,68.40711151813719
13,23,0,17,1,0,1,74.8807343555686
24,25,7,15,0,1,0,63.785249887824406
26,28,2,20,0,1,0,69.1900169122505
25,16,5,14,1,0,1,56.56083289256241
11,21,6,10,0,0,1,69.36646865173572
14,27,6,12,0,1,0,69.74360833771559
35,24,6,20,0,0,0,58.11853475984434
41,21,5,11,1,1,0,52.265515105729655
23,24,6,14,0,0,1,67.63661980029498
30,32,4,9,1,1,0,71.60745654581365
16,24,5,9,0,0,1,71.64070236582133
22,22,8,19,0,0,1,61.94369654197523
33,19,6,19,1,1,0,52.09293035887854
8,23,4,13,0,0,1,73.98639807728915
24,22,3,17,0,1,0,62.43223252808693
36,30,5,13,0,1,0,66.34470173733162
32,25,4,18,0,1,0,59.95453951110441
25,22,3,7,1,0,0,64.15849942684446
25,24,4,7,0,1,0,63.553139029473655
37,21,0,16,1,0,0,56.9236723334997
23,23,6,19,0,0,0,62.79602952011132
13,23,5,29,0,0,1,67.70797066510107
20,22,6,16,1,0,1,66.29486159082336
31,18,1,17,1,1,0,55.93121937784112
19,22,4,19,0,0,0,63.24547851477023
28,23,7,18,0,1,1,59.36462241833512
31,19,6,18,0,0,1,57.51690247699605
28,23,7,20,0,1,0,58.73334842936272
9,15,7,15,0,0,1,60.89123424025384
22,26,6,17,0,0,0,65.46062465689785
14,21,8,7,1,0,1,68.18789293068119
25,19,4,3,0,0,1,63.54686773420895
9,22,6,15,0,0,1,71.26145463494144
41,20,6,14,1,1,1,56.67299638046308
21,25,5,15,1,0,0,67.02421193583695
34,28,7,13,0,0,1,66.32899261609573
32,19,4,24,0,1,1,55.01884692397129
9,23,5,13,1,0,1,70.62149768311154
31,17,6,16,1,1,0,51.55234888485123
31,24,6,21,1,1,1,62.57089090723033
20,19,7,16,0,1,1,60.61620694097539
30,28,6,17,0,1,0,65.32650848887306
28,25,11,15,0,0,1,60.58993565558285
23,22,9,17,0,0,1,62.18245857578701
19,31,9,20,0,1,1,74.51179393473282
19,30,6,12,1,0,1,75.38676586998099
22,19,7,17,1,0,1,59.71293848098341
28,21,6,12,1,1,1,62.31353032897057
15,24,5,9,0,0,1,72.45019362661455
22,28,6,10,1,1,0,69.40803811483886
22,27,10,8,1,1,1,69.03855390565651
20,28,0,12,1,1,0,72.47139428036269
7,19,2,17,1,1,0,67.44448719790961
25,22,4,12,0,0,1,63.803687503838844
39,22,7,17,0,0,1,57.005890490430346
21,22,6,10,0,1,0,61.82508202277733
25,23,2,12,1,1,1,68.31013884224019
18,29,10,26,0,0,1,69.43370701873278
26,16,5,21,0,1,0,51.6822611145729
29,17,9,9,1,1,1,54.05054407436146
28,23,4,11,0,0,0,61.53295385776475
24,22,7,10,0,1,1,63.857155267715626
13,28,4,10,0,0,0,74.39986214056897
5,28,3,18,0,1,0,76.7996446801284
33,25,4,14,0,0,0,59.98541122127114
13,26,9,16,1,0,1,71.82042023789015
25,20,7,13,1,0,0,56.33106502919795
27,25,1,17,1,0,0,66.10786497396819
28,24,4,23,1,1,0,59.777928384786485
30,22,8,9,1,0,1,60.766339856362464
30,21,5,26,0,1,0,54.697911976492605
35,26,8,11,0,0,1,62.56540346521874
17,23,6,19,0,0,1,66.83185747250587
42,22,4,17,1,0,0,51.32888288901911
17,26,3,16,1,0,0,70.0624851957712
18,22,4,5,0,0,1,70.36565142175374
22,23,4,14,1,1,1,66.87965029923737
6,23,7,14,0,1,1,73.47869781002214
12,21,11,19,0,0,1,63.812084878137256
14,24,8,16,0,0,1,66.10965705646954
33,22,7,17,1,1,1,61.27979197280667
14,17,5,13,1,0,0,60.42726274990834
34,28,5,6,1,0,0,64.20206375739315
24,20,7,12,0,0,1,61.6852864983525
21,26,7,10,0,0,1,69.01945560022304
28,15,6,9,0,0,1,53.52648513943318
26,26,5,13,0,0,0,65.22804556540973
28,29,4,18,0,1,0,68.71941974882056
32,25,6,7,1,0,1,65.10328614789931
34,28,6,13,1,1,0,63.12469649312171
16,22,4,9,0,1,0,66.95548534151955
14,21,12,12,1,1,1,63.993118058898425
27,24,7,12,1,0,0,60.76094143972893
35,28,2,14,1,0,0,66.01070217518237
40,22,9,18,0,0,1,53.545655352876125
35,28,3,15,1,0,0,63.76654992769637
25,29,5,14,0,0,1,71.4205210797326
14,24,6,22,1,1,0,65.78155029426651
27,27,4,11,0,0,0,64.85744674746186
21,24,5,6,0,0,1,71.38275855652505
25,28,6,14,0,1,0,67.22523844097088
17,27,3,14,1,1,1,74.60728602820583
22,22,7,8,0,1,1,65.75388021556137
25,17,7,13,0,1,0,54.96101357579214
