age,education_years,income_thousands,work_hours_week,gender,smoker_status,married_status,exercise_program,health_score
34,20,14,9,1,0,1,1,108.13868021494584
38,23,7,15,1,1,0,0,102.0341924280781
41,14,8,13,1,1,1,0,97.50967411850914
37,12,19,21,0,1,0,1,111.51532724761648
46,20,14,12,1,1,1,1,120.19052554127136
33,14,15,6,1,0,1,0,94.86683146242969
27,20,9,15,1,1,1,0,92.54046570490624
42,15,15,14,0,1,1,1,112.86526483403584
32,10,15,8,1,0,1,1,99.13895689025428
34,21,10,5,1,1,1,0,96.97937647460934
46,20,11,23,1,1,1,1,119.49737603087895
27,10,10,10,0,0,0,0,81.63283496389151
39,14,13,1,1,0,1,0,96.18272195645416
36,20,14,11,0,0,0,1,111.72544600111848
37,28,8,8,1,1,1,0,105.48379695125288
38,15,8,12,0,0,1,1,104.90938625321418
39,14,8,9,1,1,0,0,93.48523495988988
38,24,14,16,0,1,1,1,117.2175984154856
29,2,10,15,1,1,1,1,89.66492329682762
20,19,12,17,0,1,0,1,96.58013094328336
20,20,7,16,1,1,0,0,84.51391669344224
34,16,15,14,1,0,1,0,98.52575748235894
33,19,14,11,1,1,1,0,100.5521816445568
31,14,10,15,0,1,0,0,88.25520448200264
35,17,11,5,1,1,1,0,96.06885698042848
28,13,15,7,1,1,0,1,98.1799149929136
41,24,14,10,0,0,1,1,117.81316371150636
29,11,11,11,1,1,0,0,87.3770433920979
41,29,14,17,0,1,1,0,113.37273988326356
35,30,13,13,0,0,0,1,118.0571731946077
19,16,10,11,1,1,1,0,81.09960360786182
28,22,8,6,1,0,0,1,100.06971315680885
26,11,9,9,1,1,1,0,84.14266351664837
38,18,13,15,0,1,0,0,99.7940208293924
29,24,12,9,0,1,0,0,96.92661535942416
33,28,14,17,1,1,1,1,118.30142813353925
35,27,11,14,1,1,0,1,115.65729498783068
30,16,9,6,0,1,1,0,88.72410934071628
27,15,11,14,1,1,0,1,97.46602710848104
27,15,9,13,1,1,1,0,88.07961032576961
30,29,10,8,1,1,0,1,110.49893339719262
39,14,8,13,0,1,0,1,105.23199752234642
35,21,12,8,0,0,0,0,99.877044428649
31,14,16,12,0,1,1,0,94.3951458875338
25,15,8,20,1,1,1,1,94.75475485965654
28,7,16,8,0,0,1,0,83.68783599795677
34,15,11,6,0,1,1,0,93.51794850933464
42,17,9,12,1,1,1,0,101.0782693145052
35,15,14,12,1,0,1,0,97.02497080198756
33,22,19,22,1,1,0,1,113.62130673357991
31,19,9,15,0,0,1,0,95.9875325023621
33,13,16,17,1,0,1,1,106.14152098291794
39,12,13,12,1,0,1,0,98.12440951332708
32,17,11,11,1,0,0,1,101.6339899023874
34,16,9,19,1,0,0,1,101.56103802297336
26,18,15,11,1,1,1,1,102.8107581518112
38,25,8,13,1,0,0,1,112.17539944720576
27,21,7,13,1,0,1,1,100.67343156915756
42,13,13,7,1,1,0,1,108.05656615942604
33,15,10,6,0,0,1,0,90.90398191084138
45,16,7,12,1,0,0,0,101.64403391328348
30,14,8,16,0,1,0,0,87.40345508865748
24,21,10,12,1,0,1,0,92.3593893422532
21,16,13,6,0,0,1,1,94.37578417186752
22,15,17,7,1,1,1,1,97.32477268495845
41,15,14,4,1,0,1,1,109.15259607658987
41,20,15,15,0,1,0,0,106.47390687054067
35,18,9,17,0,0,0,0,94.40355142027964
21,6,11,12,1,0,1,0,76.41197946246743
28,22,10,8,1,0,1,1,102.0981105129066
29,4,9,6,1,0,1,0,77.09299826209204
41,8,12,22,1,1,1,1,106.5404723445757
38,25,8,13,0,1,1,1,113.27797116003946
33,13,10,5,1,1,1,0,91.20994075823064
26,26,13,3,0,1,0,0,96.70816379501696
32,17,14,11,0,1,1,0,95.1463486853756
29,22,11,15,1,1,1,0,95.98073658239758
38,21,12,14,0,0,1,1,113.33390248965532
42,12,17,15,1,1,0,1,111.62493523368148
50,6,13,12,1,0,1,1,108.73332848559711
23,7,17,8,1,0,1,0,82.21430074907055
32,22,15,18,1,1,0,1,110.42647619599722
32,16,9,10,1,0,1,1,100.4518051142917
39,13,16,9,1,1,0,0,99.28704975601497
22,16,11,17,1,1,1,1,95.29069664205944
38,21,5,17,1,0,1,0,101.02809624319202
38,16,12,17,0,1,0,0,99.1598335774416
48,17,15,9,0,1,1,0,111.44719704390664
21,18,14,14,1,1,1,1,94.93326556224036
20,19,9,15,1,0,0,0,86.21624454747233
28,20,12,11,0,1,1,1,103.81319024133832
40,17,8,14,1,1,1,0,99.41671837045372
35,9,15,22,0,0,1,1,102.80600423383812
30,23,9,14,1,0,1,1,106.4917918774902
33,14,12,7,0,0,0,1,99.09025863125538
38,11,11,10,1,0,1,0,92.68569883301086
34,15,16,15,0,1,1,1,107.4594598279961
32,23,11,17,1,1,1,1,109.56387738389785
39,14,14,11,0,1,1,0,98.8776825248794
29,20,10,16,1,1,1,0,96.24393940677844
29,21,14,23,0,1,1,0,99.06861070556631
27,18,10,9,1,0,0,1,97.33533850549443
31,14,12,15,1,0,0,0,91.6995064550978
41,27,9,9,1,0,1,1,117.1557332039325
23,17,14,11,1,0,1,0,89.5039781806746
30,19,9,10,0,1,1,1,100.6957734030036
38,15,6,19,1,1,1,1,105.841485139827
26,14,14,15,1,1,1,1,99.47247156966029
33,27,11,18,1,1,1,1,112.34531969982548
17,21,14,18,1,0,0,1,96.4707818945468
39,19,7,14,0,0,0,0,98.09416225475222
40,19,10,11,1,1,0,1,109.49123484742518
27,17,15,10,1,1,0,0,90.6672705995763
32,13,7,14,0,1,0,0,88.05450096670774
29,13,11,7,1,0,1,1,96.22896599653131
35,18,11,6,1,0,0,0,96.48256593810594
37,16,5,22,0,0,1,1,102.12510764521548
33,18,12,13,0,1,0,0,95.32794402217316
30,12,13,19,0,1,0,1,99.86111288846293
41,15,9,14,1,0,0,1,108.1233242294864
30,10,10,10,1,1,0,1,93.66568688426754
38,20,12,10,1,1,1,0,103.16673510273434
35,20,10,4,1,1,0,1,105.64210575877536
34,15,15,14,1,0,1,0,99.50955866809664
34,18,9,11,0,0,0,0,94.03934217780396
42,18,14,11,1,1,1,1,115.03756245129448
30,16,13,9,1,0,1,1,103.36976753528744
34,20,14,17,0,1,1,1,110.55156214815722
37,17,14,6,1,1,1,1,111.07507900104665
21,22,16,15,0,0,0,1,102.99755478400286
30,14,14,16,0,1,1,0,92.48798182679003
31,12,10,11,1,0,0,1,96.68702171664742
47,10,13,13,1,0,0,1,111.26436658815297
39,24,10,13,1,1,0,0,105.8660849689172
22,28,9,12,0,1,0,1,101.52590661297684
36,16,14,7,1,1,0,0,98.29246431205873
25,13,15,12,1,0,1,1,96.98261769202438
34,24,7,15,1,1,1,0,101.25379305345722
26,11,18,17,1,1,1,0,90.11862533719584
32,21,13,13,1,1,1,1,108.29830230683288
43,10,13,7,1,1,1,0,99.54064397017169
28,20,9,12,0,1,1,1,99.48277036367436
44,20,9,16,0,1,1,0,108.12320103941154
18,10,9,13,1,1,0,1,84.61324756908269
26,18,16,4,1,0,1,0,91.82933067600564
39,13,7,15,0,0,1,1,102.7415385411616
23,15,8,17,0,0,0,0,82.46568609464589
30,12,16,11,1,1,1,1,103.20940471506228
47,23,5,13,0,0,1,0,108.59649710569649
31,19,12,14,0,1,1,1,104.29449642300644
28,13,13,11,0,0,1,1,97.52701878429993
22,17,11,19,1,1,1,1,97.87664588689913
20,25,13,6,1,1,1,0,92.71156500415654
45,11,13,18,1,1,0,0,103.58010005960264
47,15,12,18,1,0,1,1,116.7074695252805
29,21,12,17,0,1,1,1,107.98971009835076
38,17,10,14,0,1,0,1,107.600733125628
33,11,12,10,0,0,1,1,98.48217872854056
23,8,12,16,0,1,1,0,81.45071786894842
40,11,13,9,0,0,1,1,104.14835045488806
31,25,15,10,1,0,1,0,103.91577513368937
33,14,11,19,1,1,1,1,103.27698138231422
30,25,12,16,1,1,1,0,101.61786186823656
47,19,9,10,1,0,1,1,113.93923391624286
29,17,12,19,1,0,1,0,94.0790450945575
27,26,8,7,0,1,1,0,95.82506010387296
33,20,11,15,1,1,1,1,107.80291655842008
18,26,10,12,1,1,1,0,90.0409107447594
28,11,13,14,1,0,1,1,95.27865636289218
38,9,12,12,1,0,1,1,100.29036541554824
39,25,11,3,0,1,1,0,106.19497869952292
26,10,8,12,0,1,1,0,81.15737325830672
31,29,14,18,1,1,0,0,108.21710723501992
29,17,7,18,1,0,0,1,98.23319514973753
20,16,9,11,1,1,1,1,90.26013226558888
31,25,12,11,1,0,1,1,109.61501558591884
35,12,14,12,1,1,0,0,93.75359611071848
16,25,13,9,1,0,0,1,98.0415348547895
30,21,11,4,1,1,1,0,94.33694963045234
43,14,13,12,0,0,1,1,111.57565286512089
28,19,12,9,0,1,1,1,102.15149527504298
46,12,12,13,0,0,0,0,100.91866493301252
36,17,12,10,1,1,0,0,98.57215832954414
34,26,14,12,0,1,1,1,114.27431784505283
20,20,12,8,1,1,1,0,85.42791991091534
41,25,10,8,1,1,1,1,118.47651172773853
31,16,10,20,1,0,0,0,93.4046179557814
27,23,11,11,0,0,0,1,102.41374736088638
36,13,16,9,0,1,0,0,96.83311662233076
36,13,8,12,1,1,0,1,101.70156504003758
37,26,16,11,1,0,1,1,118.38763454887336
32,21,9,6,1,0,1,0,94.28359786496074
35,24,15,9,1,1,0,1,113.11735779671449
29,14,13,11,0,1,0,1,98.72695234641594
20,18,16,13,1,1,0,1,97.12648801455076
32,24,12,17,1,1,0,1,111.13861597716888
41,15,11,19,1,1,0,0,102.44090418649016
49,15,15,4,1,1,1,1,118.57690155447337
32,15,16,13,1,1,0,1,104.46496137997904
33,18,11,10,0,0,1,1,103.98866475338134
36,24,9,13,1,1,0,0,102.02534418124355
31,25,13,6,1,1,0,1,109.91827146837718
30,17,11,11,1,0,1,1,100.86534661177072
30,19,11,7,1,0,1,1,101.9692778567652
41,16,15,9,1,1,1,1,112.9263999469426
18,16,13,8,1,0,1,1,90.47379788852768
31,22,13,16,1,1,0,1,107.8359187244196
39,19,13,10,0,0,0,1,109.82015675709272
42,12,8,16,1,1,1,1,106.12508919932458
29,22,12,13,0,1,1,1,104.8937381358474
28,14,11,12,0,1,1,1,97.8941900420058
26,17,10,7,0,1,1,1,95.69509840542264
23,25,17,15,1,1,0,1,107.0244633318923
26,20,12,16,0,1,1,0,93.74875825990418
20,11,16,13,1,0,0,1,91.99273339652846
28,20,11,8,1,1,1,1,102.2821637598934
36,18,12,16,1,1,0,1,108.2063679107822
33,17,7,17,1,1,1,1,101.27271579857808
32,15,6,10,1,1,1,0,87.9706782850583
47,20,13,16,0,1,1,0,113.28365514499622
36,21,12,15,0,0,1,0,101.61271606766688
32,18,8,13,1,0,1,1,102.74156321524416
38,20,16,22,0,0,0,1,112.87244327447362
24,32,14,13,0,1,0,1,110.70361395581426
27,3,10,6,1,1,0,1,84.94397222981897
30,19,5,14,0,0,1,0,90.07071678651184
39,15,12,10,0,0,1,1,106.62355635296312
38,24,13,14,1,0,1,1,115.6085709363418
25,24,14,11,1,0,1,0,97.49470368457844
25,16,14,9,0,1,1,0,87.16004591801062
35,24,12,16,0,1,1,1,114.90618322026852
29,9,16,16,0,0,1,1,98.61427139046508
34,21,16,20,1,1,0,1,112.1567525443516
46,17,8,17,0,0,1,0,106.78800319369206
21,28,14,16,1,0,1,1,106.61863703974258
41,24,11,19,0,1,1,0,109.44634375926
32,18,8,15,1,0,1,0,93.11775594516848
26,17,12,10,1,0,1,1,98.63922440274511
33,14,17,10,1,1,1,0,97.51296729531276
36,24,11,7,0,1,1,0,102.90283331731229
30,16,10,16,1,0,1,0,91.8744330049942
34,18,10,7,1,1,1,0,96.64128288035975
27,14,15,12,0,1,1,0,90.28604965026702
29,14,8,9,0,1,0,1,93.58498679879366
28,15,13,13,0,0,1,1,100.56430140715084
35,16,6,11,0,1,1,1,101.45783467930724
29,22,12,10,1,1,1,0,97.86021724037734
25,18,17,15,0,0,1,1,100.84526451585712
35,12,14,16,1,1,1,0,94.826580914275
30,21,12,14,1,0,1,1,105.61024567202944
35,23,12,18,0,0,0,0,103.7120809706996
20,20,12,5,1,0,1,0,86.6852845373998
33,10,8,10,1,1,1,1,96.04208096492488
32,22,13,15,1,1,1,0,102.33198937648912
30,14,13,13,1,0,1,1,100.78839504149398
22,15,14,12,0,1,0,1,94.53531583681388
35,23,11,6,0,0,1,1,108.77428220054986
39,15,13,14,1,1,0,1,107.98712819425512
35,17,9,13,1,1,1,0,96.49943953664476
19,22,7,14,0,0,1,0,85.29903835167765
33,18,12,11,1,1,1,1,106.31005464661798
39,16,12,13,0,1,0,0,98.9387004527665
48,21,15,15,0,1,1,0,114.9569803249148
32,15,16,7,0,0,0,1,102.4664800187544
31,13,8,11,1,1,0,0,87.91119544965115
35,17,12,19,0,0,1,1,107.20120396349355
37,25,16,20,0,1,1,1,119.7097652998085
46,14,14,11,1,1,1,1,116.49716997506349
31,14,12,17,1,0,0,0,90.49272116655638
21,17,13,21,0,1,1,0,87.03463107772986
56,20,14,7,1,0,0,0,119.16347790337242
32,17,11,16,1,0,1,1,105.48712599281728
26,16,10,10,0,1,1,1,97.349619577378
39,18,12,10,1,0,1,0,102.38309501755224
24,15,10,16,1,1,0,0,85.43612848402344
23,18,14,7,1,1,0,1,95.9223133886368
35,22,14,12,1,1,1,0,105.05890959215364
21,19,8,17,1,1,0,1,92.2272874422599
43,19,10,12,0,1,1,1,113.97360005167958
48,21,10,13,1,1,1,0,110.0699915825159
43,18,10,5,1,0,0,0,100.2178192604774
33,16,18,15,0,1,0,1,110.85711840618858
39,13,16,14,0,1,0,0,99.97226568126028
34,14,12,25,0,1,1,1,105.3889025308046
30,19,14,11,1,1,1,0,97.35862792929812
32,21,7,9,0,1,1,1,103.10621520057516
44,15,15,13,0,1,0,1,115.3890382982434
34,20,7,15,0,1,1,1,105.26707758909016
41,24,12,14,0,1,0,0,108.68529407952788
44,18,7,18,0,0,1,0,102.0343410096404
22,17,9,10,0,1,0,1,93.55248200842838
31,21,11,23,1,1,1,1,107.48411587106304
29,18,13,17,1,0,0,1,102.68980626528143
36,17,13,10,1,1,0,0,99.95618151974168
27,23,10,13,0,1,1,1,103.43739990936449
41,13,9,3,1,1,1,1,102.459795740317
28,14,17,17,0,1,1,0,95.23269969953326
29,28,7,7,0,1,1,1,105.8585496794529
25,8,9,11,0,1,1,0,80.33784041886173
39,20,10,10,0,1,0,0,99.68749454494596
39,19,11,10,0,1,0,0,100.03427329548336
24,19,15,15,0,1,0,1,101.67890464165384
35,21,8,11,1,1,1,1,106.48428390132132
26,13,7,13,1,1,0,1,89.94950686635265
27,20,11,19,0,0,0,1,101.48546648616184
26,14,12,9,1,1,1,0,88.85867380151684
32,14,10,16,0,1,1,0,91.55943605510144
34,18,8,9,0,0,1,0,96.17495352875332
33,25,9,9,1,1,0,0,99.07333117617937
41,23,18,7,1,1,0,0,111.16424630262766
36,13,11,22,1,0,1,1,106.44564463815207
33,21,10,10,1,1,0,0,98.43283031496648
26,21,5,13,1,0,1,0,89.7967053091685
36,21,12,14,1,0,0,1,109.89675604758143
36,12,12,14,1,1,1,0,96.26087291232476
32,18,14,15,1,1,1,0,98.51470066794607
40,10,13,6,0,0,0,1,102.31747251017818
36,18,13,16,1,1,0,0,100.0446494578647
25,5,13,9,1,1,0,0,78.41643435079307
35,15,11,13,0,0,0,0,93.42911391831277
40,24,13,14,0,1,0,0,107.6630233975773
37,14,6,12,1,1,0,1,101.66134740427526
24,13,12,10,1,1,1,1,93.99478991920874
42,18,13,11,1,1,1,0,104.48564925867306
43,19,8,14,1,1,1,0,102.86727928276538
41,13,12,19,0,0,0,1,107.75650215542174
27,22,15,13,0,0,1,1,105.05218454543672
35,5,11,17,1,1,1,0,89.19325325636942
35,25,10,21,0,1,1,1,114.30285808422632
34,7,10,9,0,0,1,1,94.57107397815216
33,12,12,8,1,1,0,1,100.41800109615056
29,18,12,7,0,0,1,0,90.9460557641237
30,22,7,14,1,0,0,1,101.55074382076316
34,24,11,13,1,1,0,1,111.55814113410668
33,19,12,13,0,1,1,1,106.38265158078
40,13,16,14,0,1,1,1,111.38360742780928
31,10,8,16,1,1,0,0,86.89071663074884
34,18,11,8,1,1,1,1,105.51078298208104
35,13,12,9,1,0,1,0,92.55901769011844
32,26,10,6,1,0,0,0,99.4020536309815
30,30,18,10,0,0,1,0,108.87924927596504
30,28,10,13,1,1,1,0,100.78122828192228
32,9,12,16,1,0,1,0,87.77416598415222
29,21,13,19,1,0,0,0,97.03770050547382
30,12,13,7,1,1,1,1,99.83604029792798
38,21,5,11,1,0,1,0,99.25884445442824
26,9,9,14,1,1,1,1,89.69863737851391
40,25,8,18,1,1,0,1,115.032213369383
38,14,11,18,0,1,0,1,104.80527367093968
26,19,11,10,1,1,0,0,92.56554765639665
34,26,12,16,1,0,1,0,108.3431699727816
42,18,12,3,1,1,1,0,104.6812868264783
22,21,16,9,0,1,1,0,93.4924223777868
56,1,7,10,0,0,1,0,98.0434573073498
34,14,11,16,0,1,1,0,94.31038952764692
52,14,14,15,1,0,0,1,117.57141255793034
35,24,10,13,0,0,0,0,100.8988036304534
36,12,8,14,0,0,0,0,89.26601587079446
39,16,15,7,1,0,0,1,108.56095750990671
26,11,16,13,1,1,0,1,96.87035941624411
27,14,13,12,1,1,1,1,96.2399506784177
30,12,6,7,0,1,0,1,90.67327342996366
23,12,11,0,1,0,0,0,79.74179074369546
22,22,5,15,0,1,0,0,86.3581807958144
22,12,17,16,0,0,0,0,87.03339480036767
32,13,15,10,1,1,0,0,92.2257150732272
33,27,7,9,0,1,0,1,108.65854700742818
25,20,12,15,0,0,0,1,97.56660185223552
31,10,12,6,1,0,1,1,95.56885278246337
33,18,12,10,1,1,0,0,97.35755804735008
33,18,7,11,1,0,0,1,101.39555524733842
43,12,14,11,1,0,1,1,110.04263258819547
20,16,12,4,0,1,1,0,82.17012493709161
21,18,12,15,1,1,0,1,95.99405891518788
43,20,16,15,1,1,0,0,110.47928072009032
29,17,9,13,0,0,0,0,87.95990783218384
41,14,11,18,1,0,1,1,107.71241588260256
23,9,6,3,0,0,1,1,83.32055406499279
29,27,15,9,0,1,1,1,111.8467059042002
35,8,8,8,0,0,1,1,93.63018019206967
33,18,9,6,1,0,1,0,92.29874699038264
34,19,8,6,1,0,1,1,103.96190373694894
41,23,13,13,1,1,1,0,110.02478128361032
45,13,11,-1,1,1,0,0,98.6959073837086
40,14,11,8,0,1,0,0,97.68078818232708
33,14,12,10,0,0,1,1,101.06465589638309
32,10,11,6,1,0,1,1,97.41301116602628
41,18,6,14,0,0,1,0,97.47160363421663
28,18,13,19,1,1,1,1,103.51414002001869
40,20,12,16,1,1,1,0,104.4292926102212
42,16,6,14,1,1,1,1,106.26994818005036
31,21,11,8,1,1,1,1,105.45852786222432
19,18,11,8,1,0,1,0,83.67023021696671
37,19,8,26,0,1,1,1,108.45915506439503
27,18,12,16,1,1,1,1,101.7864793075313
31,14,10,14,1,0,1,0,91.25959813093536
49,17,10,14,1,1,1,0,107.5027334200077
31,18,15,20,1,1,1,1,108.05322646933412
34,18,6,15,0,0,0,0,92.46308959560184
32,31,8,8,0,0,0,1,109.5424958814046
31,16,10,18,1,1,0,1,102.30271020973616
37,18,7,9,1,1,0,0,97.3427776862494
37,10,8,12,0,0,0,0,89.78094640461067
32,15,11,10,0,0,0,0,91.17779166924096
43,16,11,14,1,1,1,0,102.84665943573452
37,7,14,14,1,0,1,1,102.971767443329
28,17,11,16,1,1,1,0,92.36143424585433
23,20,9,13,0,1,1,1,96.24632056434672
39,12,17,9,1,0,1,0,100.93021000848708
31,26,9,16,0,0,0,1,110.2218945806984
32,23,11,7,0,1,0,1,105.99406457032867
31,24,9,11,0,0,0,1,106.70038701237524
44,20,14,11,1,1,0,0,108.09314978997683
43,23,11,21,1,0,1,1,120.36625566942094
29,19,10,13,1,0,1,0,94.66536258207488
16,19,13,16,0,1,0,1,94.0492258400816
27,17,15,15,1,1,1,0,93.72272485232364
43,10,11,9,0,1,1,1,104.28435257241198
25,12,10,14,1,1,0,1,92.15855080186137
28,23,12,17,1,1,1,0,97.40125209488156
33,29,12,15,1,0,0,0,107.15331813410344
29,20,8,12,1,0,1,0,91.15925190113464
30,15,11,12,1,1,1,0,92.71127780396031
37,25,14,6,1,1,1,0,105.2747420073826
44,24,10,12,0,1,1,0,109.27408803003593
32,26,9,15,1,1,1,1,111.0723503681424
39,19,10,14,0,1,1,0,101.03073336698132
27,21,12,11,1,1,0,0,96.54370855329718
29,17,13,15,0,0,0,1,102.17993448624247
35,8,11,13,1,0,1,1,99.47617605385044
19,15,6,17,1,1,0,0,77.24074448226148
24,12,7,5,0,1,1,1,88.97326447472862
27,18,13,18,1,0,0,0,94.89667719205912
24,19,9,19,1,1,0,0,89.57676343320887
30,15,16,10,1,0,1,1,103.7074301598597
29,22,14,18,1,1,1,1,107.54776793664084
28,17,9,10,1,1,1,1,97.38854854949176
39,16,11,19,0,0,0,1,107.46260943282964
33,16,14,5,0,0,1,1,102.0803454271748
36,9,9,11,0,0,1,1,98.9862948094812
40,12,13,7,1,0,0,1,107.37379934887085
25,14,16,21,1,0,1,0,92.6034753858898
38,15,6,13,1,0,1,0,94.00954570398152
39,24,18,13,0,1,1,1,119.49423497401892
27,19,11,12,1,1,1,0,92.50637533386896
24,17,7,6,0,0,0,1,90.16910031162888
35,13,10,14,1,0,1,0,94.2278258750304
43,15,9,12,1,1,1,1,110.9048694937707
22,6,8,20,0,1,0,1,82.6971568094369
28,19,13,11,1,1,1,1,101.62140416938873
40,26,14,8,0,1,1,0,110.37476858050448
32,17,13,12,1,0,1,1,103.761269237659
32,19,16,12,1,1,1,0,98.06274485606772
32,14,8,8,1,0,0,1,97.6130023596224
39,15,15,18,1,0,1,0,102.38000457059698
36,23,7,14,1,1,1,0,98.7877266428396
28,18,15,5,0,1,0,1,99.5516601936403
30,9,14,19,0,1,1,0,88.30731165964005
21,22,14,13,0,1,0,1,98.86645678207177
34,10,14,15,0,0,0,1,100.98513994446778
33,11,7,12,1,1,0,0,86.33604189217337
37,28,15,13,1,1,1,1,120.38381126655054
14,22,9,17,1,1,1,1,91.27999141288753
36,29,15,14,1,1,0,1,121.04649447966302
29,18,10,7,1,1,1,1,100.17833843966456
30,17,11,12,1,1,0,1,102.19113495313334
33,14,5,10,1,0,0,1,96.83022976237454
37,23,13,11,0,1,0,0,104.32124521716264
29,6,12,13,1,0,1,0,84.03948758407519
28,17,7,10,0,1,0,1,94.41205768326049
27,15,12,12,1,1,1,1,99.62991321924052
15,21,14,14,0,0,0,1,93.69308699028107
23,12,7,20,1,0,0,1,87.96881182587234
30,19,9,11,1,1,1,1,101.5899796767976
23,16,13,9,1,1,1,1,94.71649066467845
37,14,11,13,0,0,1,0,95.6368080307326
42,33,13,6,1,0,1,1,125.47392132727131
25,16,12,16,1,1,1,1,97.0542220808956
36,2,8,17,0,1,1,0,83.41315838233551
50,16,9,9,1,1,1,0,106.79876849038772
27,17,4,13,1,1,0,1,93.20700072210238
31,13,10,13,0,1,0,0,88.07769877558961
35,20,16,3,0,1,1,0,102.04737984320472
34,22,11,12,1,1,1,1,109.8896092884467
28,16,12,16,1,1,1,0,92.70583617311502
24,19,15,8,1,1,1,0,92.17052025677872
21,17,15,17,0,1,1,0,90.04781434065484
34,13,12,17,1,1,1,1,104.71565078000695
34,20,9,12,1,1,0,1,107.40474287748778
22,16,13,18,1,0,1,0,87.3194133936366
31,26,6,10,1,1,1,0,96.13742970831326
43,22,15,15,0,0,1,0,110.15377731114472
24,11,10,13,1,0,1,0,81.23210214149094
29,18,11,13,1,1,0,1,102.33495457654776
22,23,12,7,0,1,1,0,90.91276180448496
40,16,11,11,1,1,1,1,108.41135076538444
27,19,10,19,0,0,1,0,90.8807776920365
34,10,13,9,0,0,0,1,97.09940381697884
23,19,19,16,0,1,1,0,96.3981342574434
26,15,12,5,1,1,1,1,95.79455986791078
24,25,9,8,1,0,0,0,91.0644919492276
32,14,11,6,0,1,1,1,99.03113716304368
46,16,14,13,1,1,0,0,107.2802315076094
45,13,12,7,0,0,1,1,109.7981323622899
28,15,12,13,0,0,0,1,98.48409968009094
24,17,10,16,0,1,1,0,88.03377833560685
33,11,7,21,0,1,1,1,98.0903024054863
28,15,11,8,0,0,1,1,97.54200880967431
39,18,10,15,1,1,0,0,101.52303445443528
14,15,11,11,1,1,0,0,76.78105100180464
35,17,12,16,0,1,1,0,98.09977136773468
42,21,14,10,1,0,1,0,110.3977432636232
32,23,12,16,0,0,1,1,109.3424206525501
23,25,13,11,1,0,1,0,95.53787364258164
29,17,4,5,1,1,1,0,85.7349551897771
39,23,10,10,1,1,1,1,113.8834093956508
28,21,8,17,1,1,0,0,91.47606644024692
31,17,9,14,1,1,1,0,91.6830731495214
31,21,13,13,1,0,1,0,99.05877119434714
30,22,13,8,1,1,1,0,98.55872744007004
48,16,13,17,0,1,0,1,116.56755840022302
37,18,11,14,1,1,0,0,98.7918198792714
29,7,12,7,1,0,1,1,92.50009375896282
35,22,17,11,1,1,0,0,104.75707790143288
29,17,9,9,0,1,1,1,99.1489432535094
32,18,12,17,1,1,1,0,98.305629354142
34,17,10,17,1,1,1,0,94.44826152046798
35,22,14,8,1,1,1,1,112.28382183887496
41,10,11,12,1,1,1,0,96.80065556739746
44,19,11,15,1,1,1,1,115.26270865839938
26,18,12,12,1,1,1,1,98.87450888758092
18,21,14,9,1,0,1,0,87.82432110267024
29,15,15,18,1,0,1,1,103.02648903150224
25,17,8,19,0,1,1,0,87.65158202297376
28,23,12,15,0,1,0,0,96.70720938526756
24,24,12,12,1,0,0,0,95.52014171615676
22,22,12,20,0,0,0,1,100.15608218866964
31,19,11,8,0,1,1,1,103.60708997604682
29,14,9,15,1,0,0,1,96.60069556200796
37,14,14,14,1,1,1,0,100.12202788163292
23,16,15,10,1,0,1,1,96.899719194802
22,12,16,10,0,0,0,1,92.84865709752316
42,10,12,13,0,1,1,0,97.67750136083968
21,16,11,7,0,0,1,0,82.4475691413858
35,17,12,12,1,1,1,1,106.13956848667384
24,16,9,14,1,0,0,0,84.97928151406688
33,24,11,15,1,1,1,1,111.74179271555477
32,13,12,15,1,1,1,0,93.49607263202972
35,23,9,14,1,1,1,0,99.46809683160582
19,27,11,11,1,0,1,0,91.98978534733052
32,17,16,20,0,0,0,0,99.324761318307
36,17,14,12,1,1,0,1,108.36385551083404
26,10,9,20,1,1,1,1,93.54845600708234
43,21,10,12,1,1,1,0,106.62755040572928
30,20,10,23,1,1,0,0,96.14152732387404
27,15,15,16,0,1,0,1,99.7219284246865
31,16,14,8,1,0,0,0,93.06928750382868
32,12,10,16,1,1,1,0,90.95046679595988
32,24,9,19,1,1,1,1,110.38264135982811
25,15,11,10,0,0,0,1,93.54150283798846
33,16,10,13,1,0,1,1,102.31569278136544
18,7,13,14,0,1,1,0,76.44996951261632
32,23,11,14,0,1,1,0,99.09998378947778
29,8,12,12,0,1,0,0,85.12109563855914
37,8,15,18,1,0,1,1,104.2839751087606
28,18,9,13,0,1,1,0,89.31935004888935
22,13,11,16,0,1,0,0,82.12835242056236
34,22,11,15,1,0,0,1,109.11583029166138
26,16,11,11,0,1,1,1,97.14082689581294
32,20,16,16,1,1,1,1,111.6455280291256
26,17,8,16,0,1,0,0,87.92629899526233
26,11,14,7,1,0,1,1,94.77343370876014
39,14,12,11,1,0,1,1,109.12510389523672
32,16,14,11,1,1,0,1,102.81049868752876
38,16,11,3,1,1,0,1,104.62221409057165
34,8,8,16,1,1,1,0,84.892820373694
37,26,11,15,1,1,1,1,115.59379710493394
36,26,8,13,1,1,1,1,110.40880517112524
36,12,12,12,1,0,1,1,102.06114784446166
25,23,11,14,1,1,1,1,100.64561040735148
31,23,14,11,0,0,0,0,101.09703057218216
40,20,10,13,0,0,1,0,103.49127155250189
38,21,12,13,0,1,1,1,112.02717061293764
22,16,15,15,1,1,1,1,99.10329232882071
33,13,9,14,0,1,1,1,100.49780329563237
32,17,8,16,0,1,1,0,91.82836034121227
32,11,15,14,0,0,1,0,93.49403861403374
22,19,7,5,1,0,1,1,91.66736024507917
26,19,16,23,1,0,0,1,105.62410247430152
31,16,14,13,1,0,1,1,102.03087389067085
30,24,14,12,1,0,0,0,100.95431166378718
35,21,13,6,1,1,0,1,108.76952407570764
34,18,15,18,1,1,1,1,111.46338012957222
21,13,9,13,1,1,0,1,87.96956632386866
18,9,9,20,1,1,1,1,83.5357140492045
35,17,8,16,1,1,1,0,96.150273576695
24,13,8,7,0,1,0,0,80.0553943754772
23,14,11,9,1,0,0,1,91.82113110537698
21,23,15,15,0,0,1,0,91.6027073361196
31,25,10,9,1,1,1,0,99.8392522854166
42,16,13,3,0,0,0,0,101.066575342564
36,21,10,19,0,1,0,0,100.08621231640764
26,21,14,16,0,0,1,1,103.3230376178918
20,13,8,8,1,0,1,0,78.26598581007299
26,21,11,11,1,0,1,0,91.32995185939065
28,25,15,18,1,1,1,0,102.10077526662008
29,19,11,11,1,1,1,1,101.94805614685951
44,13,10,13,0,1,1,0,103.62875564060536
20,17,13,19,1,1,0,0,87.16288345772833
29,15,11,12,1,1,1,0,89.89292920286094
20,14,9,7,0,1,1,0,81.3633418127032
35,30,12,11,1,1,0,1,116.82490905635755
27,21,15,18,0,1,1,0,99.65849124218104
30,16,8,12,0,1,1,0,91.58676098365952
31,23,5,14,1,1,0,0,94.76127403023948
31,19,11,22,1,1,0,1,107.10582958481557
41,27,6,18,0,1,1,1,115.49984184875277
30,22,10,16,1,1,0,1,104.92798025996431
37,27,15,12,1,1,1,1,119.28708004196226
31,16,13,15,1,0,1,0,95.79758949376462
42,13,16,18,1,0,1,1,113.09714348968237
38,12,7,5,1,0,1,1,99.00375444742296
28,17,14,16,1,0,1,0,95.04317185078212
34,8,11,16,1,1,1,1,97.77372892035694
30,20,5,15,0,0,1,0,91.36857464090922
33,5,14,19,1,1,0,0,89.79109430157501
41,16,13,14,1,0,0,1,110.8102269338316
34,12,11,16,1,1,1,0,92.77476138327592
33,15,14,19,0,1,1,0,97.27162456091718
21,24,15,18,1,0,0,0,93.43822592927012
21,12,11,5,1,1,0,0,80.24787203301048
27,16,13,16,1,1,1,0,92.88461719571816
27,22,11,10,0,1,1,1,103.33420597339314
27,12,12,15,0,1,1,1,95.62814101144389
33,22,13,13,0,1,1,1,109.70060973180316
38,17,10,9,1,1,0,0,97.5393141127134
34,19,17,10,0,1,0,0,101.2335698910948
46,23,11,20,0,1,1,0,112.16679921044047
22,27,9,17,0,1,0,1,101.95278615063798
38,9,14,13,1,0,1,1,102.33570991962246
30,17,8,15,0,0,0,0,91.28025362681868
29,32,4,5,1,0,1,1,107.5415221837515
32,17,8,9,1,1,0,1,100.638552409227
42,19,15,12,1,1,1,0,108.45105520190832
22,16,12,13,0,0,0,0,83.64695717779784
28,18,9,5,0,1,1,0,88.4709226057714
41,20,18,8,1,0,1,1,118.43646250190308
32,12,13,10,1,0,0,1,100.16679972499855
41,9,14,16,0,0,0,1,105.83080729924964
33,15,6,6,1,0,1,1,97.75022544130582
42,9,8,14,0,1,1,0,95.96748840416149
30,18,12,8,0,1,0,0,93.14122916329131
26,14,10,11,1,1,0,0,86.02127999334898
34,19,11,13,1,0,1,0,96.55197335657157
34,28,10,8,1,1,0,1,112.30296801389306
35,23,11,6,1,0,1,0,100.66186286523528
31,25,8,5,1,1,1,0,96.40782039481904
27,23,14,7,1,0,1,0,97.24242322126976
25,23,10,17,0,0,1,0,94.40032066505913
31,28,10,9,1,0,0,1,109.56122775088726
21,21,9,2,1,0,0,0,83.77585488834026
32,18,11,11,1,1,1,0,96.76727957330696
35,13,10,15,0,0,0,0,93.02359161533872
40,19,11,2,0,1,1,1,110.63903935651402
27,15,16,17,1,1,0,1,102.00089846384628
35,24,11,6,0,1,0,1,110.76084119240689
29,25,10,10,0,1,1,1,107.79043765124923
45,18,12,9,1,1,1,1,113.80031906427917
33,33,9,12,1,1,0,0,104.58519392582856
40,16,14,13,0,1,1,0,101.21796289472746
23,26,12,1,1,1,0,0,93.84373036603397
27,12,12,4,1,0,1,0,84.24426022300807
33,17,12,12,1,1,1,0,95.612555828719
34,15,13,9,1,1,1,0,95.33862051155864
24,18,13,13,0,1,1,0,89.00693530095624
31,19,15,17,1,1,1,1,109.68537016503107
26,15,15,6,1,1,1,0,90.15939517743874
32,19,11,11,0,1,1,0,95.16963443388728
25,21,11,12,0,1,1,1,99.07860823495275
44,20,11,18,1,1,1,1,120.11062013904548
31,20,7,8,0,0,0,1,99.4590890533326
30,9,13,18,0,1,0,1,96.58972855036032
27,16,12,14,1,1,0,0,89.09526169463616
35,28,8,3,1,0,1,0,102.8281652632872
31,28,9,11,0,1,1,1,111.72161248178828
28,21,9,8,0,0,1,0,92.09428540883933
22,15,11,10,1,1,0,0,81.66767504075717
27,16,13,16,1,1,1,1,100.18214238708056
34,25,8,21,1,1,1,1,110.83901679535344
30,15,13,9,1,1,1,0,91.86537319870068
29,12,9,11,0,1,0,0,82.9248552611794
44,18,12,15,0,0,0,0,105.8138147379562
34,22,8,14,1,1,1,0,98.42225850581968
22,18,11,15,1,0,1,0,88.09413013523373
35,19,13,22,0,1,1,0,101.62184832529697
34,34,12,10,0,0,1,1,118.72148525111726
30,17,13,15,1,1,1,0,93.61453788060592
18,15,13,20,0,1,0,0,82.87540419701656
28,6,13,18,1,0,1,1,93.36828202671964
26,18,11,16,0,1,1,1,100.85419986513668
27,26,9,9,1,1,1,1,105.09108372268008
22,19,12,12,1,0,0,1,96.54956829751733
44,25,15,9,0,0,0,0,112.41596138962186
24,24,11,17,0,1,1,0,94.23497641710776
11,4,13,15,1,0,1,1,77.49390672008478
33,18,10,13,1,0,0,0,93.85194945789743
45,16,14,7,0,0,0,0,106.77917101318604
28,21,13,11,1,1,0,1,104.7238389866912
32,7,12,8,1,1,0,0,86.33756969952395
23,22,15,11,1,0,0,1,100.91323646619252
34,28,14,12,1,1,0,0,107.0955842180762
35,7,13,16,1,1,1,0,90.56117764045986
41,16,14,18,0,0,0,1,113.57448137270168
36,29,11,17,1,1,1,1,119.4256354677734
32,12,14,14,0,1,1,1,101.10135954283056
35,20,9,11,1,0,1,0,97.28471808490404
31,14,10,7,1,1,1,1,97.4367246473135
32,20,9,7,1,0,0,1,102.89082982170436
45,11,12,10,0,1,0,1,108.97858410311314
21,9,10,14,1,1,1,1,87.43614906962833
30,17,17,11,1,1,1,1,106.67208716883778
41,16,16,15,0,1,1,1,113.2295222492712
30,16,10,14,1,1,1,0,90.8056375583672
39,7,15,10,0,1,1,0,92.88672708762005
31,19,8,11,1,1,1,1,101.43771665755256
40,20,14,12,1,1,1,1,115.23540932854628
22,25,13,12,0,1,1,1,103.22083288841596
34,18,8,15,1,0,0,0,94.27365167464164
39,23,9,2,1,1,0,0,101.52721029506942
29,21,10,20,1,1,0,1,105.03667894251043
35,17,7,13,1,1,1,0,94.51430464019708
37,11,14,11,1,0,1,0,94.54930159754431
40,11,11,14,0,1,0,1,103.23067594063416
24,26,14,6,0,1,0,0,94.03981124281188
33,25,14,12,1,1,0,0,102.75245609986042
26,17,12,18,1,1,0,0,89.69468636808054
27,21,16,3,1,0,1,1,104.63071830093628
28,19,9,14,1,0,1,1,101.1462710164312
35,17,8,22,1,1,0,0,96.31349940396252
38,27,11,14,1,0,1,0,108.43357232337628
33,20,12,8,0,1,1,0,98.12644582257867
33,10,13,2,1,0,1,0,88.01430006607012
30,19,10,12,1,0,1,1,102.88364269138506
30,17,11,10,1,1,1,1,101.13322928352903
18,12,9,7,1,0,1,1,83.83357305364122
28,24,13,25,1,1,1,0,102.77425389189224
27,22,11,8,1,0,1,0,90.96653943014218
32,22,10,14,1,1,0,0,97.05748207344456
31,21,16,12,0,1,1,1,109.20044118975912
45,25,13,10,0,1,0,0,112.91118847719132
30,10,11,15,0,1,0,0,85.12627336266827
34,13,8,16,1,1,1,1,99.8231228324004
44,15,9,15,0,0,0,1,110.76063141784957
39,21,9,4,0,0,0,1,106.84531378718503
41,17,9,19,0,1,1,1,110.37769325274787
25,32,11,12,1,1,1,1,111.25407510924128
31,22,12,12,1,1,1,1,108.30020537543476
38,12,8,17,1,1,1,1,102.57274706645786
23,21,10,10,1,1,1,1,98.02800137575048
19,14,12,14,1,0,1,1,89.03847700702558
37,17,8,16,1,1,0,0,96.91515298307526
22,24,9,12,0,1,1,0,91.19298114898928
29,14,7,9,1,1,0,0,84.74616147589322
24,13,14,22,1,0,1,1,97.30959197945026
33,19,10,13,1,1,1,1,107.33555858770536
27,29,10,16,1,1,1,0,100.51368761951026
34,25,9,16,1,1,1,1,111.27039732330536
36,22,11,6,1,0,1,1,110.09000654549013
40,19,6,11,0,0,1,1,104.9492566683778
25,20,10,7,1,1,1,1,99.03554167316044
25,18,4,10,1,1,1,1,92.9786832619336
31,10,17,9,1,0,1,0,92.27880557202435
35,27,9,11,1,0,1,1,112.85263063381804
22,27,11,7,1,0,1,0,95.84176943798887
25,8,8,23,1,0,0,1,89.57525257185475
34,13,13,13,0,0,1,1,104.88500218224628
28,22,14,7,1,1,1,1,106.02435123553114
29,16,10,11,0,0,1,0,90.34548250958532
45,18,9,14,1,0,1,0,102.65266854029085
32,14,9,12,1,0,0,0,88.24831819384231
24,25,10,9,0,1,1,0,93.28184240244698
31,9,16,13,0,1,1,0,92.90555833635383
35,3,7,12,1,0,1,0,79.28575452630807
28,11,12,7,0,1,1,0,85.8291492172124
29,22,16,14,1,0,1,0,101.78142091365795
22,14,15,12,1,1,1,1,95.56551231908205
34,19,12,17,1,1,1,0,99.03705826825906
46,25,14,19,0,1,1,0,117.49962195806908
39,21,13,19,1,0,1,1,114.79123566789735
31,27,10,17,1,0,0,1,109.95522377785166
28,21,10,10,1,0,1,0,92.1529909599215
42,12,13,19,1,1,1,1,110.93484907992496
43,18,11,15,1,1,0,0,103.5570987557661
38,32,10,16,1,1,1,0,112.09932096002582
28,17,12,7,0,1,1,0,90.02443724871604
11,21,11,13,0,0,0,0,80.13582619693466
29,14,10,14,1,0,0,0,87.7622850657684
33,14,12,8,0,1,1,0,93.03049555967377
29,23,17,8,0,1,0,0,98.6300015922813
31,23,15,14,0,0,1,0,102.54496923756956
38,10,13,12,1,1,0,0,93.29920645208912
30,13,5,7,0,0,1,0,85.50322108730963
37,14,10,6,1,1,1,1,102.4332651933676
51,19,11,10,1,0,1,1,119.97938825763508
33,23,15,5,1,1,1,0,103.45040487568596
40,26,14,10,0,0,0,1,118.28499600794936
28,16,11,10,0,0,0,0,89.54322154119221
44,25,9,8,1,1,1,0,109.19894415683416
32,28,10,9,0,1,1,0,102.22053837614354
26,9,9,9,0,1,0,1,88.90724411069712
34,25,13,6,1,1,1,1,111.08811506359174
26,23,14,8,1,1,1,0,97.69354614254884
43,22,13,13,0,1,1,0,110.512490122384
29,13,16,11,0,0,1,0,91.30311465551772
29,24,5,16,0,1,0,1,103.01291993500556
38,17,10,7,0,1,0,1,105.44098844627288
44,11,16,20,1,1,1,0,104.82443588651849
32,19,8,9,0,1,0,1,103.09667527606577
37,23,9,13,0,1,1,1,113.05695040489395
24,17,14,9,1,0,0,0,88.03504696585568
32,22,13,11,1,1,1,0,102.04699538891988
22,9,11,12,1,1,1,0,79.68908760129578
45,10,16,9,1,1,0,0,100.62625202020983
28,20,10,21,0,0,0,0,92.46150177610689
35,23,7,15,0,1,1,1,109.58353218313832
27,10,13,15,1,1,1,1,93.29497413229024
28,16,14,11,1,1,1,1,101.35419182324672
28,16,16,8,1,1,1,0,94.06981577386388
44,14,10,12,0,1,1,1,110.28162836862658
33,24,5,16,0,1,0,0,97.63331499953595
25,9,12,14,1,1,0,0,81.00743623611186
36,16,17,7,0,1,1,1,109.9690751570403
43,17,15,5,1,1,1,1,115.28427789008168
30,22,11,16,1,1,1,0,98.55767297607734
39,11,7,7,1,1,1,0,91.13786775940513
39,18,12,15,1,1,1,0,103.70280752285348
25,14,10,12,1,1,0,1,94.96891942367144
28,24,11,9,1,1,1,0,96.99314882154812
39,14,14,16,1,1,1,1,111.43415195646476
31,16,11,0,0,0,0,1,99.95417463340009
34,12,11,12,1,0,0,0,91.56615021854115
39,17,10,11,1,0,1,0,99.16176522725011
23,19,14,16,1,1,0,1,101.05092805671944
22,18,13,5,0,0,0,0,86.33884361572167
24,29,12,15,1,1,0,1,108.36118008531425
33,16,15,12,0,1,1,0,97.25144012139395
21,24,10,25,1,1,1,1,102.47054297098047
33,11,8,14,1,1,1,0,88.46172063768198
34,20,14,10,1,1,1,0,98.23947469624396
29,20,14,8,1,1,1,1,105.75744279772472
47,12,10,16,0,1,1,0,103.20567346812544
30,18,14,17,1,1,1,0,96.6448291028202
50,22,14,9,1,0,1,0,115.66958037174903
43,12,9,7,1,0,0,1,104.60260252789938
42,14,10,9,0,0,0,0,97.84321872332345
29,14,11,4,1,0,0,0,86.60296850243327
49,20,16,12,1,0,1,0,115.5034103701232
30,15,12,18,0,0,1,1,101.56383591003302
22,21,10,9,1,0,0,1,95.61495398472664
32,21,14,7,1,1,1,0,97.8587453252228
32,21,10,9,1,1,1,1,105.84077941713689
34,18,14,16,0,1,0,0,98.72295561776076
26,22,10,17,1,1,1,1,100.95075537662248
42,15,10,14,0,0,1,1,109.0930873140355
37,21,13,18,0,1,1,1,114.49867295955252
37,30,8,12,0,0,0,0,106.7975391167474
28,13,12,11,1,0,1,0,86.77384163355173
31,13,11,14,0,1,1,0,88.27579920111035
37,24,9,14,1,1,1,1,113.03223593944374
26,21,9,14,0,0,1,1,101.56358730449764
36,17,15,10,1,1,0,0,99.87053271196466
17,23,13,19,1,1,0,0,89.31643987307366
28,16,6,6,0,1,1,1,94.83553557813916
24,23,14,9,1,1,1,0,94.23008141783912
33,17,14,13,1,1,0,1,105.66389036146666
24,21,11,17,1,0,0,1,100.52818035869484
32,11,13,15,0,1,1,0,91.35839949750604
31,10,12,11,1,1,1,1,97.93050303476154
24,19,13,15,0,0,0,0,90.1203919760965
30,16,14,9,1,1,0,0,92.6249522932806
34,11,13,9,0,0,1,0,91.98013254696934
38,16,9,11,0,1,1,0,97.61763048819932
32,17,16,13,1,1,1,0,99.58449906234152
29,30,9,16,0,1,0,1,109.50108692303056
20,20,16,21,1,1,1,0,92.36154992628146
40,11,7,12,1,1,0,1,101.66523886203956
29,17,9,20,1,0,1,0,92.84433432271832
38,23,13,10,1,1,1,0,103.41573812168296
39,25,16,7,1,0,1,1,118.1686267731014
33,28,7,13,1,1,0,0,102.42076954966612
34,19,13,14,1,1,1,1,111.15698337515856
29,13,12,13,0,1,1,1,98.09760784578812
28,29,10,12,1,1,0,1,109.26684972255232
34,18,14,11,0,0,0,0,97.35601680748128
32,9,12,10,1,1,1,0,87.0475757863469
37,17,15,7,1,0,1,0,98.9972532818232
28,18,12,21,0,0,0,1,102.1526230188976
19,17,9,8,1,0,1,0,80.27220395536021
32,26,10,14,0,0,1,1,108.27735486706476
26,20,6,13,0,0,1,0,87.59595832514599
26,12,10,16,1,0,1,1,94.1081700591493
37,27,18,13,1,1,1,0,113.25168777422664
22,19,10,10,1,1,1,0,85.67151646376178
34,8,13,6,0,0,1,1,97.29168601807336
24,17,12,15,0,0,1,1,96.6315510618679
34,19,8,13,1,0,0,1,104.33281635077331
31,23,11,7,1,0,1,1,106.1418156504655
36,7,5,22,1,1,1,1,95.77268357333227
34,21,10,13,1,0,1,0,99.48979117539116
30,14,10,9,1,1,1,0,89.43413153315446
28,12,12,9,1,0,1,1,96.21210719287885
30,19,17,15,0,1,0,0,100.20091704215466
17,25,17,9,0,1,1,0,92.7707543790234
36,25,8,22,1,1,1,1,112.46028399982704
36,16,13,11,1,1,1,0,97.72487289413536
32,23,8,17,0,0,0,1,104.02767814741648
20,13,11,16,1,0,1,1,90.8437001012437
27,17,10,18,1,0,0,0,89.60515079406186
37,23,11,5,0,1,1,1,111.4120838711581
32,20,9,8,0,0,1,0,93.77376654120994
28,18,13,10,1,1,1,1,101.15413915527856
25,26,11,10,0,1,0,0,95.59746411297397
30,20,12,11,1,1,1,1,104.12881001488064
33,12,13,14,0,1,0,0,91.22693918696794
28,23,13,13,1,1,1,1,106.27152475826738
30,16,12,16,0,1,1,1,103.21582397163944
29,17,12,5,1,1,1,0,90.67638739989842
36,9,12,19,1,1,1,1,101.96044070559414
31,22,11,6,1,1,1,0,98.09149002529306
31,19,15,16,1,0,1,1,108.418581947045
20,23,10,6,1,1,0,1,95.96038420567164
36,16,10,8,1,1,0,1,105.45828415553622
36,16,10,16,0,1,1,0,99.10272855730868
24,15,14,7,0,1,1,0,86.6661772828913
42,19,15,18,1,0,1,0,110.27029906124672
34,11,8,9,1,1,0,0,88.64823410985782
44,12,9,13,0,1,1,0,98.13437322380668
32,19,10,8,0,0,0,0,94.16103996507476
39,14,13,12,0,1,0,1,107.30598565526444
19,25,13,4,1,0,1,1,98.68819913074417
33,22,13,15,1,0,0,1,110.19037899426364
33,13,12,19,1,0,1,0,95.05115645209062
55,16,17,0,0,1,1,0,115.10310690865865
34,13,9,13,1,0,1,1,100.6588217521455
26,15,15,19,0,1,1,0,93.97486986963798
35,21,10,12,0,0,1,1,110.4380349130309
37,9,14,8,1,1,0,0,93.2080250371223
43,21,9,11,0,1,1,0,105.5693091872926
45,17,9,12,0,1,0,1,110.74936666600972
29,22,12,10,1,1,1,0,96.07290510885623
31,22,9,12,1,0,0,0,96.62608672276625
24,12,12,14,1,1,1,0,84.67003853742908
30,12,11,10,1,1,1,0,88.16819846648866
37,20,13,6,1,1,0,1,108.16977798130432
29,4,6,16,1,1,0,0,77.17887149776439
24,16,16,8,0,1,0,0,89.1944285276641
34,13,11,8,0,0,1,0,92.18252235402149
36,22,10,17,1,0,1,1,110.43728513272134
29,18,11,14,1,1,1,0,93.09981855536206
36,15,13,10,1,1,0,1,105.05308157568504
19,24,14,17,1,0,1,0,92.09556171029854
39,22,11,9,0,1,1,1,111.6005899583503
36,18,12,16,0,1,0,0,98.81389258866108
28,13,10,12,1,1,0,0,87.37247167559077
29,21,16,13,1,0,0,0,99.3473586403364
29,29,10,11,1,1,1,1,109.22717196745474
41,22,12,15,0,0,1,1,116.41154380721376
34,19,8,14,1,0,1,0,95.34912877693851
28,19,13,11,0,1,0,1,101.78024929225664
32,13,16,18,0,0,0,1,102.78278898097145
26,12,12,14,0,0,1,0,85.80962487894836
31,16,11,10,1,1,1,0,91.93373101391757
39,19,10,19,0,1,0,1,111.0214157322054
39,15,12,8,0,1,1,1,108.38541673429916
25,21,10,19,0,0,1,1,100.69460989130644
40,12,9,15,1,1,0,0,96.4067759378528
31,12,13,5,0,1,1,1,98.3927613007168
26,23,7,14,1,0,1,0,92.57539641714864
26,18,9,4,1,1,1,1,95.97031486591128
21,22,17,12,1,0,0,0,93.0374207675054
28,15,12,22,1,1,0,1,100.83629587197468
29,16,13,11,0,1,1,0,92.3322645227188
25,13,12,10,1,1,1,0,84.35765635524007
33,14,13,12,0,1,1,0,91.44879366316584
31,20,10,16,0,1,1,0,97.37897193365586
19,21,11,14,1,0,0,1,95.47267185753554
34,12,13,16,1,1,1,1,102.5322245680518
29,29,7,19,0,0,0,0,98.78178597185315
34,14,10,15,0,1,1,1,102.8877563078331
31,23,15,12,1,1,0,1,111.9310007342214
32,11,8,11,0,1,0,1,94.0557711940006
32,11,15,12,1,0,1,1,101.90547317619227
32,26,12,14,0,1,1,0,103.17544866941184
25,14,11,12,1,1,1,0,86.20725838152545
33,17,10,14,1,1,1,0,95.4688396397736
43,14,11,16,1,0,1,0,102.35459637042038
29,23,9,13,0,1,0,0,94.2254555227046
35,26,15,9,1,1,0,1,116.39034720489364
34,10,11,10,0,0,1,0,88.51986799633383
34,33,10,18,1,0,1,0,112.09197648376896
