age,income,gender,region,credit_score,subsidy_received,home_ownership_rate
12,1,1,1,8.437575922726623,0,5.143647828757008
14,2,0,0,14.260770298836546,1,20.47412802028325
12,1,0,0,14.32632213851955,1,20.8839712477705
13,8,0,1,15.660600160796438,1,21.70468556560213
15,2,1,1,12.21492271261666,1,19.1252321752967
16,-2,0,0,10.714623780971657,0,7.921146429897501
11,-2,1,1,12.65464247535056,1,18.99357669718105
13,0,0,0,11.943764037244447,0,10.362484960399636
14,1,1,1,13.906858833733068,1,21.015177142422303
16,2,0,1,11.97588201053967,0,9.53305170357332
15,1,1,1,9.767794708299808,0,6.31952986525798
14,0,0,1,9.536224512311428,0,6.162459068977309
13,-2,1,0,15.7724068507064,1,21.80320241792168
14,4,1,0,11.707692538536692,0,9.000583083891549
18,3,0,1,10.009721657581832,0,6.478111939170593
10,5,0,0,14.034236543425106,1,21.242730876489645
12,6,0,0,8.475994708081066,0,3.883580721580806
13,3,0,0,8.768044847088303,0,5.7896613991686126
13,2,1,0,11.795195502638698,0,9.522015034353933
17,2,0,0,13.332182891096426,1,19.57456952958324
14,0,0,0,11.953641546160643,0,8.990242930343173
16,4,1,0,12.38878251989777,1,18.39199302517438
15,5,0,0,10.542624922288894,0,8.04520238020028
10,1,1,0,13.932302535970534,1,21.179225891397124
14,5,1,1,10.88592682985974,0,7.635918274898931
17,0,1,0,12.161752397821228,1,19.30006942199528
17,0,1,0,8.995459272017975,0,5.304464414522244
14,-1,0,1,13.84099140976705,1,21.271680314471208
13,6,1,1,14.182873964323942,1,21.10759721223413
17,2,0,0,10.228629579528354,0,7.224082130132862
13,1,0,1,9.575705041692988,0,6.380909235569582
12,3,0,1,15.3182425703005,1,21.76181641489769
15,5,1,0,10.959923635862877,0,7.659101143009331
11,4,1,1,15.097150864095928,1,21.60709982703567
15,1,0,1,11.871076681026809,0,9.79808039793994
14,0,0,0,10.97442697302298,0,7.54008021247137
13,0,0,0,11.065047511572857,0,9.620129707596888
14,1,1,1,15.900212646718408,1,22.02828071748665
11,2,0,0,14.385106587676418,1,20.844062408793857
15,10,0,1,10.000999148364428,0,5.867933013556074
12,3,1,0,14.808119805740343,1,21.807257617605803
14,6,1,0,12.112349077697186,1,18.502547973155792
18,0,0,0,11.324188231819877,0,8.804515848592366
13,1,1,0,12.502176701433871,1,18.8395558547002
16,2,0,0,8.932132733678898,0,5.616191268191563
16,4,1,1,10.163693935032086,0,6.677458783342237
12,0,0,0,8.891486379447338,0,4.884835941904969
17,6,1,1,12.598179118658964,1,18.07997071792331
18,1,1,0,8.248738940881214,0,4.173168696919625
12,-2,0,1,9.038797036196232,0,5.7148788593467765
12,1,0,1,11.607033413387692,0,9.692468789289318
13,0,1,1,12.184016595970297,1,19.24776998199651
15,-2,1,1,13.640802374025592,1,21.325807328389164
13,6,1,1,12.959358132077153,1,19.89085091834784
17,-1,1,0,11.634140007979576,0,8.539394508382973
14,3,1,1,9.727206624271616,0,6.934709782389298
11,4,1,0,13.313284073556884,1,20.53011846795418
12,2,0,1,6.671511373683905,0,2.0964130997316843
7,-1,0,1,14.66897148193784,1,21.79388757406577
11,1,0,0,11.352238405487412,0,8.518752848732516
11,2,0,0,6.876943199890656,0,2.770675531024713
12,4,0,0,13.05166111085066,1,20.70687681605969
18,5,0,1,14.408603571948756,1,20.63548534787832
15,5,1,1,13.447887953817876,1,20.457059057822995
11,1,0,0,14.593639413774294,1,20.762497285121967
10,0,1,1,12.888277366575906,1,20.03305832500643
15,-4,0,1,13.398959989802014,1,21.084572079661413
11,5,0,0,11.483417971494037,0,8.536232774352106
14,1,0,1,8.453113826170016,0,4.135392361823142
11,0,1,1,12.240856228424242,1,19.663758732097783
17,3,1,0,10.30512705798968,0,6.70675133223376
11,0,0,1,10.47530726192561,0,7.849530523067174
15,0,1,1,14.375869523983914,1,21.264061797615863
12,-1,0,1,11.659600429988888,0,9.338423350174768
13,-2,0,1,10.450005189916478,0,8.288025776121962
8,2,1,1,12.543630277605663,1,19.43332631863823
11,0,1,1,13.079904404274354,1,19.928962263119537
13,2,0,1,9.654692292306695,0,6.33614754304216
16,0,1,1,10.253541563282509,0,7.03021321090141
12,2,0,1,12.261641872649278,1,19.59710203814792
15,5,0,0,9.68226319676262,0,6.23461077087546
17,1,0,0,11.47632463693548,0,9.033310501191355
16,7,0,1,14.149334416897474,1,20.338035848881532
16,3,0,1,11.745660414415296,0,10.605640068842776
18,6,0,0,13.063951768794375,1,19.706023730232985
10,0,1,1,13.64000484271909,1,20.719191802562182
8,-1,0,0,9.32398335890019,0,5.772376695732432
17,1,1,1,11.55009498330114,0,8.705229437564112
10,3,1,1,14.298103717881729,1,20.376809396082365
17,3,1,1,10.644874318623806,0,7.97853269741785
11,5,1,0,12.88439422805462,1,19.77920682703612
12,3,0,0,15.398065358967818,1,21.61599033183553
14,0,0,1,13.903155812149038,1,20.47542825457713
11,4,1,0,11.657746941681442,0,9.788797432792208
12,-4,0,0,12.213245725645216,1,20.09594727651867
11,6,1,0,10.63619806934864,0,7.401050376669942
14,1,0,0,14.902148623530987,1,21.91007153724097
12,2,0,1,11.657422914372315,0,9.049517308543376
16,5,1,0,11.175386408335516,0,8.043516617298252
17,0,1,0,14.244658668341508,1,20.452235447112223
12,1,1,0,9.341682001755746,0,5.15159563858254
14,2,1,0,14.657890962619094,1,21.08941279032336
12,0,1,0,10.707182821731395,0,8.293479922461888
10,0,0,1,13.81715283390992,1,20.38672020248121
11,4,0,1,10.46689199641186,0,7.419169344793228
15,2,0,0,12.905487809789465,1,19.44741543045657
16,3,1,1,13.145911139501443,1,19.455133318744053
17,0,0,1,11.251192073432431,0,9.098932123427964
11,1,0,1,12.238143598072012,1,19.977198897827787
14,8,1,1,9.812040498042306,0,5.765665141695096
14,1,1,1,13.350567508757022,1,20.3295305403932
16,5,0,1,8.36075015860308,0,4.415971244249877
12,4,1,1,9.135737759682211,0,5.708336435017145
10,6,1,0,14.175810546568664,1,19.358863572804506
10,0,0,1,12.475154720954022,1,19.2940185839452
17,1,0,0,12.147891101825303,1,18.927832330546597
8,1,0,0,14.284154464453058,1,21.24880544336088
18,3,0,0,9.783354650446674,0,6.468012574149872
13,3,1,1,14.378111983530044,1,20.467559002085878
12,0,1,1,10.89500123652818,0,8.081570719362817
15,3,1,1,12.42181770795256,1,19.639711873969343
12,2,0,1,13.245875450352624,1,19.55917845866431
14,2,1,0,12.245739386304408,1,18.52052579287256
18,0,1,1,14.225198222179634,1,20.88768378817436
12,6,1,1,8.493157166856236,0,4.60142717248127
11,1,0,1,10.911591683864325,0,9.846007896058364
11,5,1,1,13.720648140205938,1,21.177920077321843
10,4,1,1,10.779871827368511,0,7.476887909131249
19,1,0,1,9.078780483012313,0,5.992697502082592
14,3,1,1,9.640437356851676,0,6.592497868794153
9,-2,1,0,7.228937967981137,0,1.511977824705422
12,6,0,0,14.74564014503741,1,20.60490907760588
14,2,1,0,13.559412819598473,1,19.889756803044506
15,7,1,1,12.98219588674224,1,19.49646939358075
13,0,1,1,10.83146629514113,0,8.39896613803772
15,-1,1,1,8.945056581254951,0,5.25555830736561
12,0,1,0,12.81940934395979,1,19.139856890195905
12,0,1,0,14.310056698934655,1,21.024333975969792
13,2,1,0,14.057977434859184,1,20.82177379819673
13,1,1,0,13.196128773547022,1,19.868881316417117
13,3,0,0,12.771344137019623,1,18.3913443089447
11,6,1,1,13.37493576711719,1,19.38851002721813
14,2,1,1,11.70729478217928,0,8.993415715664849
16,5,1,1,14.249112932564552,1,19.840578945525277
14,2,1,0,15.318657833549238,1,22.224706842664254
16,1,0,1,13.061893748652684,1,19.648953142043148
13,1,1,0,13.89281094576232,1,20.876737997095
13,6,1,0,12.750828148610982,1,18.85111737757163
11,2,1,1,11.87253836748227,0,9.69154561868847
15,0,1,0,13.45611910062902,1,20.641296953737346
14,1,0,1,14.04954734683144,1,20.57470652544305
10,4,1,0,11.33074567517259,0,7.525284096347972
10,1,0,0,13.363949781438064,1,19.87682384061312
11,1,1,1,10.538965484478412,0,8.214540717304203
12,7,1,0,12.481453241851774,1,18.38508577346153
12,5,1,0,10.877770385807557,0,8.115314390903213
18,0,0,1,12.257775272504803,1,19.777919075589136
14,5,1,1,13.09154705489552,1,19.86547924628456
13,4,1,0,11.148382703042037,0,8.484596776134358
14,4,0,1,9.970962252750043,0,6.6304951383741
11,-1,0,1,14.736379788561178,1,20.470317364316468
14,1,1,1,11.24645287221016,0,8.759911266961517
15,2,1,1,13.161341847294697,1,20.46585476979662
13,9,0,1,13.619349752525768,1,20.61272768340322
12,1,1,1,12.037874371184698,1,19.207783943877487
17,7,1,0,6.187843564348345,0,-0.3115412817472376
14,5,0,1,13.689950276108917,1,21.224046100372234
11,2,0,1,11.535935693890046,0,9.72012652752936
15,-3,0,0,11.280991256074222,0,9.04994395556311
14,3,1,0,10.791188736693082,0,7.523542435563448
14,1,0,1,11.368572271448867,0,8.607481637508364
12,7,1,1,13.174991968191636,1,19.897912607153646
11,2,0,1,12.96831742244906,1,20.867568347802663
16,3,1,0,15.181797070422997,1,20.65400337496348
16,0,1,0,12.95009686890699,1,19.458070921886616
13,5,1,1,10.36809097785924,0,8.08248519930859
12,2,1,0,11.135226018357812,0,8.338186623526624
9,2,0,0,10.688164779991975,0,6.728406386953486
14,7,0,0,10.475245932973316,0,7.050354903743283
13,4,1,0,9.089173010092464,0,5.20853419465252
16,-1,0,1,12.095910276241431,1,18.480127071536756
12,0,0,0,13.81449658574779,1,20.84554530771562
11,2,1,0,12.546709701418152,1,18.93168683424844
14,2,0,1,12.335282681103893,1,19.742119123477785
14,5,1,0,13.43929752243979,1,19.826335242238866
10,0,0,0,10.634333796710624,0,7.169885725933613
13,3,1,0,13.352193295654189,1,19.973262256075277
13,5,0,0,14.184350544070496,1,21.260004507395823
15,-1,1,0,13.332441703828888,1,20.301942191956027
14,-1,1,1,11.2164649025745,0,8.804587258832944
13,1,0,0,14.045756648569457,1,21.02064214947169
16,5,1,0,12.900332111715956,1,19.30072449568967
9,6,1,0,8.238863924089513,0,3.0492641616939347
15,2,0,1,14.335338536510417,1,21.04076376732368
13,1,1,0,14.981556155424926,1,21.503996845690416
14,1,0,1,15.39105796779414,1,22.91737195206205
13,1,1,0,11.642871653511536,0,9.229845347577696
16,3,0,1,11.77425815760783,0,9.336354108688628
18,0,0,0,17.499839530344957,1,23.982542998201684
11,5,1,0,14.568836577393377,1,20.49667574758492
14,4,1,1,14.206320940924568,1,20.112055231324728
14,1,0,0,13.290507152893634,1,20.176538596164093
18,0,1,0,12.670562699211176,1,20.049887378941847
14,4,1,0,8.716206634785934,0,4.161362740963873
14,0,1,0,8.99236145143746,0,6.08285816055071
15,2,0,1,11.76098173166958,0,9.257882462229048
13,8,0,1,12.69850111403898,1,19.681349822563547
12,6,0,1,13.030388910566362,1,19.622549044046117
16,1,0,0,11.399842136723452,0,9.09575177583347
11,0,0,0,13.050595658391291,1,21.083534716268403
13,5,1,0,11.29484730771743,0,8.535002496527445
16,2,1,1,10.316282767720695,0,7.152743734979555
11,3,0,1,13.715776891309698,1,21.03186825050314
11,-1,1,1,12.872764043583071,1,19.54178610338929
13,2,1,0,11.16501934250729,0,8.840291853886239
14,3,0,1,12.45702311052876,1,18.957575337420177
15,6,1,1,11.772746934648428,0,8.633667484761201
17,4,0,0,12.660275327844428,1,19.364263465315364
16,4,1,0,12.055198461613976,1,18.690565517322
17,1,1,1,11.899798294608924,0,8.769673917500112
8,1,1,1,14.27516863028942,1,21.144338075674167
12,-1,0,1,11.577787922637023,0,9.15565396835599
14,0,1,1,13.349154153032275,1,20.324801335082316
15,1,1,1,8.281106803809827,0,4.169959157696108
15,1,1,0,15.58529181207427,1,21.612236973528432
9,7,1,0,13.394420809701131,1,19.79286145407953
12,0,1,1,14.32446236815813,1,20.47589460604979
13,1,1,1,11.6406073098924,0,8.929596363281297
17,0,1,0,10.428444989873167,0,7.517030742803151
13,2,1,0,11.968614190224423,0,9.69519109352656
12,1,0,1,13.097791602481273,1,19.315879873222023
11,6,1,0,15.128613580393989,1,20.710627782810278
14,6,1,0,10.445325653037122,0,7.547334846011567
14,0,1,0,9.543528047009008,0,5.6843857208478585
15,2,1,1,13.363798490736649,1,20.08289084992657
13,0,1,1,12.825136672684565,1,19.918116502273627
10,2,1,1,13.550848562335888,1,19.745370270071536
13,8,1,0,12.453951076276288,1,19.384497183689135
11,0,0,0,10.081800692085151,0,7.834956485914419
10,0,0,1,12.086126890906574,1,18.569188901617423
15,3,1,0,14.46736980728416,1,20.788938312173872
15,3,1,0,11.9669180093259,0,9.782702380863617
13,4,1,0,11.908532726996246,0,9.497471588271845
11,6,1,1,11.089261488910768,0,7.890912850781098
12,3,1,1,13.369924932256222,1,21.424117004894665
16,4,0,1,11.65502837665428,0,8.035977673615239
14,0,0,1,10.586188532258864,0,8.278813207323307
15,-2,1,0,10.94750256552523,0,9.147128936043917
14,0,1,1,11.394222834068142,0,9.463024027661518
11,2,1,1,12.90375840439166,1,20.69302695677251
12,7,1,0,10.43736035715806,0,6.830710286589231
14,3,1,1,12.451922550288632,1,19.546657650735387
15,1,1,1,11.073133944139196,0,8.4647697122549
14,0,1,1,13.496657246556495,1,20.60007085764761
10,1,0,1,8.401294076578251,0,3.520176578123671
12,8,1,1,9.39473532825583,0,5.396503654961715
12,0,1,1,14.202779948138708,1,20.662544447199835
14,0,1,0,11.733049352661135,0,8.827917111782348
15,6,0,0,11.84068046925915,0,9.973676539100882
22,0,0,0,9.685006083464843,0,6.285250447427233
15,4,0,1,10.719270147824185,0,7.466165394358461
10,0,1,1,11.709482454810985,0,9.731684683676091
16,3,0,0,12.786472400997468,1,19.49163261565202
18,-3,1,0,12.229166387502008,1,19.250740268589443
17,-1,0,1,9.175522110905124,0,5.458730091672327
17,0,0,1,13.673135419590436,1,20.52516746618816
9,1,1,0,15.297191860478518,1,22.27426852761694
8,4,1,1,14.570450159669406,1,20.250493718221225
12,4,0,1,10.16645038856023,0,7.378781417903429
13,0,0,0,10.662915354726614,0,8.20677450423219
14,5,1,1,13.860414014549365,1,20.689401941135635
12,1,1,1,13.254807724073029,1,20.130168774592267
13,0,0,0,10.3648655987917,0,7.153672825022241
14,9,1,1,11.254608329213854,0,8.352827074290209
16,3,1,1,12.52561342821292,1,19.504645100288656
17,6,0,0,8.169577275423364,0,3.30744803012072
13,3,0,0,12.699599472478743,1,19.457581677912906
15,7,1,1,12.307680435057147,1,19.79496442413878
9,4,0,1,15.85850245214356,1,22.64462089707151
12,4,1,0,12.984926820890724,1,19.166258137549992
13,11,1,0,12.303180465334703,1,18.076483150957667
13,1,0,1,9.242494298444216,0,6.2345046139877285
14,0,0,0,13.229203933472592,1,20.49057161717901
16,5,0,0,13.027648077428845,1,19.920138881618385
15,4,0,0,11.989876380686848,0,9.2999296489993
13,0,1,0,9.808627156756534,0,6.859632787308733
15,6,1,1,11.301849632046324,0,8.864891594071462
13,3,0,1,8.824272889195491,0,5.132022893997377
15,9,0,1,10.7339129741344,0,6.517824585462795
10,2,1,1,9.847281133540058,0,6.89862650555849
13,4,0,0,14.78525831229988,1,22.46045914638996
18,0,1,0,12.513722282547164,1,19.37740136124087
14,1,0,1,13.37987547521682,1,19.440562520913986
19,7,1,1,11.63774506040686,0,8.77092254093502
16,0,1,1,8.003367029293642,0,3.998200286502848
11,0,0,1,13.917245107870995,1,20.68775529550792
16,-1,1,0,13.16559812008615,1,20.12158758660847
11,1,1,0,11.88974440305766,0,9.862255840794257
15,3,1,1,13.624434339123654,1,20.54006406108141
9,2,1,1,13.033430434733932,1,19.737762835263887
10,4,0,1,11.77625778332628,0,9.461076421555136
13,2,1,0,13.12877892441037,1,20.32531657069024
11,2,1,1,11.80882758319866,0,10.051283653749598
14,2,1,1,11.628298867548695,0,8.50385227326138
13,2,0,1,11.02870142325548,0,8.70485321283252
14,5,1,1,16.813395015359138,1,22.836529417603952
15,1,1,0,10.336375138153082,0,7.81547563316523
13,4,1,0,15.39726026271029,1,21.65878500464235
14,1,0,0,12.2561606370092,1,20.123601734783996
15,1,1,1,13.840660341885949,1,20.075632573664382
19,0,1,1,10.798817465901848,0,7.5506302888954115
12,5,0,1,12.14127718028919,1,19.638543247102973
13,0,1,1,11.454861258517392,0,10.173274120818755
13,4,1,0,11.367681938635489,0,8.613679057692927
11,2,1,1,12.84842864930527,1,19.74815329620741
16,3,1,1,10.664051274957506,0,7.864268025880248
22,-2,0,0,14.073746225367934,1,20.85183908158185
17,6,1,0,11.700686101059404,0,8.897601726412937
15,5,1,1,12.758197364766083,1,19.932866346115414
11,3,1,1,8.709001705267728,0,4.176383172452392
16,6,1,1,11.031116719532186,0,9.109851972725044
13,1,0,0,10.112844293301618,0,6.084714642585808
9,3,0,0,9.534927996758256,0,6.203000002996161
15,2,1,1,13.601511478059056,1,19.611268543464643
12,0,0,1,14.38017372081755,1,21.903736471566774
14,7,0,1,11.417279838565191,0,7.878106822449368
18,3,1,0,14.348330935168883,1,20.36475826753963
11,5,1,0,12.39892896111078,1,19.074270245385627
19,4,1,1,14.0076051165414,1,20.717539738339006
11,7,1,0,13.33609665836367,1,19.624711863958986
12,4,0,1,10.658869212203872,0,6.839621409363229
12,1,1,0,16.37523100474252,1,23.320476640501383
10,4,1,0,13.556944174609784,1,19.680537382334144
13,5,0,0,13.156447742499012,1,18.457284458974875
10,5,0,0,11.369872368985666,0,8.301277909148807
14,8,1,1,10.596130933517047,0,7.620214025700423
16,9,1,1,10.501872572400796,0,6.792027818311247
13,6,0,1,11.236876605298807,0,8.295968082668349
15,7,0,0,13.891580576691675,1,21.174286772413527
15,-2,0,1,13.958015926137396,1,20.395443509928707
11,1,1,0,13.111226258295336,1,21.125923476157357
11,5,0,1,12.24853352906376,1,19.370535658202748
13,3,0,0,13.769279454649224,1,20.347262737847533
10,2,0,0,13.395783029791454,1,20.266474766322663
12,5,1,1,12.856653856447393,1,19.89937532488028
18,2,1,1,12.542690216654492,1,19.470714270852334
9,8,1,1,13.160710286478302,1,20.17792714312972
10,5,0,1,11.656798080875731,0,9.135408109565958
15,2,0,1,11.063030986915878,0,8.237195311774878
17,1,1,0,15.179376474002243,1,20.548426698234184
10,-1,1,1,9.1047317635765,0,6.219539794471991
11,4,1,1,15.11829106609878,1,21.48059041464566
11,0,0,1,11.810833678818184,0,8.881782672349601
13,2,0,1,12.347720638070353,1,19.17130462807306
10,0,0,0,9.518919535210491,0,6.173804717203113
17,4,1,0,15.664506651059728,1,21.790331158290225
12,0,0,0,11.794436579152478,0,9.616921480473216
13,2,0,0,14.922404581152191,1,20.5616896949224
15,3,0,0,10.131131288049946,0,7.189736565683686
15,4,0,1,8.846480422626861,0,4.652010358824731
13,3,1,0,11.570643162771011,0,9.828279037051068
17,0,1,1,12.079079020796556,1,19.0061208811922
13,1,1,0,13.256586728310124,1,19.693278991191125
11,1,1,1,12.56839280639769,1,19.168292070816225
14,4,1,1,13.885078775822718,1,18.41819963606504
14,0,1,1,11.339864565964303,0,8.877526872701099
13,5,1,1,9.99910320556342,0,6.726021768887189
9,0,0,0,12.21731181439818,1,20.44128620361097
11,5,1,1,12.95606809702131,1,19.68060299110294
12,4,1,0,10.160675383930286,0,7.051537170029731
8,2,0,0,9.918475418359415,0,6.524488116295406
11,3,0,1,11.2477797598352,0,8.211968684184804
15,1,0,1,12.286881364498106,1,19.084056425449266
20,2,0,1,11.734024815491004,0,9.104922040290994
12,1,0,0,12.680580897523669,1,19.39461300141224
10,4,1,1,9.130289759446562,0,5.506635499088962
12,3,0,1,9.230437973741912,0,5.235199471171169
21,3,0,1,9.09196849365516,0,5.679611096389994
12,7,0,1,8.534263824982133,0,4.920915821466402
15,1,0,0,13.423243572454949,1,19.96555530953621
15,2,1,1,10.653789130205633,0,7.559421897522127
11,4,1,1,11.02405428754899,0,7.776209137213981
17,4,1,0,9.29939349970521,0,4.927201971331163
15,0,0,1,13.580509811889227,1,20.073559719574085
14,4,1,0,15.284932814751889,1,21.99547213198508
13,3,0,1,12.208661419062649,1,18.578496199947573
10,1,1,1,13.086201126846053,1,19.82449008215
17,0,0,0,14.755734924057716,1,21.471079969793585
15,5,1,0,12.360584683414592,1,19.362996792195748
17,-1,1,1,11.412933524944265,0,9.423953946045138
16,5,1,1,12.14233663448049,1,18.304140563487188
13,2,1,1,14.679400987392556,1,21.370847903082304
13,5,0,0,16.01784491460135,1,22.44919121072696
14,1,0,1,8.869887711477295,0,5.4115622959654095
15,0,0,0,15.205163405520468,1,21.83377753101916
13,8,1,0,14.380039969194454,1,20.702228733201515
12,2,0,0,10.45368572042992,0,7.400722771433197
14,1,0,1,13.348959563380628,1,20.563826665413718
18,2,0,1,12.495555992539584,1,19.7850561922802
17,-6,0,0,10.640478595694937,0,7.489808687754884
11,0,1,1,9.921237831620262,0,6.7911010245356165
11,6,1,1,11.929363496230811,0,8.95810201563911
17,1,0,0,8.77043331668582,0,5.483946752164209
14,2,1,0,13.302136949999817,1,20.13399242072116
15,3,0,0,9.04278812411208,0,5.565139573012114
10,0,1,1,13.719700075072558,1,20.445684246162283
16,4,1,1,11.853465393146813,0,9.17086740524044
12,1,1,1,14.236983895766848,1,20.62651950637223
13,1,0,0,13.478115673489189,1,21.124938619427702
18,-1,0,1,11.465205905849873,0,9.689239017742429
16,-1,0,1,13.343351022994469,1,19.45859797404009
13,5,0,1,14.183072620618326,1,20.734204166467716
16,2,0,0,16.756397252308336,1,22.011709104561746
13,2,1,0,9.897988253213384,0,7.66398744853122
16,3,0,0,11.556779417666544,0,9.341472711429748
14,0,1,0,14.417564976239118,1,21.89847356903259
17,5,0,1,12.235964627538344,1,18.656410963483456
13,-4,0,0,11.836591274434666,0,9.592598709010849
16,2,1,0,13.039802251834942,1,19.511048414872107
14,2,1,1,10.329681763322071,0,8.05343429530063
13,-1,0,1,10.430491188488444,0,8.390553796242987
10,2,0,1,10.692865607882617,0,6.944796118822159
14,0,1,1,9.90452075370978,0,7.278864869256048
11,1,0,1,10.561054279112833,0,7.388631580993988
12,10,1,1,10.79154643596058,0,8.023577222353927
13,2,0,0,13.005782976125452,1,20.542910209709603
10,1,1,0,12.901595610186712,1,20.3929862099609
14,-2,0,0,8.976268804373843,0,4.9607838093677525
14,0,1,0,12.766452270368422,1,20.05047809692809
9,2,0,0,9.536134609590254,0,6.0746785398701
8,3,1,1,10.470058159463058,0,8.085630059531965
12,3,1,1,11.855249042284422,0,8.855751331650398
16,3,1,1,10.25126766238493,0,7.003960341781743
13,8,0,0,10.283607107629026,0,6.298021708501446
18,0,1,0,12.687422866429824,1,19.3392133456177
10,7,1,0,13.970339136257024,1,20.97552703219479
15,6,0,1,11.027679398584649,0,6.602083781907584
16,11,0,0,14.227278543155352,1,20.162366128944218
14,3,0,0,12.791860893709693,1,19.908263030695714
13,1,1,1,14.266479769063784,1,20.28756727089223
15,0,1,0,9.818084081738151,0,6.9686408959095845
12,-4,0,1,11.694710345775054,0,9.78632514392556
11,2,1,1,14.119327301211609,1,21.11931369437223
16,4,0,1,12.676119267167946,1,19.471472828557477
11,3,1,0,13.328922923769015,1,19.88278590372536
15,-3,0,0,11.38884207795293,0,9.0495954290174
11,2,1,1,12.050056860174884,1,18.32394190339689
14,7,1,1,14.7874423154181,1,20.444822565922777
16,2,1,1,11.17483860995474,0,8.519740209987118
10,4,0,0,12.142905235889986,1,19.529468281010583
8,5,0,1,12.220471775285786,1,18.762197543828577
9,1,1,1,13.160228596455912,1,20.074796762155383
15,0,1,0,8.70512553388469,0,5.256551856012768
13,4,1,0,10.071748856656932,0,6.578730996702954
21,0,0,1,10.462384744652852,0,7.212126638864484
11,3,1,1,15.04809257447717,1,22.809341748975392
12,2,0,1,10.78207321715952,0,8.278711503480551
13,5,1,0,9.866251959244588,0,6.737810883097774
13,-2,1,1,11.516136605983862,0,9.199772560689564
14,3,0,0,15.377760490876826,1,22.0976659567004
7,6,1,1,12.502563947601883,1,19.681136249748025
13,-4,1,0,8.858574825353715,0,5.554625412349661
14,2,1,0,12.279059968330376,1,19.062701213474572
18,2,1,1,12.60639440602672,1,18.360877794666827
15,2,1,1,10.631750928917612,0,7.799836604454728
13,4,0,1,10.881029690193078,0,7.746299234478768
11,6,0,1,7.184323114382607,0,2.637293319637421
15,3,1,0,11.948871424878911,0,10.47933604873363
17,5,1,0,8.470016971024931,0,4.723870652543485
17,3,0,1,10.75441305033848,0,8.256791630127767
15,3,0,1,10.40256282981932,0,7.879018333197505
12,2,0,0,11.895423469418136,0,9.6134847966366
16,6,0,1,13.723580876469825,1,19.866874489695626
13,3,0,1,10.266451604057329,0,6.823760590565455
10,4,0,1,14.575462853449933,1,21.57058972460654
14,-1,0,1,12.244741027590724,1,19.454564309226978
13,3,1,1,13.499656058370428,1,20.107734004027503
18,6,1,1,13.837060174778973,1,19.907246254107427
11,2,0,0,14.247548735448705,1,20.807132026479948
13,0,1,0,10.251048911890663,0,7.509173221347078
8,0,0,1,12.302405278570603,1,18.128651882229523
13,6,1,0,10.743107574137536,0,8.248243769909957
14,5,1,1,11.774848834714495,0,9.09583770011877
12,4,0,0,9.086699496713532,0,5.144512604652124
14,5,0,1,12.53017139435808,1,19.364960643242057
10,0,1,1,14.073161451777832,1,21.42850620028243
10,5,1,1,12.574305411748048,1,19.146840253261384
15,0,0,0,8.81616955799935,0,4.525456085443582
11,4,0,1,13.290777653859564,1,19.31185958703983
14,4,0,0,10.136308698746827,0,6.91390871390479
16,0,1,0,12.579076331139484,1,18.880369769617968
14,0,1,1,12.94226270166542,1,20.190075699163653
15,1,0,1,12.73438836166865,1,19.531998643264966
15,1,1,1,9.22386459004912,0,5.437636398966919
12,2,1,1,13.239704293039066,1,19.494111675332217
17,1,0,0,10.193669983342884,0,6.567130934838929
10,6,0,0,9.730347304486449,0,5.551169971494527
16,0,0,1,9.975292615369248,0,6.0828777128397045
12,3,0,0,11.681398189035816,0,9.507937781549806
16,3,0,0,10.927630664422146,0,8.303682462702403
9,2,0,0,11.5698517844018,0,9.376355725602508
11,4,1,1,9.04493249302218,0,4.9972792864119775
11,2,1,0,10.111464227963562,0,6.552742292247248
15,1,0,1,10.30579405300973,0,7.112580766935364
13,1,0,0,13.581023145127354,1,19.929701993008106
14,-1,0,0,12.250776009040326,1,19.35068066588296
14,0,1,1,11.968304048687305,0,9.847949613712847
14,10,0,1,12.047044657761164,1,18.552750345825302
15,3,0,0,12.27970748653444,1,19.210347656810267
17,0,0,1,9.10365408768202,0,5.8859937890515015
16,-2,1,0,9.582772658706808,0,6.5392190893558
12,6,0,1,10.996734524140049,0,8.389668769291987
13,0,0,1,11.68630984906588,0,9.344993511319824
18,5,1,1,13.720259282114313,1,20.0932255914917
14,2,0,1,13.91414134746613,1,21.546095751749856
15,4,1,0,13.527366382640803,1,19.967596406977822
14,9,1,1,12.600961535981684,1,19.35953047599928
15,4,0,1,8.841907627790983,0,4.776498768067914
14,8,0,0,8.935591261872082,0,4.850790491166992
9,1,0,1,16.17153353974866,1,22.16790355801924
16,1,1,0,12.720490033169652,1,19.1171068510458
16,4,1,0,12.83418681979454,1,18.99660672941135
15,0,1,0,12.134310632134634,1,18.80230341312391
12,2,1,0,9.298677464943507,0,5.340946132420247
16,3,1,1,14.257768836121995,1,20.483263066641893
13,1,1,0,14.654547311461371,1,20.600524044555456
14,4,0,1,14.956949419763491,1,21.676392021593088
17,1,0,1,12.501629707277678,1,19.51253981537168
11,2,0,0,12.306870911356734,1,19.474401463390727
12,4,0,1,10.97481443419246,0,7.973450647652788
12,1,1,0,8.515037559264789,0,4.484668360626424
10,1,1,0,13.278880278219596,1,20.40650486431188
12,4,1,0,12.394265500164794,1,19.85209614168975
14,2,1,0,10.91894601215435,0,7.600454671368448
13,4,1,1,9.358473888259253,0,5.865824888592641
11,9,1,0,10.931317453573724,0,7.177614062674016
16,0,0,0,13.764875051481134,1,21.086832631255493
11,2,1,1,11.362266462022356,0,8.442608403253715
11,5,0,0,12.976955234117534,1,19.82039271164968
12,1,0,0,15.48492811092796,1,21.64593538516499
10,2,1,1,11.51554844619527,0,9.275131212770694
16,10,0,0,11.41221437259551,0,8.247315742061389
19,2,0,1,11.896255669739284,0,9.50796618720332
13,4,0,1,12.535565779176853,1,19.07007019700385
17,1,1,1,14.871955024593184,1,20.887164628326826
12,2,1,1,14.079291999816418,1,20.989250000036996
16,3,1,0,10.721715154164029,0,8.196522948180426
16,8,0,1,12.502756630681269,1,18.785582329179277
12,3,1,1,8.123300656745919,0,4.1856786932367225
14,4,0,1,8.297100168077101,0,4.251251317044519
16,-3,1,0,11.18909447054533,0,8.649905586559813
13,2,1,1,12.959674509809634,1,19.48124384861731
11,5,1,0,12.285790011280357,1,19.147057983988837
13,6,0,1,6.788008009603788,0,1.311143012613181
13,6,1,1,11.4746489826345,0,7.800348928881474
13,0,1,1,12.959265438222372,1,19.511142500166287
15,4,1,0,13.75244827933055,1,20.581722198964084
18,4,0,1,13.926298037939873,1,19.906278727210783
16,1,1,0,9.12870580916437,0,5.376031847048423
8,0,1,1,10.396754355775949,0,8.071281823589324
17,0,1,1,12.200166729134056,1,18.142664417115817
12,3,1,0,11.01278526873933,0,8.646036644221969
12,3,1,1,8.995622406880592,0,4.77995655769238
16,0,1,0,9.309853836492607,0,5.167438103029167
18,3,1,1,15.031418722096696,1,21.67468557406852
18,3,0,0,8.077636022296824,0,3.972660116845215
17,1,1,0,10.184751969730405,0,6.321812360517607
13,5,1,0,14.101575353192812,1,21.23803274222911
15,3,0,0,7.391374649163889,0,3.0583045258633774
19,0,0,1,10.709142689746889,0,7.972508188720088
15,3,0,1,11.90881349524242,0,9.707452221270062
19,-2,0,1,11.171853958879607,0,8.01608297117442
11,5,1,0,14.8259553219759,1,20.994371861169707
13,1,1,0,15.879606298895856,1,22.26604716479252
11,4,1,0,14.488493540758064,1,20.94815018951243
14,0,0,0,10.767655717788788,0,8.888881419295851
14,5,1,1,13.908452954933688,1,20.32663778038554
8,5,0,0,9.868863648704792,0,6.320102709442119
16,7,1,1,8.90086012811114,0,4.2804724685777735
15,1,1,0,10.583131105246489,0,7.287583564871201
13,2,1,1,12.772515795633453,1,19.613156840587266
11,3,0,1,11.504467203245143,0,9.622017984477274
16,2,0,0,12.683853550790351,1,18.65635893250983
13,8,0,0,14.66927916872189,1,21.072387590502505
10,3,0,1,14.721601127183256,1,21.202761183833445
13,1,0,0,12.31153099979576,1,19.417482065071084
13,6,1,1,12.864533324906962,1,19.478760537687695
15,0,0,0,10.753813266412635,0,8.519579745680291
13,2,0,1,10.070982961076377,0,7.307640182440175
17,0,1,0,12.674896050245763,1,19.63354981936825
17,1,0,0,13.829056734456564,1,19.60470034891733
14,2,1,0,13.343951198281548,1,19.889277892469277
13,2,1,0,14.209167280424872,1,19.782473349168196
19,1,0,0,12.345567728063164,1,19.05836733122729
15,2,1,1,11.57782973343624,0,8.710192552653288
9,0,0,1,9.186841313473328,0,5.408889723669806
14,4,0,0,12.550390165759364,1,19.99932631702246
15,3,0,1,12.010449633243208,1,19.225110490479565
13,8,1,0,10.576138542371034,0,6.243223882255364
13,1,0,0,12.625099786661876,1,19.0062906098042
9,4,0,1,9.112886674521803,0,6.502808463863733
14,5,0,1,14.822489633261876,1,20.774945234341363
12,2,1,0,11.25812627578969,0,8.767746985052266
12,7,1,0,12.841197722067156,1,20.583463373378628
14,4,0,0,13.19676157307941,1,19.719716915532427
8,4,0,0,11.836783745215133,0,9.509861234389058
13,1,1,0,11.037745500942425,0,8.150232185192122
13,8,0,0,12.476081405352712,1,20.60620719521321
10,7,0,0,10.845059664124618,0,7.968540756915552
15,3,1,1,13.932223438290908,1,20.36862355296045
14,3,1,0,9.268335683468385,0,4.610592170802235
14,7,1,0,5.372064255395254,0,-0.0813170354374825
13,0,1,0,13.373749739467415,1,20.15304068128321
12,2,1,1,12.599184620375366,1,19.629073740839157
17,4,1,1,9.520153230241986,0,6.279379474421356
14,0,0,0,12.89254713909569,1,19.753611739488218
13,0,0,1,11.7200215703191,0,9.345133397343
15,2,0,1,15.463389531770924,1,22.68039141290008
14,1,0,1,12.452045161972585,1,20.61567690217279
13,7,1,0,12.386764419046171,1,19.116323285435016
18,5,0,1,11.58891613418919,0,9.310937397226052
11,1,1,1,13.240653205499331,1,20.084282307434364
14,5,1,1,10.410497767627,0,8.003240648281903
13,7,0,0,12.24106886079084,1,18.43656374931243
14,0,1,0,11.58256358711729,0,8.816365777491008
14,-1,1,1,12.228391967798323,1,18.835145055708736
14,3,0,1,10.127164088390586,0,6.823687813416544
11,8,0,0,12.656713191562028,1,19.442067847833272
11,3,1,1,10.033114566854188,0,6.9351775864370655
14,-2,1,1,13.695782279633622,1,20.088859983783063
12,-1,1,1,8.93607657227772,0,5.4206519546825245
12,5,1,1,13.524925103863096,1,19.69091462360659
16,6,0,1,13.094798830561826,1,19.29566775577301
16,4,0,1,11.441625367054945,0,8.413318518099642
14,3,0,1,12.281177005121368,1,19.55892133135304
16,2,0,1,11.653826229514568,0,9.507228840452369
11,4,0,1,8.612516534112153,0,5.580112113060887
12,1,0,1,8.62374290007435,0,5.300147344898343
13,1,0,0,9.248837162985431,0,5.782495720141295
9,4,0,1,9.864211432052413,0,7.004917193144727
12,3,1,1,14.390021383369376,1,20.548036436511623
19,-3,1,1,13.251041458498166,1,21.013408872279125
9,1,0,1,13.010534658941056,1,19.76436216738073
14,5,0,1,13.341157953707128,1,19.693102890029483
14,6,1,1,16.107415452367004,1,22.42243959198085
13,2,0,0,12.035639926390704,1,18.991619661167704
16,1,1,0,12.597201801540098,1,19.84277920696532
7,-1,0,0,10.092777950739723,0,7.660956495569166
9,3,0,0,11.47200685772311,0,7.450153373468733
13,3,1,0,9.603163857005388,0,5.890999635856947
15,0,1,1,10.784645184205337,0,8.370003581952215
15,3,1,0,10.724930028190377,0,7.248104930564556
11,4,1,0,13.091165632400504,1,19.948860145839905
13,4,1,1,12.729840285132743,1,20.21453400533922
14,1,0,0,12.1181830620914,1,18.59927627366844
15,1,0,1,10.228041421083102,0,6.814820231505831
8,8,1,0,13.842965182834453,1,20.48677315739886
13,2,0,1,10.108975089613548,0,6.466691543022522
16,3,0,1,11.025704485931914,0,8.080709559422715
11,6,1,1,11.19435035205492,0,8.75987638688158
15,0,1,1,11.236015608822912,0,9.214859706341016
12,4,1,1,11.16040260214174,0,7.979814055768981
12,4,1,0,12.89078792131956,1,19.724160233930316
12,5,0,1,11.954377339005836,0,9.61110174490011
12,6,1,0,11.562468968786137,0,9.166388372764503
14,1,0,1,14.534194775662202,1,20.824607244968515
20,2,0,1,12.731135990561016,1,19.333737255177475
13,-1,0,1,11.099493196641216,0,8.146978674498106
14,6,1,1,11.758578930214933,0,9.132855362099694
15,5,0,0,10.979720548022293,0,7.882275831100679
14,7,1,0,12.851407570055216,1,19.53157702935696
13,5,1,1,14.719648263027478,1,22.07448810816196
13,0,1,1,10.949458065249855,0,8.383788326314669
14,-1,1,1,14.79792563454076,1,21.863988402833836
9,1,1,1,15.198159230431948,1,22.16799718946976
14,2,0,0,10.638118614233305,0,7.7412771600536
10,7,1,0,14.756064484688231,1,21.554754157140604
10,0,0,0,12.988072771586475,1,19.469092394588685
15,5,0,1,10.947981248005068,0,7.229788255158957
13,-1,1,1,12.79272001724502,1,19.70679270796357
13,6,0,1,12.59556659467821,1,19.93377580896274
14,6,1,0,16.279784782228976,1,22.19189447561605
15,6,1,0,12.425508769979826,1,19.697338823779717
11,1,1,0,10.80048744830601,0,8.308486609436542
13,3,1,0,10.17090268802498,0,6.685797368698314
13,1,1,1,11.528762793055542,0,8.675100231850118
13,3,0,1,13.328336404191775,1,19.644333917058216
12,7,0,0,13.335251216249272,1,20.107545535106425
14,7,1,1,10.745190435808071,0,7.000592993665192
15,3,1,1,11.376309521466233,0,8.684754429816591
14,3,0,1,13.712281028879072,1,21.30472689702938
15,0,1,0,9.613354862506355,0,6.269757437238846
12,-1,0,0,10.007184271168772,0,7.381743637597856
14,0,1,0,8.361838158548691,0,3.4566074843118777
17,0,1,1,13.205548592695465,1,20.000942397166355
12,9,0,1,14.206265694244262,1,20.107557708107315
10,0,0,1,10.07943863453622,0,6.524352659670198
15,3,1,1,12.269288276418775,1,18.88600011282521
21,-2,1,0,12.873812906910423,1,19.36966290553195
13,1,1,0,12.018222213269398,1,18.58727514790322
16,4,1,0,10.687992628243316,0,8.595660851269955
12,1,0,0,15.665661227474711,1,21.77058996997098
12,3,1,1,14.765690065105137,1,20.59980548400797
14,4,1,0,13.522756226282691,1,19.928296377275785
10,5,1,1,8.747756541899847,0,4.77144777280904
15,0,0,1,9.97646552212441,0,6.983294182380573
15,3,1,1,10.416283072746737,0,7.427027749095044
12,1,0,1,10.543306309015325,0,8.392239836661595
12,3,1,0,13.856080747976996,1,20.53470476329052
17,-2,1,0,13.376815118457332,1,18.92694918055343
14,2,1,0,12.518231552640527,1,18.53165477017969
10,4,1,1,10.333442222889616,0,6.740233474930067
14,2,0,1,12.273834996660716,1,18.507510003189765
10,4,1,0,11.445927714685086,0,9.06511813115449
18,2,0,1,10.708355431497385,0,7.816365093118342
14,-1,0,0,11.302932134474805,0,8.48466974251173
18,3,1,1,13.414482746028373,1,20.617957599774765
18,-2,0,0,12.327327856361771,1,19.50447602301898
13,3,1,0,9.341535771285615,0,6.370949687794196
12,4,0,0,13.642561041378633,1,19.839445530924536
17,1,1,0,13.500037353883965,1,20.27575115952297
15,0,1,0,12.438411780422816,1,20.10033259067841
10,4,1,0,10.31148406703952,0,6.786233846743757
19,4,1,1,8.167157984058466,0,3.2151487999165336
12,4,0,1,12.662739496191328,1,19.978160983443136
14,1,1,1,10.215068886093942,0,7.165630652576252
14,3,0,0,9.874356006266195,0,6.434707477327367
16,2,1,0,12.916380237549658,1,19.78695859820372
10,9,1,1,10.15628642468672,0,6.474416709416476
11,1,0,1,14.352020414784809,1,21.37898184244407
13,3,1,1,11.213792614813102,0,8.167230727573122
13,5,1,0,8.027308836434692,0,2.612856861974039
11,0,1,0,15.130674788402931,1,22.26869810089361
11,4,0,0,14.2939226940546,1,20.97612738344364
11,6,1,0,15.502303894436713,1,22.302192794848423
12,1,0,1,13.02278854355091,1,21.018274148816417
16,0,0,0,9.703125177604232,0,6.478625606169103
17,2,1,1,10.400775325422837,0,7.504840031198563
13,0,0,1,11.62125698587937,0,8.410425973209215
16,4,1,1,10.78541579870744,0,7.673277270840141
12,3,0,0,8.205260667722332,0,3.8401482981367856
14,1,0,0,14.39774711172968,1,21.34202589650275
15,4,0,1,9.57356191584914,0,6.727006825174734
13,3,1,0,9.234501266019851,0,5.490096781734912
14,4,1,1,13.918167783915054,1,20.921916907581384
16,-3,1,0,12.37373258656943,1,20.2537032647454
14,3,0,0,9.237494138249524,0,5.642636838886476
13,1,1,0,12.057063514151416,1,20.316814097904867
13,4,1,0,13.313778799841987,1,21.152541667860127
15,4,0,1,10.273532420173952,0,6.022200848214109
14,4,1,1,15.199495915936955,1,21.14077277429073
16,0,0,0,15.146442817579969,1,21.776594212155004
17,-3,0,1,14.403050874174127,1,21.299077096474143
15,3,0,1,10.82760628841878,0,9.078714736476307
22,0,0,1,13.265612982815274,1,20.0474243327237
10,-2,0,0,9.620069921651702,0,6.863669642732277
18,6,0,0,10.074303796892584,0,7.16345943487292
12,4,1,0,13.517620741702382,1,20.06305967431252
12,4,0,0,12.064501049018933,1,17.370638171718802
11,3,1,0,9.61188432992624,0,6.036473716847834
16,1,1,1,12.118480567756276,1,18.6469841484052
16,1,1,0,10.753911151972613,0,7.970501199658451
13,6,1,1,14.143773290578036,1,21.158835599972168
15,3,1,0,13.432864156298804,1,19.573098942030686
17,2,0,0,13.043457695600608,1,19.92684394313168
14,0,0,1,14.66748830204904,1,20.87262256853122
13,2,1,1,10.838444528068145,0,6.195381276206588
9,2,1,0,18.642335439880405,1,24.144731870712683
17,-2,1,0,11.839281490966716,0,9.687864434282478
15,1,0,0,11.38944116774858,0,9.38427041925898
13,1,1,0,13.021675405409392,1,20.346412562759976
13,4,1,1,10.934052541759812,0,7.975119084619887
14,6,0,1,10.330000173256288,0,6.6163936211970045
14,5,0,1,17.80511051183385,1,22.621714781906974
14,-2,1,1,11.774905928363555,0,9.24905858191829
14,3,0,1,8.153886144462996,0,3.640828241842424
18,0,1,1,13.353864820878808,1,20.680880563821884
13,-4,1,1,11.941293674064395,0,9.986160783248618
17,6,1,1,14.26261877407711,1,21.02081107816249
13,2,1,1,9.40135511071284,0,5.616167556029936
14,1,1,0,14.105401224052247,1,20.8629604373803
15,1,0,1,10.604819149354975,0,7.726051975777864
14,6,0,1,10.206317924609651,0,6.914266955462584
16,7,0,1,16.44127730138,1,21.52659715758664
14,3,0,1,14.178151883060512,1,20.479036896224653
14,3,1,0,12.314018841875544,1,19.321386899562004
15,5,0,0,11.094175753852314,0,7.395526763760424
13,7,1,0,15.587496313979004,1,20.9991696013041
10,4,0,1,13.1507347088937,1,20.34218021699421
14,5,1,0,16.36158762336257,1,23.301035325607486
14,3,1,1,9.298412316992524,0,5.890028625468067
15,4,1,1,10.732783687633995,0,7.900878325311511
14,4,1,0,11.95592986524569,0,8.477311051766947
13,2,0,0,10.607716564233922,0,7.654339518139017
14,2,1,1,15.853712862979386,1,21.721969042639465
9,0,1,0,14.38229140501422,1,20.81634625614057
13,3,1,0,12.462225519933536,1,19.02852217631129
11,5,0,0,7.831123953015068,0,3.0119294815761237
18,6,1,1,13.1892036807223,1,19.180332211866872
9,4,0,1,11.269969778529951,0,8.144525760951526
15,3,0,1,7.736582170244017,0,2.9390818276881974
13,7,0,1,12.110488039945327,1,19.11782724990604
15,7,1,0,12.331399239452278,1,18.45558785274392
20,4,1,0,14.059719450182437,1,20.4688448484341
15,1,1,0,15.79482983222384,1,22.64364741049023
16,2,1,1,10.337275518736991,0,7.111620244236276
13,0,1,0,14.514181867882584,1,19.99482519236071
16,-1,0,1,10.923358837112849,0,7.968160437685979
10,7,0,0,10.808255595487491,0,7.690279116278826
14,4,0,0,11.797430273394966,0,9.258562884511203
14,3,1,0,14.761464735579976,1,20.14094462716081
14,7,1,0,9.039838336182216,0,5.025173482415382
11,0,0,0,13.705976229291512,1,19.560888446473555
14,5,0,1,11.095605518243056,0,9.465793350523308
16,2,0,1,8.14178498211312,0,4.240417392513958
13,2,1,0,9.80946065821967,0,6.299650923328999
15,0,0,1,14.909675773511054,1,21.458819798380127
11,0,0,1,12.00301436768671,1,18.836657750098905
13,2,1,0,11.343581916316989,0,8.772701464459082
14,1,0,1,13.565831313865583,1,20.81256948078746
15,-1,1,0,11.884387424165478,0,8.562832593272214
12,7,1,0,14.1371524612984,1,19.695860069128752
15,3,0,1,10.855814132360072,0,7.56109554334222
13,3,0,1,12.333247251342382,1,19.443214527522
14,1,1,1,13.79839738421746,1,20.936603994271422
18,6,0,1,11.05638234247302,0,8.566029751550614
12,2,1,0,12.85758276000332,1,19.680896622236283
15,0,1,0,15.800506948399152,1,21.824301838028838
15,6,1,0,14.249260153943132,1,20.12487701378381
11,2,0,0,12.427653437399998,1,19.82756938081216
13,2,1,1,11.206648832128474,0,8.662687712740997
12,6,0,1,10.659265067979996,0,7.380897475181258
10,0,0,1,11.239711244101398,0,9.623641192915004
14,0,1,1,11.335715473104228,0,9.4188174893341
7,8,0,1,8.997214767232336,0,5.260547894829299
13,2,1,0,14.36266829417614,1,20.572608178461557
13,5,1,1,14.317911856915284,1,20.54844157813494
16,-6,0,0,8.619623967182028,0,4.906375174807497
15,4,1,0,10.056196619736877,0,6.842710758503204
17,3,0,1,12.819740593895062,1,19.42435518442566
15,2,0,0,13.770740665267704,1,20.64919033117307
14,0,0,1,15.134117260009893,1,21.365277216733208
11,8,1,1,12.962991447301658,1,18.99817006775558
14,7,0,1,9.078171530915965,0,5.688250825034209
13,0,0,0,9.365943706048508,0,6.738983057323438
8,2,1,0,12.685416709303867,1,19.147307154137373
14,5,1,1,14.1407437538103,1,20.316275604593848
12,2,1,1,12.58496407817258,1,19.478792198301672
14,2,0,0,15.806334331132154,1,21.847015811169708
17,0,0,0,12.628983209335656,1,19.60015222750182
12,4,1,1,10.935717959584473,0,8.394620554149721
20,3,0,1,10.599225860982084,0,8.764703351150885
15,2,0,1,9.670940291516503,0,6.045218766182738
18,0,1,0,11.703075916065435,0,8.350926753911388
15,7,0,1,12.481509493143909,1,19.56079711685674
11,0,1,1,13.328717716419671,1,19.2221721611408
16,0,0,1,11.770720490868792,0,9.786150953628203
13,3,0,1,8.977086035832027,0,5.479026894484874
14,1,0,0,11.14842568640974,0,8.124250010576363
13,9,1,0,11.477156639374142,0,8.843868647830892
14,1,0,1,11.881576222372525,0,9.390424615497096
13,3,1,0,11.602401377022137,0,10.005893679477
16,4,0,0,11.781236562234929,0,9.181920377200704
15,7,0,1,9.074001518444168,0,5.430009155478696
11,0,0,1,11.23584940319417,0,8.42050397591532
11,6,1,1,10.872771806797749,0,7.227716297410261
16,7,0,0,11.945857384769496,0,9.006769831996788
19,2,1,0,8.832098986679638,0,5.293075759278195
12,3,1,0,11.630445041907276,0,8.627864563437301
13,8,1,1,13.63897430055038,1,19.62464555328696
16,4,0,0,10.175274348995682,0,7.162399583472711
17,1,0,0,14.15506387860566,1,20.29292951656992
11,1,0,0,12.083451572017934,1,20.00620351047461
13,-1,1,1,11.491024904010263,0,8.65929625372335
12,2,0,0,14.967560724800585,1,21.08508728736797
14,1,1,1,12.873872230341847,1,19.897756442614348
13,0,1,0,12.343112175819108,1,20.380010632437976
15,2,1,0,13.023668840775493,1,19.58970370160656
17,3,0,0,11.051628136842806,0,8.23681188529965
15,3,0,0,11.072969540000573,0,8.849959080966773
10,3,0,0,11.854182996739722,0,8.799716118225966
14,6,0,0,15.410001250973345,1,20.899695129703357
10,2,0,0,14.507860661267294,1,21.637621495076274
18,4,0,1,12.954301970118404,1,20.202625996122197
14,1,0,1,13.652891781068494,1,20.490680193747068
14,5,1,0,12.653816246239057,1,18.64436726365534
13,0,1,0,12.409244202931154,1,19.58339360369278
15,-1,0,1,13.509377543707556,1,20.392378565413622
13,2,0,1,10.650871240568335,0,7.298118448448184
16,0,0,1,11.075351901268512,0,9.242004519143022
18,4,1,1,11.97223296072712,0,9.15154825169031
12,4,0,1,14.10686654117842,1,20.680863993744804
9,3,0,1,11.63764772078989,0,9.492452745310276
16,2,1,0,9.149816827577885,0,4.757680392753348
13,7,0,0,15.842038127694533,1,21.92954527295086
16,3,0,1,12.036399416973044,1,18.588101264939574
17,-1,1,0,14.308815512361292,1,20.824842839150826
14,6,1,0,9.908461673072988,0,6.668461102980878
13,5,1,0,11.467228147524184,0,9.074796413088492
11,2,0,1,12.504552980566393,1,20.62993991787805
10,0,1,0,13.951865274539747,1,20.68388930720518
12,-1,0,0,13.146556103702435,1,20.53731146576918
17,3,1,1,13.887509462690945,1,20.1650515710686
11,0,1,0,13.88272112098641,1,20.758323208806083
11,1,1,1,8.132563167624646,0,3.7097870976602136
12,0,0,1,8.814607050699038,0,4.224406815491482
12,5,0,0,12.295953397584896,1,18.24190776538673
17,4,1,0,14.900027644320025,1,21.390197529643515
13,-4,0,1,10.427127909926211,0,8.324736958757084
17,4,1,1,12.154057119690336,1,18.79189745987979
13,4,0,0,9.383775057873477,0,5.397021550279505
15,1,0,1,13.045406836180955,1,19.41148792901277
17,3,1,1,12.55007239337514,1,20.348407744995527
19,2,1,0,11.66396083935784,0,8.481369723815867
15,1,0,0,14.341743368027036,1,20.408688269132742
13,2,1,0,11.560985114285948,0,9.622074662572464
16,5,1,1,12.256182709021044,1,18.85969435857522
12,1,0,0,11.597793346690636,0,9.409409956069572
14,3,1,1,10.8696898261209,0,8.496586194479429
14,2,0,1,10.618428193299886,0,7.980800667881401
16,3,1,0,11.90116350358336,0,9.263245499645958
12,3,0,0,9.144847601828111,0,4.457461902344788
15,2,0,1,13.258867122679042,1,19.67932513746499
19,6,1,0,13.15089346410698,1,20.276743332506403
15,7,0,1,11.52630899962309,0,8.864346309860691
16,6,0,0,15.819510876591938,1,21.60105695602857
16,8,1,0,12.133218857563303,1,18.76194915941697
10,5,1,1,15.422086637581597,1,22.34820407818238
16,3,0,1,13.02607961059944,1,20.061267198782417
14,3,1,0,11.487175127290982,0,9.197295001206484
11,5,1,1,8.316699592284795,0,4.120471238197402
14,7,1,1,12.616560463278358,1,19.22286327352746
12,2,0,1,15.417119093272952,1,21.73028315096835
11,0,1,0,12.432632664134967,1,19.772297447043808
19,7,1,1,11.015742197729924,0,7.506407870394894
15,4,0,1,10.139225779660832,0,6.610556034071516
9,2,1,1,11.147176247708977,0,8.096261831192585
13,2,0,0,10.86135969443292,0,7.815507239349311
18,-3,1,1,9.35320796499552,0,6.111046140995106
17,-1,1,1,10.648080062131973,0,7.806956304885751
12,6,0,0,14.136507046441949,1,21.36633446983396
10,-1,0,1,15.201600139003302,1,21.791771951888137
13,6,1,1,8.178337778961646,0,3.987627555202098
16,8,0,0,11.35502208207642,0,8.420170878849627
16,5,1,0,9.665492073156408,0,5.79070727190683
14,6,0,0,7.156678280520494,0,1.7402966627433312
15,2,1,1,9.977713533586469,0,7.810164524383981
15,0,0,1,10.232138766640723,0,7.576999351521518
15,3,1,0,10.985711711665004,0,7.270842751217892
15,3,1,0,10.083356001956345,0,7.32987406932946
15,0,1,1,13.757176299888336,1,20.5709074152532
13,3,1,1,7.837610735826211,0,3.476540917787616
8,9,0,0,9.832583662709425,0,5.793422635780539
12,4,1,0,10.501875047432046,0,7.342891284421175
16,1,1,0,15.307583824622428,1,22.021744501528488
17,8,1,0,12.618639084398334,1,18.98941520344933
12,-2,1,0,11.357357096861378,0,10.1932892424895
10,2,1,0,12.320970151882324,1,19.48577110278197
14,0,0,0,14.266483742720858,1,21.25626043244769
14,5,1,0,12.919544409849612,1,19.429668772039825
11,0,0,1,9.292029730332064,0,6.1463180439555805
16,1,0,1,13.665531037486774,1,20.20456220354253
14,4,1,1,13.418222009690409,1,19.648872153181788
12,3,1,1,11.109065677111268,0,8.057514020283161
19,1,1,1,11.262990578812811,0,8.825488832389048
17,1,1,0,10.095064607898736,0,6.585192196524706
17,10,0,1,9.770031353066951,0,6.168984277883464
16,4,1,1,13.507308945861087,1,20.494261695734806
16,4,1,1,15.161424304486587,1,21.1976029127528
16,1,1,1,15.350323427511908,1,22.059209364701825
14,-1,1,1,14.77513782824029,1,21.514490324756377
12,6,0,0,11.825355839786576,0,8.92968011834645
15,7,0,1,9.258930390636964,0,5.423325350966314
11,3,0,0,13.060579566673244,1,19.84206674402098
15,6,1,0,11.512926961919703,0,8.479932939004323
14,6,0,1,11.746026755324497,0,9.262936793168588
12,0,0,0,14.892448458126186,1,20.91844277566071
15,10,1,0,12.67583040676001,1,19.291889875625237
12,7,1,0,12.70495377534179,1,18.545570774409597
11,3,1,0,12.279558112131392,1,18.74781255048379
10,-2,1,1,14.10598199242299,1,20.76912074051635
11,3,0,1,10.26357686441475,0,8.352974541564018
13,3,1,0,12.866340219326265,1,19.26053912313327
14,3,1,0,12.328530315104446,1,19.328870069538205
11,3,1,1,12.048780231530236,1,19.68869080898235
11,2,0,0,10.566168286067125,0,7.910856697607937
15,5,0,1,10.06915610751802,0,6.4614960265057375
14,2,1,0,11.346406890231952,0,7.771531368536566
16,3,0,0,12.373292614195975,1,19.101927134829644
7,3,0,0,14.029874475222943,1,20.089221809942188
13,1,1,1,12.041520324429555,1,19.343574937979568
14,0,0,0,11.523454334785026,0,9.556211560178449
13,2,0,0,9.317412124885806,0,5.755371492455844
14,1,0,1,9.798601680911494,0,7.362780924836924
12,1,1,1,14.052372382679533,1,20.28784308942296
19,4,0,1,11.390070718498675,0,8.065462770310326
13,5,1,0,8.658884493455538,0,4.754689531738699
14,0,1,1,8.280879444830447,0,4.035143884940879
11,5,0,1,9.10805763125986,0,5.0310114154755405
17,0,1,0,10.454656364541572,0,8.220053109306683
