address,village,takeup_survey,age,agpop,ricearea_2010,disaster_prob,male,default,intensive,risk_averse,literacy,pre_takeup_rate
beilian2,beilian,0,62.0,2.0,10.0,30.0,1.0,1,0,0.0,0.0,0.071428575
beilian2,beilian,1,63.0,5.0,15.0,100.0,1.0,1,0,0.0,1.0,0.071428575
beilian2,beilian,1,44.0,3.0,7.5,20.0,1.0,1,1,0.0,1.0,0.071428575
beilian2,beilian,1,76.0,6.0,,50.0,1.0,1,1,0.60000002,1.0,0.071428575
beilian2,beilian,0,52.0,6.0,11.0,0.0,1.0,1,1,0.19999999,1.0,0.071428575
beilian2,beilian,1,53.0,5.0,35.0,0.0,1.0,1,0,0.0,1.0,0.071428575
beilian2,beilian,0,72.0,10.0,2.0,40.0,1.0,1,0,0.0,1.0,0.071428575
beilian2,beilian,1,43.0,6.0,19.0,20.0,1.0,1,0,0.0,1.0,0.071428575
beilian2,beilian,1,78.0,7.0,14.0,30.0,1.0,1,1,0.39999998,1.0,0.071428575
beilian4,beilian,1,73.0,2.0,5.0,50.0,1.0,0,0,0.0,1.0,0.40000001
beilian4,beilian,1,58.0,6.0,20.0,20.0,1.0,0,1,0.0,1.0,0.40000001
beilian4,beilian,1,67.0,2.0,3.0,40.0,1.0,0,0,0.80000001,1.0,0.40000001
beilian4,beilian,1,60.0,2.0,10.0,50.0,1.0,0,0,0.0,1.0,0.40000001
beilian4,beilian,0,43.0,3.0,11.0,40.0,1.0,0,0,0.39999998,1.0,0.40000001
beilian4,beilian,0,36.0,4.0,16.0,40.0,1.0,0,1,0.0,,0.40000001
beilian4,beilian,1,62.0,6.0,12.0,40.0,1.0,0,1,0.39999998,1.0,0.40000001
beixing4,beixing,0,52.0,5.0,12.0,20.0,1.0,0,0,0.0,1.0,0.33333334
beixing4,beixing,0,57.0,6.0,10.0,20.0,1.0,0,0,0.19999999,1.0,0.33333334
beixing4,beixing,1,59.0,4.0,11.0,20.0,1.0,0,1,0.0,1.0,0.33333334
beixing4,beixing,0,42.0,5.0,13.0,50.0,1.0,0,1,0.39999998,1.0,0.33333334
beixing4,beixing,0,56.0,4.0,10.0,50.0,1.0,0,1,0.0,0.0,0.33333334
beixing5,beixing,1,61.0,2.0,22.0,20.0,1.0,1,1,0.0,1.0,0.5
beixing5,beixing,0,37.0,4.0,15.0,40.0,1.0,1,0,0.0,1.0,0.5
beixing712,beixing,1,48.0,6.0,80.0,40.0,1.0,1,0,0.0,1.0,0.42105263
beixing712,beixing,0,44.0,4.0,20.0,50.0,1.0,1,0,0.0,1.0,0.42105263
beixing712,beixing,0,51.0,5.0,11.0,40.0,1.0,1,0,0.0,0.0,0.42105263
beixing712,beixing,0,52.0,6.0,19.0,20.0,1.0,1,1,0.39999998,1.0,0.42105263
beixing712,beixing,0,33.0,4.0,5.7,50.0,1.0,1,0,0.0,1.0,0.42105263
beixing712,beixing,0,45.0,4.0,6.8,40.0,1.0,1,1,0.60000002,1.0,0.42105263
beixing712,beixing,1,45.0,10.0,15.0,20.0,1.0,1,0,0.0,1.0,0.42105263
beixing712,beixing,0,45.0,4.0,10.0,20.0,1.0,1,1,0.19999999,1.0,0.42105263
beixing712,beixing,1,74.0,2.0,7.0,20.0,1.0,1,1,0.0,0.0,0.42105263
caijia1,caijia,1,59.0,10.0,12.0,20.0,1.0,0,1,0.80000001,1.0,0.40000001
caijia1,caijia,1,40.0,4.0,18.0,20.0,1.0,0,1,0.80000001,1.0,0.40000001
caijia1,caijia,0,56.0,4.0,6.0,50.0,1.0,0,1,0.0,1.0,0.40000001
caijia1,caijia,0,65.0,4.0,3.0,50.0,1.0,0,0,0.0,1.0,0.40000001
caijia1,caijia,0,63.0,3.0,21.0,50.0,1.0,0,0,0.0,0.0,0.40000001
caijia1,caijia,0,64.0,6.0,5.0,50.0,1.0,0,1,0.0,1.0,0.40000001
caijia1,caijia,1,50.0,5.0,18.0,40.0,1.0,0,0,0.60000002,1.0,0.40000001
caijia1,caijia,1,76.0,4.0,5.0,30.0,1.0,0,0,0.0,0.0,0.40000001
caijia1,caijia,1,73.0,3.0,7.0,30.0,1.0,0,0,0.60000002,0.0,0.40000001
caijia6,caijia,0,41.0,3.0,2.0,30.0,1.0,1,0,0.0,1.0,0.33333334
caijia6,caijia,1,73.0,6.0,4.0,20.0,1.0,1,1,0.80000001,,0.33333334
caijia6,caijia,0,43.0,4.0,3.0,20.0,1.0,1,1,0.0,1.0,0.33333334
caijia6,caijia,1,60.0,13.0,19.0,10.0,1.0,1,0,0.19999999,1.0,0.33333334
caijia6,caijia,1,37.0,4.0,18.0,40.0,1.0,1,0,0.60000002,,0.33333334
caijia6,caijia,0,68.0,2.0,1.0,20.0,1.0,1,0,0.0,0.0,0.33333334
caijia6,caijia,0,48.0,5.0,8.0,10.0,1.0,1,0,0.19999999,1.0,0.33333334
caijia6,caijia,0,35.0,10.0,10.0,30.0,1.0,1,1,0.0,1.0,0.33333334
caijia6,caijia,1,55.0,3.0,10.0,30.0,1.0,1,0,0.0,1.0,0.33333334
caijia6,caijia,0,52.0,3.0,3.0,10.0,1.0,1,1,0.0,0.0,0.33333334
caijia6,caijia,0,57.0,4.0,4.0,20.0,1.0,1,1,0.0,1.0,0.33333334
caijia6,caijia,1,57.0,2.0,4.0,50.0,1.0,1,0,1.0,1.0,0.33333334
caijia6,caijia,0,72.0,5.0,4.5,50.0,1.0,1,1,1.0,1.0,0.33333334
caijia6,caijia,0,40.0,4.0,3.0,20.0,1.0,1,1,0.0,1.0,0.33333334
caijia6,caijia,1,52.0,4.0,10.0,50.0,1.0,1,0,0.0,1.0,0.33333334
daqiaoxujia,daqiao,1,46.0,6.0,18.0,20.0,1.0,1,0,0.80000001,1.0,0.83333331
daqiaoxujia,daqiao,0,78.0,1.0,2.0,20.0,1.0,1,1,0.0,0.0,0.83333331
daqiaoxujia,daqiao,1,54.0,4.0,14.0,10.0,1.0,1,1,0.0,1.0,0.83333331
daqiaoxujia,daqiao,1,64.0,9.0,13.0,50.0,0.0,1,0,0.0,0.0,0.83333331
daqiaoxujia,daqiao,0,25.0,5.0,2.5,36.0,0.0,1,1,0.0,1.0,0.83333331
daqiaozhoujia,daqiao,0,73.0,2.0,4.0,40.0,1.0,1,1,0.0,0.0,0.85714287
daqiaozhoujia,daqiao,1,62.0,2.0,5.0,20.0,0.0,1,0,0.0,0.0,0.85714287
daqiaozhoujia,daqiao,1,70.0,2.0,10.0,50.0,0.0,1,0,0.0,0.0,0.85714287
daxinanan,daxi,0,57.0,10.0,5.0,50.0,0.0,0,1,0.0,0.0,0.42857143
daxinanan,daxi,0,46.0,8.0,20.0,0.0,0.0,0,1,0.0,0.0,0.42857143
daxituku,daxi,0,33.0,4.0,5.0,30.0,1.0,1,0,0.0,1.0,0.35294119
daxituku,daxi,1,75.0,5.0,5.0,50.0,1.0,1,1,0.0,1.0,0.35294119
daxituku,daxi,0,48.0,4.0,20.0,20.0,1.0,1,1,0.0,1.0,0.35294119
daxituku,daxi,0,60.0,13.0,5.800000190734863,20.0,1.0,1,0,0.0,1.0,0.35294119
daxituku,daxi,0,64.0,5.0,5.0,40.0,1.0,1,1,0.0,1.0,0.35294119
daxituku,daxi,1,84.0,6.0,1.0,40.0,1.0,1,1,0.60000002,1.0,0.35294119
daxituku,daxi,0,43.0,4.0,2.0,30.0,1.0,1,0,0.0,1.0,0.35294119
daxituku,daxi,0,58.0,1.0,0.800000011920929,60.0,1.0,1,1,0.0,0.0,0.35294119
daxituku,daxi,0,48.0,5.0,7.800000190734863,20.0,1.0,1,0,0.0,1.0,0.35294119
daxituku,daxi,1,45.0,4.0,17.0,80.0,1.0,1,0,0.39999998,1.0,0.35294119
daxituku,daxi,0,41.0,5.0,14.0,20.0,1.0,1,1,0.0,1.0,0.35294119
daxituku,daxi,1,54.0,4.0,4.0,20.0,0.0,1,0,0.39999998,0.0,0.35294119
daxituku,daxi,1,82.0,3.0,2.0,40.0,1.0,1,0,0.0,0.0,0.35294119
daxiwujiajiaohengtou,daxi,0,68.0,7.0,1.0,40.0,1.0,0,1,0.0,0.0,0.25
daxiwujiajiaohengtou,daxi,0,45.0,5.0,2.5,20.0,1.0,0,1,0.60000002,1.0,0.25
daxiwujiajiaohengtou,daxi,1,71.0,2.0,3.200000047683716,20.0,1.0,0,0,0.0,0.0,0.25
daxiwujiajiaohengtou,daxi,1,44.0,6.0,20.0,20.0,0.0,0,0,0.0,1.0,0.25
daxiwujiajiaohengtou,daxi,0,53.0,4.0,8.0,50.0,1.0,0,0,0.0,1.0,0.25
daxiwujiajiaohengtou,daxi,1,78.0,2.0,4.0,40.0,1.0,0,0,0.60000002,1.0,0.25
daxiwujiajiaohengtou,daxi,0,53.0,3.0,6.599999904632568,30.0,1.0,0,1,0.0,1.0,0.25
daxiwujiajiaohengtou,daxi,1,47.0,4.0,18.0,20.0,0.0,0,0,0.80000001,1.0,0.25
daxiwujiajiaohengtou,daxi,1,70.0,6.0,1.600000023841858,5.0,1.0,0,0,0.0,1.0,0.25
daxiwujiajiaohengtou,daxi,0,38.0,6.0,17.0,50.0,1.0,0,1,0.0,1.0,0.25
daxiwujiajiaohengtou,daxi,1,75.0,2.0,4.0,20.0,1.0,0,1,0.80000001,0.0,0.25
daxiwujiajiaohengtou,daxi,1,59.0,8.0,10.0,50.0,0.0,0,1,0.0,0.0,0.25
daxixiajialong,daxi,0,35.0,4.0,2.599999904632568,20.0,0.0,1,0,0.0,0.0,0.71428573
daxixiajialong,daxi,0,58.0,5.0,3.0,40.0,1.0,1,0,0.0,0.0,0.71428573
daxixiajialong,daxi,1,47.0,2.0,18.0,10.0,1.0,1,1,0.0,0.0,0.71428573
daxixiajialong,daxi,1,60.0,2.0,7.0,50.0,1.0,1,1,0.0,1.0,0.71428573
daxixiajialong,daxi,1,61.0,8.0,10.0,50.0,1.0,1,1,0.0,0.0,0.71428573
daxiyuantoulong,daxi,0,40.0,4.0,4.0,20.0,1.0,0,1,0.0,0.0,0.18181819
daxiyuantoulong,daxi,1,56.0,6.0,10.0,25.0,1.0,0,1,0.0,1.0,0.18181819
daxiyuantoulong,daxi,1,,,,40.0,1.0,0,1,0.60000002,,0.18181819
daxiyuantoulong,daxi,0,52.0,6.0,3.0,33.0,0.0,0,0,0.0,1.0,0.18181819
daxiyuantoulong,daxi,0,21.0,4.0,2.0,20.0,1.0,0,0,0.0,1.0,0.18181819
daxiyuantoulong,daxi,1,65.0,6.0,12.0,40.0,1.0,0,0,0.60000002,1.0,0.18181819
daxizhangjia,daxi,0,38.0,5.0,14.0,20.0,1.0,1,1,0.0,0.0,0.375
daxizhangjia,daxi,0,56.0,4.0,12.0,40.0,1.0,1,0,0.0,1.0,0.375
daxizhangjia,daxi,0,34.0,5.0,16.0,50.0,0.0,1,1,0.0,0.0,0.375
daxizhangjia,daxi,1,61.0,6.0,0.8999999761581421,30.0,1.0,1,1,0.0,1.0,0.375
daxizhangjia,daxi,1,48.0,5.0,6.0,50.0,0.0,1,0,0.0,0.0,0.375
daxizhangjia,daxi,1,54.0,7.0,9.0,50.0,1.0,1,0,0.0,1.0,0.375
dayudengxiongmin1,dayu,0,48.0,5.0,25.0,20.0,1.0,0,0,0.39999998,1.0,0.43478259
dayudengxiongmin1,dayu,0,68.0,2.0,3.0,50.0,1.0,0,0,0.0,1.0,0.43478259
dayudengxiongmin1,dayu,1,45.0,6.0,15.0,20.0,1.0,0,1,0.0,1.0,0.43478259
dayudengxiongmin1,dayu,1,40.0,5.0,120.0,20.0,1.0,0,1,0.19999999,1.0,0.43478259
dayudengxiongmin1,dayu,0,37.0,4.0,14.0,50.0,1.0,0,1,0.0,1.0,0.43478259
dayudengxiongmin1,dayu,1,37.0,4.0,120.0,20.0,1.0,0,0,0.0,1.0,0.43478259
dayudengxiongmin1,dayu,1,43.0,5.0,15.0,30.0,1.0,0,0,0.0,1.0,0.43478259
dayudengxiongmin1,dayu,0,48.0,3.0,27.0,50.0,1.0,0,1,0.0,1.0,0.43478259
dayudengxiongmin1,dayu,1,38.0,4.0,103.0,40.0,1.0,0,0,0.19999999,1.0,0.43478259
dayudengxiongmin1,dayu,1,59.0,6.0,7.0,20.0,1.0,0,1,0.0,1.0,0.43478259
dayudengxiongmin1,dayu,0,44.0,4.0,14.0,50.0,1.0,0,0,0.0,1.0,0.43478259
dayudengxiongmin1,dayu,0,41.0,4.0,19.0,20.0,1.0,0,1,0.19999999,1.0,0.43478259
dayudengxiongmin1,dayu,0,51.0,8.0,8.0,20.0,1.0,0,0,1.0,1.0,0.43478259
dayudengxiongmin1,dayu,0,46.0,2.0,10.0,50.0,0.0,0,1,0.0,1.0,0.43478259
dayudengxiongmin1,dayu,1,58.0,2.0,12.0,50.0,1.0,0,1,0.19999999,1.0,0.43478259
dayudengxiongmin1,dayu,0,43.0,5.0,13.0,30.0,1.0,0,0,0.60000002,1.0,0.43478259
dayudengxiongmin1,dayu,1,52.0,2.0,20.0,50.0,1.0,0,0,1.0,1.0,0.43478259
dayudengxiongmin2,dayu,0,39.0,5.0,20.0,0.0,1.0,0,0,0.60000002,1.0,0.2
dayudengxiongmin2,dayu,0,41.0,5.0,14.5,0.0,1.0,0,0,0.60000002,1.0,0.2
dayudengxiongmin2,dayu,0,42.0,5.0,20.0,2.0,1.0,0,0,0.60000002,1.0,0.2
dayudengxiongmin2,dayu,1,45.0,8.0,25.0,30.0,1.0,0,1,0.39999998,1.0,0.2
dayudengxiongmin2,dayu,1,73.0,6.0,7.0,50.0,1.0,0,0,0.0,1.0,0.2
dayudengxiongmin2,dayu,0,74.0,2.0,12.0,40.0,1.0,0,1,0.0,0.0,0.2
dayudengxiongmin2,dayu,0,36.0,7.0,30.0,20.0,1.0,0,0,0.0,1.0,0.2
dayuminjia,dayu,0,39.0,5.0,20.0,30.0,1.0,1,0,0.0,1.0,0.14285715
dayuminjia,dayu,0,26.0,4.0,30.0,10.0,1.0,1,0,0.39999998,1.0,0.14285715
dayuminjia,dayu,0,44.0,5.0,20.0,30.0,1.0,1,0,0.0,1.0,0.14285715
dayuminjia,dayu,0,44.0,4.0,12.0,30.0,1.0,1,0,0.0,1.0,0.14285715
dayuminjia,dayu,1,52.0,5.0,18.0,50.0,1.0,1,1,0.0,1.0,0.14285715
dayuminjia,dayu,1,40.0,5.0,16.0,30.0,1.0,1,1,0.0,1.0,0.14285715
dayuminjia,dayu,0,59.0,5.0,20.0,30.0,0.0,1,0,0.0,0.0,0.14285715
dayuminjia,dayu,1,51.0,6.0,28.0,20.0,1.0,1,1,0.0,1.0,0.14285715
dayuminjia,dayu,1,49.0,4.0,22.0,20.0,1.0,1,0,0.0,1.0,0.14285715
dayuminjia,dayu,1,58.0,6.0,13.0,40.0,1.0,1,1,0.0,1.0,0.14285715
dayuminjia,dayu,1,56.0,6.0,12.0,40.0,1.0,1,0,0.0,1.0,0.14285715
dayuminjia,dayu,1,38.0,5.0,20.0,50.0,1.0,1,1,0.39999998,1.0,0.14285715
dayuminjia,dayu,0,38.0,4.0,12.0,20.0,1.0,1,0,0.0,1.0,0.14285715
dayuwangjia,dayu,1,48.0,2.0,13.0,30.0,1.0,0,0,0.0,1.0,0.71428573
dayuwangjia,dayu,0,54.0,6.0,22.0,40.0,1.0,0,0,0.60000002,1.0,0.71428573
dayuwangjia,dayu,1,48.0,6.0,20.0,50.0,1.0,0,1,0.0,1.0,0.71428573
dayuwangjia,dayu,1,51.0,4.0,60.0,40.0,1.0,0,1,0.0,1.0,0.71428573
dayuwangjia,dayu,1,53.0,2.0,13.0,30.0,1.0,0,0,0.0,1.0,0.71428573
dayuwangjia,dayu,1,38.0,7.0,17.0,20.0,1.0,0,1,0.0,1.0,0.71428573
dayuwangjia,dayu,1,42.0,4.0,5.0,40.0,1.0,0,1,0.0,0.0,0.71428573
dayuwangjia,dayu,1,59.0,5.0,5.0,20.0,1.0,0,0,0.60000002,0.0,0.71428573
dayuwangjia,dayu,1,47.0,2.0,23.0,20.0,1.0,0,1,0.0,1.0,0.71428573
dayuxiajia,dayu,0,57.0,5.0,10.0,20.0,1.0,1,1,0.0,1.0,0.45454547
dayuxiajia,dayu,0,57.0,6.0,11.0,40.0,0.0,1,0,0.0,0.0,0.45454547
dayuxiajia,dayu,0,36.0,4.0,9.0,50.0,0.0,1,0,0.0,1.0,0.45454547
dayuxiajia,dayu,0,38.0,4.0,18.0,20.0,0.0,1,1,0.60000002,0.0,0.45454547
dayuxiajia,dayu,0,63.0,2.0,4.0,20.0,0.0,1,0,0.0,0.0,0.45454547
dayuxiajia,dayu,0,51.0,5.0,8.0,0.0,1.0,1,0,0.0,1.0,0.45454547
dayuxiajia,dayu,0,41.0,5.0,17.0,30.0,0.0,1,0,0.0,1.0,0.45454547
dayuxiajia,dayu,1,46.0,4.0,12.0,20.0,1.0,1,1,0.19999999,1.0,0.45454547
dayuxiajia,dayu,1,,,13.0,50.0,,1,1,0.80000001,,0.45454547
dayuxiajia,dayu,0,36.0,5.0,30.0,40.0,0.0,1,1,0.0,1.0,0.45454547
dayuxiajia,dayu,0,62.0,6.0,10.0,50.0,1.0,1,1,0.0,1.0,0.45454547
dayuxiajia,dayu,1,18.0,5.0,20.0,20.0,1.0,1,0,0.80000001,1.0,0.45454547
dazhoulaoji1,dazhou,0,53.0,6.0,14.0,50.0,1.0,0,0,0.19999999,1.0,0.15789473
dazhoulaoji1,dazhou,0,29.0,4.0,3.0,40.0,0.0,0,1,0.0,1.0,0.15789473
dazhoulaoji1,dazhou,0,57.0,2.0,3.0,0.0,1.0,0,0,0.0,1.0,0.15789473
dazhoulaoji1,dazhou,0,70.0,2.0,16.0,0.0,1.0,0,0,0.0,0.0,0.15789473
dazhoulaoji1,dazhou,0,53.0,4.0,4.0,30.0,0.0,0,1,0.0,0.0,0.15789473
dazhoulaoji1,dazhou,0,26.0,6.0,1.0,50.0,1.0,0,0,0.0,1.0,0.15789473
dazhoulaoji1,dazhou,0,53.0,4.0,4.0,5.0,1.0,0,0,0.0,1.0,0.15789473
dazhoulaoji1,dazhou,0,,,1.0,50.0,1.0,0,1,0.0,,0.15789473
dazhoulaoji1,dazhou,0,53.0,7.0,20.0,20.0,1.0,0,1,0.0,1.0,0.15789473
dazhoulaoji1,dazhou,0,38.0,4.0,6.0,30.0,1.0,0,0,0.0,1.0,0.15789473
dazhoulaoji1,dazhou,0,42.0,4.0,6.0,20.0,1.0,0,1,0.19999999,1.0,0.15789473
dazhoulaoji1,dazhou,0,45.0,6.0,17.0,10.0,1.0,0,1,0.0,1.0,0.15789473
dazhoulaoji1,dazhou,0,64.0,2.0,4.0,40.0,1.0,0,0,0.0,1.0,0.15789473
dazhoulaoji2,dazhou,0,33.0,3.0,10.0,50.0,1.0,1,0,0.0,1.0,0.44444445
dazhoulaoji2,dazhou,0,50.0,4.0,20.0,20.0,1.0,1,0,0.0,1.0,0.44444445
dazhoulaoji2,dazhou,0,40.0,5.0,12.0,5.0,0.0,1,0,1.0,0.0,0.44444445
dazhoulaoji2,dazhou,0,61.0,3.0,13.0,50.0,1.0,1,1,0.0,1.0,0.44444445
dazhoulaoji2,dazhou,1,30.0,4.0,20.0,40.0,1.0,1,0,0.60000002,1.0,0.44444445
dazhoulaoji2,dazhou,0,40.0,4.0,30.0,20.0,0.0,1,1,0.39999998,0.0,0.44444445
dazhoulaoji2,dazhou,0,59.0,5.0,8.0,10.0,1.0,1,0,0.0,1.0,0.44444445
dazhoulaoji2,dazhou,0,64.0,6.0,4.0,10.0,1.0,1,1,0.0,1.0,0.44444445
dazhoulaoji2,dazhou,0,68.0,7.0,8.0,30.0,1.0,1,1,0.0,0.0,0.44444445
dazhoulaoji2,dazhou,0,38.0,4.0,8.0,20.0,0.0,1,0,0.60000002,1.0,0.44444445
dazhoulaoji2,dazhou,0,33.0,5.0,27.0,14.0,1.0,1,1,0.0,1.0,0.44444445
dazhoulaoji2,dazhou,0,52.0,5.0,43.0,100.0,1.0,1,1,0.0,1.0,0.44444445
dazhoulaoji2,dazhou,1,42.0,6.0,18.0,20.0,0.0,1,0,0.19999999,1.0,0.44444445
dazhoushangbianxue,dazhou,0,36.0,4.0,20.0,30.0,1.0,1,1,0.0,1.0,0.47058824
dazhoushangbianxue,dazhou,1,56.0,6.0,10.0,50.0,1.0,1,1,0.0,1.0,0.47058824
dazhoushangbianxue,dazhou,0,56.0,2.0,2.0,50.0,1.0,1,0,0.0,1.0,0.47058824
dazhoushangbianxue,dazhou,0,56.0,10.0,8.0,40.0,1.0,1,0,0.0,0.0,0.47058824
dazhoushangbianxue,dazhou,0,40.0,5.0,30.0,50.0,1.0,1,0,0.0,1.0,0.47058824
dazhoushangbianxue,dazhou,1,63.0,6.0,10.0,20.0,1.0,1,1,0.39999998,1.0,0.47058824
dazhoushangbianxue,dazhou,0,58.0,5.0,8.0,20.0,0.0,1,1,0.19999999,0.0,0.47058824
dazhoushangbianxue,dazhou,1,65.0,2.0,2.5,20.0,0.0,1,0,0.80000001,0.0,0.47058824
dazhoushangbianxue,dazhou,1,58.0,5.0,10.0,50.0,1.0,1,1,0.0,0.0,0.47058824
dazhoushangbianxue,dazhou,1,42.0,7.0,5.0,30.0,1.0,1,0,0.0,1.0,0.47058824
dazhoushangbianxue,dazhou,0,59.0,6.0,7.0,30.0,1.0,1,0,0.0,1.0,0.47058824
dazhoushangbianxue,dazhou,1,42.0,4.0,10.0,50.0,1.0,1,1,0.39999998,1.0,0.47058824
dazhoushangbianxue,dazhou,1,46.0,3.0,6.0,20.0,1.0,1,1,0.19999999,1.0,0.47058824
dazhouwenming,dazhou,1,28.0,5.0,60.0,10.0,0.0,0,0,0.19999999,1.0,0.55555558
dazhouwenming,dazhou,0,54.0,3.0,2.0,10.0,1.0,0,1,0.0,1.0,0.55555558
dazhouwenming,dazhou,0,58.0,6.0,13.0,20.0,1.0,0,0,1.0,0.0,0.55555558
dazhouwenming,dazhou,1,61.0,7.0,5.0,40.0,1.0,0,0,1.0,1.0,0.55555558
dazhouwenming,dazhou,0,34.0,4.0,44.0,20.0,1.0,0,0,0.0,1.0,0.55555558
dazhouwenming,dazhou,1,27.0,5.0,7.0,40.0,1.0,0,1,0.80000001,1.0,0.55555558
donganlaojiluojia,dongan,0,60.0,6.0,11.0,50.0,1.0,0,1,1.0,1.0,0.21052632
donganlaojiluojia,dongan,0,19.0,5.0,20.0,30.0,1.0,0,1,0.0,1.0,0.21052632
donganlaojiluojia,dongan,1,45.0,5.0,60.0,0.0,1.0,0,0,1.0,1.0,0.21052632
donganlaojiluojia,dongan,1,41.0,6.0,105.0,30.0,1.0,0,0,0.0,1.0,0.21052632
donganlaojiluojia,dongan,0,43.0,4.0,10.0,20.0,1.0,0,0,0.60000002,1.0,0.21052632
donganlaojiluojia,dongan,1,37.0,4.0,100.0,50.0,0.0,0,1,0.0,0.0,0.21052632
donganlaojiluojia,dongan,1,51.0,4.0,100.0,30.0,1.0,0,1,0.0,1.0,0.21052632
donganlaojiluojia,dongan,0,70.0,2.0,5.0,50.0,1.0,0,0,0.0,0.0,0.21052632
donganlaojiluojia,dongan,1,38.0,3.0,,30.0,1.0,0,1,1.0,1.0,0.21052632
donganlaojiluojia,dongan,1,41.0,4.0,65.0,50.0,1.0,0,0,0.19999999,1.0,0.21052632
donganlaojiluojia,dongan,0,42.0,4.0,18.0,20.0,1.0,0,0,1.0,1.0,0.21052632
donganlaojiluojia,dongan,0,43.0,5.0,40.0,20.0,1.0,0,1,1.0,1.0,0.21052632
donganxinji,dongan,1,35.0,5.0,65.0,0.0,1.0,0,0,0.39999998,1.0,0.60000002
donganxinji,dongan,1,70.0,2.0,3.0,80.0,1.0,0,1,0.0,0.0,0.60000002
donganxinji,dongan,1,66.0,2.0,7.0,70.0,1.0,0,1,0.0,1.0,0.60000002
donganxinji,dongan,0,47.0,4.0,50.0,30.0,1.0,0,0,0.0,1.0,0.60000002
donganxinji,dongan,0,48.0,7.0,2.200000047683716,20.0,0.0,0,0,0.0,0.0,0.60000002
donganxinji,dongan,0,64.0,2.0,1.700000047683716,0.0,0.0,0,1,1.0,1.0,0.60000002
donganxinji,dongan,0,48.0,4.0,20.0,0.0,1.0,0,0,0.0,1.0,0.60000002
donganxinji,dongan,0,41.0,4.0,4.0,0.0,1.0,0,0,0.0,1.0,0.60000002
donganxinji,dongan,1,37.0,4.0,10.0,50.0,1.0,0,1,1.0,1.0,0.60000002
dukou2,dukou,0,65.0,6.0,1.6,40.0,1.0,0,0,0.0,1.0,0.30000001
dukou2,dukou,0,46.0,5.0,32.0,20.0,1.0,0,1,0.19999999,1.0,0.30000001
dukou2,dukou,0,70.0,3.0,0.7,50.0,1.0,0,0,0.0,1.0,0.30000001
dukou2,dukou,0,35.0,4.0,6.0,30.0,1.0,0,1,0.0,0.0,0.30000001
dukou2,dukou,0,62.0,3.0,3.0,20.0,1.0,0,0,0.80000001,1.0,0.30000001
dukou2,dukou,0,69.0,5.0,6.0,30.0,1.0,0,0,0.0,1.0,0.30000001
dukou31,dukou,1,66.0,8.0,7.0,20.0,1.0,1,0,0.0,0.0,0.78947371
dukou31,dukou,1,39.0,4.0,4.0,40.0,1.0,1,0,0.0,1.0,0.78947371
dukou31,dukou,1,48.0,6.0,5.0,85.0,1.0,1,1,0.0,1.0,0.78947371
dukou31,dukou,1,37.0,4.0,15.0,50.0,1.0,1,1,0.0,1.0,0.78947371
dukou31,dukou,1,45.0,4.0,5.0,50.0,1.0,1,1,0.0,1.0,0.78947371
dukou31,dukou,1,65.0,5.0,7.0,50.0,1.0,1,0,0.0,0.0,0.78947371
dukou31,dukou,1,40.0,4.0,4.0,20.0,1.0,1,1,0.0,1.0,0.78947371
dukou31,dukou,0,52.0,4.0,3.8,40.0,1.0,1,1,0.0,1.0,0.78947371
dukou31,dukou,1,40.0,5.0,16.0,20.0,1.0,1,1,0.0,1.0,0.78947371
dukou32,dukou,0,53.0,2.0,5.0,30.0,1.0,1,0,0.0,1.0,0.2
dukou32,dukou,0,47.0,6.0,16.0,20.0,1.0,1,1,0.0,1.0,0.2
dukou32,dukou,1,54.0,8.0,8.0,50.0,1.0,1,1,1.0,1.0,0.2
dukou32,dukou,1,37.0,4.0,25.0,20.0,1.0,1,0,0.0,1.0,0.2
dukou32,dukou,0,43.0,4.0,9.0,20.0,1.0,1,0,0.39999998,1.0,0.2
dukou32,dukou,0,56.0,9.0,23.0,30.0,1.0,1,1,0.80000001,0.0,0.2
dukou32,dukou,1,50.0,5.0,9.0,20.0,1.0,1,0,0.0,1.0,0.2
dukou32,dukou,0,64.0,10.0,5.3,0.0,1.0,1,0,0.0,0.0,0.2
dukou32,dukou,0,74.0,6.0,1.5,40.0,1.0,1,0,0.0,0.0,0.2
dukou32,dukou,0,40.0,4.0,28.0,30.0,1.0,1,0,0.0,1.0,0.2
dukou32,dukou,0,52.0,6.0,21.8,40.0,1.0,1,1,0.0,1.0,0.2
dukou32,dukou,0,65.0,10.0,8.0,20.0,1.0,1,0,0.0,0.0,0.2
dukou41,dukou,0,25.0,4.0,3.0,50.0,1.0,1,0,0.39999998,1.0,0.81818181
dukou41,dukou,1,54.0,2.0,1.5,20.0,1.0,1,1,0.39999998,1.0,0.81818181
dukou41,dukou,0,50.0,6.0,30.0,0.0,1.0,1,1,0.19999999,1.0,0.81818181
dukou41,dukou,0,45.0,4.0,6.0,50.0,1.0,1,1,0.60000002,1.0,0.81818181
dukou41,dukou,1,59.0,6.0,10.0,50.0,1.0,1,0,0.0,1.0,0.81818181
dukou41,dukou,0,63.0,7.0,8.0,0.0,1.0,1,1,0.19999999,0.0,0.81818181
dukou41,dukou,1,70.0,6.0,12.0,40.0,1.0,1,0,0.60000002,1.0,0.81818181
dukou41,dukou,0,70.0,6.0,10.0,0.0,1.0,1,1,0.19999999,0.0,0.81818181
dukou42,dukou,1,71.0,4.0,5.0,50.0,1.0,1,0,0.0,0.0,0.35714287
dukou42,dukou,1,42.0,5.0,18.0,40.0,1.0,1,1,0.60000002,1.0,0.35714287
dukou42,dukou,0,52.0,4.0,10.0,30.0,1.0,1,0,0.0,1.0,0.35714287
dukou42,dukou,0,52.0,6.0,7.0,10.0,1.0,1,1,0.19999999,0.0,0.35714287
dukou42,dukou,0,46.0,5.0,16.0,10.0,1.0,1,0,0.39999998,1.0,0.35714287
dukou42,dukou,0,71.0,6.0,3.0,50.0,1.0,1,1,0.0,0.0,0.35714287
dukou42,dukou,0,59.0,3.0,3.0,50.0,1.0,1,1,0.0,1.0,0.35714287
dukou42,dukou,0,56.0,8.0,11.0,40.0,1.0,1,1,0.0,1.0,0.35714287
dukou42,dukou,1,74.0,6.0,2.5,40.0,1.0,1,0,0.0,1.0,0.35714287
dukou42,dukou,0,45.0,1.0,1.0,20.0,1.0,1,0,0.0,1.0,0.35714287
dukou51,dukou,0,67.0,10.0,10.0,20.0,1.0,0,0,0.0,1.0,0.71428573
dukou51,dukou,0,40.0,4.0,5.0,0.0,1.0,0,0,0.0,1.0,0.71428573
dukou51,dukou,1,43.0,4.0,5.0,30.0,1.0,0,1,0.0,1.0,0.71428573
dukou51,dukou,1,66.0,10.0,7.0,0.0,1.0,0,1,0.0,1.0,0.71428573
dukou51,dukou,0,60.0,11.0,12.0,30.0,1.0,0,0,0.0,1.0,0.71428573
dukou51,dukou,0,63.0,8.0,4.0,50.0,1.0,0,1,0.0,1.0,0.71428573
dukou51,dukou,0,31.0,9.0,30.0,30.0,1.0,0,1,0.0,1.0,0.71428573
dukou51,dukou,1,56.0,9.0,7.0,70.0,1.0,0,1,0.19999999,1.0,0.71428573
dukou51,dukou,1,45.0,2.0,1.3,50.0,1.0,0,1,0.0,1.0,0.71428573
dukou51,dukou,0,60.0,10.0,5.0,0.0,1.0,0,0,0.19999999,0.0,0.71428573
dukou51,dukou,0,55.0,9.0,12.0,30.0,1.0,0,0,0.0,1.0,0.71428573
dukou52,dukou,1,48.0,3.0,18.0,20.0,1.0,1,0,0.80000001,1.0,0.27777779
dukou52,dukou,0,68.0,14.0,2.0,40.0,1.0,1,1,0.60000002,0.0,0.27777779
dukou52,dukou,0,40.0,2.0,3.0,20.0,1.0,1,0,0.0,1.0,0.27777779
dukou52,dukou,1,68.0,3.0,3.4,50.0,1.0,1,1,0.0,1.0,0.27777779
dukou52,dukou,0,37.0,7.0,6.0,50.0,1.0,1,0,0.39999998,1.0,0.27777779
dukou52,dukou,0,64.0,9.0,7.0,50.0,1.0,1,1,0.0,0.0,0.27777779
dukou52,dukou,1,48.0,3.0,18.0,20.0,1.0,1,1,0.80000001,1.0,0.27777779
dukou52,dukou,1,62.0,7.0,24.0,30.0,1.0,1,1,0.0,1.0,0.27777779
dukou52,dukou,1,60.0,6.0,,20.0,1.0,1,1,0.0,0.0,0.27777779
dukou52,dukou,0,46.0,5.0,5.6,50.0,1.0,1,0,0.19999999,1.0,0.27777779
dukou52,dukou,0,49.0,4.0,4.0,50.0,1.0,1,1,0.0,1.0,0.27777779
dukou52,dukou,1,68.0,4.0,4.0,20.0,1.0,1,0,0.19999999,1.0,0.27777779
dukou52,dukou,0,55.0,3.0,7.0,30.0,1.0,1,0,0.0,1.0,0.27777779
dukou8,dukou,0,58.0,3.0,11.0,40.0,1.0,1,0,0.0,1.0,0.5
dukou8,dukou,1,63.0,6.0,9.1,50.0,1.0,1,0,0.0,1.0,0.5
dukou8,dukou,0,62.0,6.0,7.0,40.0,1.0,1,0,0.0,0.0,0.5
dukou8,dukou,1,73.0,6.0,4.0,20.0,1.0,1,1,0.80000001,1.0,0.5
dukou8,dukou,0,82.0,6.0,7.0,50.0,1.0,1,1,0.0,0.0,0.5
dukou8,dukou,1,31.0,4.0,18.0,40.0,1.0,1,0,0.60000002,1.0,0.5
dukou8,dukou,0,45.0,3.0,30.0,20.0,1.0,1,1,0.0,0.0,0.5
dukou8,dukou,0,64.0,4.0,6.0,10.0,1.0,1,1,0.39999998,1.0,0.5
dukou8,dukou,0,34.0,2.0,6.0,30.0,1.0,1,0,0.60000002,1.0,0.5
fusheng21,fusheng,1,41.0,4.0,25.0,20.0,1.0,1,1,0.39999998,1.0,0.5714286
fusheng21,fusheng,1,40.0,4.0,30.0,20.0,1.0,1,1,0.19999999,1.0,0.5714286
fusheng21,fusheng,1,76.0,5.0,5.0,50.0,1.0,1,0,0.0,1.0,0.5714286
fusheng21,fusheng,0,63.0,3.0,2.0,30.0,1.0,1,1,0.0,1.0,0.5714286
fusheng23,fusheng,1,45.0,4.0,7.5,50.0,1.0,1,1,0.0,1.0,1.0
fusheng23,fusheng,0,43.0,5.0,3.0,40.0,1.0,1,0,0.0,1.0,1.0
fusheng23,fusheng,0,52.0,4.0,8.0,20.0,1.0,1,0,0.0,1.0,1.0
fusheng23,fusheng,1,65.0,6.0,4.5,20.0,1.0,1,1,0.0,1.0,1.0
fusheng23,fusheng,1,62.0,2.0,2.73,20.0,1.0,1,0,0.0,1.0,1.0
fusheng31,fusheng,0,53.0,4.0,8.0,50.0,1.0,1,1,0.39999998,1.0,0.66666669
fusheng31,fusheng,0,46.0,4.0,6.3,50.0,1.0,1,0,0.0,1.0,0.66666669
fusheng31,fusheng,1,44.0,4.0,4.1,50.0,1.0,1,0,0.0,1.0,0.66666669
fusheng31,fusheng,0,34.0,10.0,5.0,30.0,1.0,1,0,0.0,1.0,0.66666669
fusheng31,fusheng,0,55.0,5.0,7.0,50.0,1.0,1,0,0.0,1.0,0.66666669
fusheng31,fusheng,1,59.0,6.0,5.0,40.0,1.0,1,1,0.0,1.0,0.66666669
fusheng32,fusheng,1,57.0,5.0,4.7,30.0,1.0,1,1,0.0,1.0,0.94444442
fusheng32,fusheng,1,46.0,5.0,15.0,50.0,1.0,1,1,0.0,1.0,0.94444442
fusheng32,fusheng,0,37.0,4.0,1.0,30.0,1.0,1,0,0.0,1.0,0.94444442
fusheng32,fusheng,0,24.0,6.0,1.0,20.0,1.0,1,1,0.80000001,1.0,0.94444442
fusheng32,fusheng,1,58.0,5.0,3.0,30.0,0.0,1,0,0.0,1.0,0.94444442
fusheng32,fusheng,1,47.0,4.0,15.0,50.0,1.0,1,0,0.0,1.0,0.94444442
fusheng32,fusheng,0,39.0,5.0,1.98,40.0,1.0,1,0,0.39999998,1.0,0.94444442
fusheng32,fusheng,1,43.0,4.0,15.0,50.0,1.0,1,0,0.0,1.0,0.94444442
fusheng32,fusheng,1,61.0,6.0,4.0,50.0,1.0,1,0,0.0,1.0,0.94444442
fusheng32,fusheng,1,38.0,4.0,1.3,20.0,1.0,1,0,0.0,1.0,0.94444442
fusheng32,fusheng,0,52.0,5.0,3.7,20.0,1.0,1,1,0.0,1.0,0.94444442
fusheng32,fusheng,1,43.0,4.0,2.0,20.0,1.0,1,1,0.0,1.0,0.94444442
fusheng32,fusheng,1,63.0,3.0,10.0,50.0,1.0,1,1,0.0,1.0,0.94444442
fusheng5,fusheng,1,53.0,5.0,30.0,50.0,1.0,0,0,0.0,1.0,0.07692308
fusheng5,fusheng,0,40.0,4.0,3.0,20.0,1.0,0,1,1.0,1.0,0.07692308
fusheng5,fusheng,0,65.0,5.0,2.6,30.0,1.0,0,1,0.0,0.0,0.07692308
fusheng5,fusheng,0,29.0,5.0,17.0,20.0,1.0,0,0,0.39999998,1.0,0.07692308
fusheng5,fusheng,1,40.0,4.0,7.0,30.0,1.0,0,0,0.0,1.0,0.07692308
fusheng5,fusheng,0,60.0,7.0,2.0,20.0,1.0,0,0,0.0,0.0,0.07692308
fusheng5,fusheng,0,53.0,6.0,4.0,50.0,1.0,0,0,0.0,1.0,0.07692308
fusheng5,fusheng,1,42.0,6.0,15.0,50.0,1.0,0,1,0.0,1.0,0.07692308
fusheng5,fusheng,0,54.0,6.0,4.0,30.0,1.0,0,0,0.0,1.0,0.07692308
fusheng5,fusheng,0,54.0,10.0,5.0,70.0,1.0,0,0,0.0,0.0,0.07692308
fusheng5,fusheng,0,50.0,5.0,27.0,50.0,0.0,0,1,0.39999998,1.0,0.07692308
fusheng5,fusheng,1,70.0,6.0,12.0,40.0,1.0,0,0,0.60000002,1.0,0.07692308
fusheng67,fusheng,1,36.0,4.0,2.5,20.0,1.0,1,1,0.0,1.0,0.64999998
fusheng67,fusheng,0,61.0,6.0,3.0,20.0,1.0,1,0,0.0,0.0,0.64999998
fusheng67,fusheng,0,36.0,4.0,8.0,30.0,1.0,1,1,0.0,1.0,0.64999998
fusheng67,fusheng,1,59.0,4.0,3.5,10.0,1.0,1,1,0.39999998,1.0,0.64999998
fusheng67,fusheng,1,41.0,5.0,3.0,20.0,1.0,1,0,0.0,1.0,0.64999998
fusheng67,fusheng,0,48.0,4.0,6.0,20.0,1.0,1,0,0.0,1.0,0.64999998
fusheng67,fusheng,0,35.0,4.0,10.0,15.0,1.0,1,0,0.0,1.0,0.64999998
fusheng67,fusheng,1,43.0,5.0,3.0,30.0,1.0,1,0,0.0,1.0,0.64999998
fusheng67,fusheng,1,57.0,7.0,6.0,20.0,1.0,1,0,1.0,1.0,0.64999998
fusheng67,fusheng,0,61.0,5.0,5.0,30.0,1.0,1,0,0.0,1.0,0.64999998
fusheng67,fusheng,1,44.0,5.0,5.0,20.0,1.0,1,1,0.0,1.0,0.64999998
fusheng67,fusheng,0,42.0,4.0,3.3,50.0,1.0,1,1,0.60000002,0.0,0.64999998
fuzhoujiankou,fuzhou,0,64.0,3.0,15.0,30.0,0.0,1,0,0.0,0.0,0.42857143
fuzhoujiankou,fuzhou,1,49.0,7.0,20.0,50.0,1.0,1,1,0.0,1.0,0.42857143
fuzhoujiankou,fuzhou,1,41.0,4.0,35.0,20.0,1.0,1,1,0.0,1.0,0.42857143
fuzhoujiankou,fuzhou,0,58.0,5.0,15.0,60.0,1.0,1,0,0.0,1.0,0.42857143
fuzhoujiankou,fuzhou,1,30.0,5.0,65.0,20.0,1.0,1,0,0.0,1.0,0.42857143
fuzhoujiankou,fuzhou,0,73.0,2.0,1.5,20.0,1.0,1,0,0.0,0.0,0.42857143
fuzhoujiankou,fuzhou,0,48.0,3.0,4.0,40.0,0.0,1,0,0.0,0.0,0.42857143
fuzhoujiankou,fuzhou,0,47.0,4.0,19.0,50.0,1.0,1,1,0.0,1.0,0.42857143
fuzhoujiankou,fuzhou,0,38.0,5.0,20.0,20.0,0.0,1,1,0.0,0.0,0.42857143
fuzhouwanjiadi,fuzhou,0,39.0,6.0,60.0,30.0,1.0,1,1,0.0,1.0,0.5
fuzhouxinkanshang,fuzhou,1,37.0,6.0,14.0,40.0,0.0,1,1,1.0,1.0,1.0
fuzhouxinkanshang,fuzhou,0,27.0,4.0,18.0,50.0,0.0,1,0,0.0,1.0,1.0
fuzhouxinkanshang,fuzhou,1,41.0,3.0,17.0,20.0,0.0,1,1,1.0,1.0,1.0
fuzhouxinkanshang,fuzhou,1,40.0,4.0,20.0,50.0,1.0,1,1,1.0,1.0,1.0
fuzhouxinkanshang,fuzhou,0,66.0,2.0,15.0,20.0,0.0,1,0,0.0,0.0,1.0
fuzhouxinkanshang,fuzhou,0,55.0,6.0,12.0,40.0,1.0,1,1,0.0,1.0,1.0
fuzhouxintanshang,fuzhou,0,32.0,6.0,22.0,20.0,1.0,0,0,0.39999998,1.0,0.5625
fuzhouxintanshang,fuzhou,1,39.0,4.0,20.0,20.0,0.0,0,0,0.0,1.0,0.5625
fuzhouxintanshang,fuzhou,1,46.0,3.0,1.0,50.0,0.0,0,0,1.0,1.0,0.5625
fuzhouxintanshang,fuzhou,1,38.0,5.0,10.0,20.0,0.0,0,1,0.0,0.0,0.5625
fuzhouxintanshang,fuzhou,1,63.0,1.0,4.0,40.0,1.0,0,0,0.39999998,1.0,0.5625
fuzhouxintanshang,fuzhou,1,58.0,2.0,4.0,40.0,0.0,0,1,0.0,0.0,0.5625
fuzhouxintanshang,fuzhou,1,40.0,4.0,110.0,40.0,0.0,0,1,1.0,1.0,0.5625
fuzhouxintanshang,fuzhou,0,26.0,9.0,21.0,10.0,1.0,0,1,0.19999999,1.0,0.5625
fuzhouxintanshang,fuzhou,1,54.0,2.0,9.0,50.0,1.0,0,1,0.60000002,1.0,0.5625
fuzhouxintanshang,fuzhou,0,53.0,2.0,6.0,30.0,0.0,0,1,0.19999999,0.0,0.5625
fuzhouzhoujia,fuzhou,1,47.0,6.0,18.0,20.0,0.0,1,1,0.39999998,1.0,0.8888889
fuzhouzhoujia,fuzhou,1,59.0,6.0,10.0,20.0,1.0,1,1,0.0,1.0,0.8888889
fuzhouzhoujia,fuzhou,1,53.0,4.0,2.0,50.0,1.0,1,0,0.0,1.0,0.8888889
fuzhouzhoujia,fuzhou,1,36.0,6.0,10.0,80.0,1.0,1,0,0.39999998,1.0,0.8888889
gangtou1,gangtou,1,74.0,7.0,3.0,50.0,1.0,1,0,0.0,0.0,0.81818181
gangtou1,gangtou,0,64.0,5.0,9.0,30.0,0.0,1,1,0.0,1.0,0.81818181
gangtou1,gangtou,1,62.0,7.0,12.0,0.0,1.0,1,0,0.0,1.0,0.81818181
gangtou1,gangtou,1,47.0,4.0,7.0,40.0,1.0,1,1,0.0,1.0,0.81818181
gangtou1,gangtou,1,40.0,4.0,17.0,20.0,0.0,1,0,0.80000001,1.0,0.81818181
gangtou1,gangtou,1,69.0,6.0,10.0,30.0,1.0,1,1,0.0,1.0,0.81818181
gangtou1,gangtou,1,62.0,7.0,4.0,30.0,1.0,1,1,0.0,1.0,0.81818181
gangtou1,gangtou,0,40.0,4.0,38.0,20.0,1.0,1,0,1.0,1.0,0.81818181
gangtou2,gangtou,0,43.0,4.0,16.0,5.0,1.0,1,1,0.0,1.0,0.1875
gangtou2,gangtou,0,61.0,2.0,6.0,20.0,1.0,1,0,0.19999999,0.0,0.1875
gangtou2,gangtou,1,36.0,4.0,20.3,50.0,1.0,1,0,0.0,1.0,0.1875
gangtou2,gangtou,0,46.0,5.0,3.7,50.0,1.0,1,1,1.0,1.0,0.1875
gangtou2,gangtou,0,40.0,4.0,10.0,50.0,1.0,1,1,1.0,1.0,0.1875
gangtou2,gangtou,0,47.0,7.0,15.0,0.0,0.0,1,1,0.0,0.0,0.1875
gangtou2,gangtou,0,36.0,6.0,14.0,0.0,1.0,1,1,0.0,1.0,0.1875
gangtou2,gangtou,1,44.0,4.0,25.0,20.0,1.0,1,0,1.0,0.0,0.1875
gangtou2,gangtou,1,74.0,2.0,4.0,20.0,1.0,1,0,0.80000001,0.0,0.1875
gangtou3,gangtou,0,45.0,4.0,17.0,20.0,1.0,0,1,0.0,1.0,0.38461539
gangtou3,gangtou,0,58.0,4.0,13.0,50.0,1.0,0,1,0.0,1.0,0.38461539
gangtou3,gangtou,1,61.0,2.0,8.0,50.0,1.0,0,0,0.0,1.0,0.38461539
gangtou3,gangtou,1,76.0,6.0,2.4,50.0,1.0,0,0,0.0,0.0,0.38461539
gangtou3,gangtou,0,54.0,6.0,12.0,30.0,1.0,0,1,0.0,1.0,0.38461539
gangtou3,gangtou,1,55.0,2.0,11.0,50.0,1.0,0,1,0.0,1.0,0.38461539
gangtou3,gangtou,0,54.0,8.0,14.0,50.0,1.0,0,1,0.0,1.0,0.38461539
gangtou4,gangtou,0,70.0,2.0,8.0,20.0,0.0,0,1,0.80000001,0.0,0.75
gangtou4,gangtou,0,45.0,6.0,26.0,50.0,1.0,0,0,0.0,1.0,0.75
gangtou4,gangtou,1,78.0,2.0,1.0,20.0,1.0,0,0,0.0,,0.75
gangtou4,gangtou,1,70.0,2.0,1.0,40.0,1.0,0,1,0.19999999,0.0,0.75
gangtou4,gangtou,1,61.0,5.0,23.0,40.0,1.0,0,1,0.19999999,1.0,0.75
gangtou4,gangtou,0,38.0,4.0,17.0,50.0,1.0,0,1,0.0,1.0,0.75
gangtou4,gangtou,1,35.0,10.0,18.0,20.0,1.0,0,1,0.0,1.0,0.75
gangtou4,gangtou,0,38.0,3.0,10.6,20.0,1.0,0,0,0.0,1.0,0.75
gangtou5,gangtou,0,59.0,10.0,6.0,50.0,1.0,0,0,0.0,1.0,0.40000001
gangtou5,gangtou,0,68.0,3.0,4.0,30.0,1.0,0,1,0.0,0.0,0.40000001
gangtou5,gangtou,0,43.0,5.0,10.0,50.0,1.0,0,0,0.0,0.0,0.40000001
gangtou5,gangtou,1,36.0,4.0,27.0,30.0,1.0,0,1,0.39999998,1.0,0.40000001
gangtou5,gangtou,0,57.0,6.0,1.4,20.0,1.0,0,1,0.0,1.0,0.40000001
gangtou5,gangtou,0,58.0,2.0,4.0,40.0,0.0,0,1,0.0,0.0,0.40000001
gangtou5,gangtou,1,79.0,2.0,4.0,40.0,1.0,0,0,0.60000002,1.0,0.40000001
gangtou5,gangtou,0,39.0,4.0,6.0,40.0,1.0,0,0,0.0,1.0,0.40000001
gangtou5,gangtou,1,48.0,4.0,5.2,20.0,1.0,0,0,0.0,1.0,0.40000001
gangtou5,gangtou,0,65.0,6.0,11.0,50.0,1.0,0,1,0.0,1.0,0.40000001
gangtou5,gangtou,1,43.0,4.0,15.0,30.0,0.0,0,1,0.0,0.0,0.40000001
gangtou5,gangtou,1,59.0,5.0,11.5,20.0,1.0,0,0,0.39999998,1.0,0.40000001
gangxiahoufang,gangxia,1,55.0,5.0,12.0,20.0,1.0,1,1,0.19999999,1.0,0.875
gangxiahoufang,gangxia,0,40.0,4.0,15.0,40.0,0.0,1,0,0.0,1.0,0.875
gangxiahoufang,gangxia,1,71.0,2.0,9.0,30.0,1.0,1,0,0.0,0.0,0.875
gangxiahoufang,gangxia,1,79.0,3.0,2.0,20.0,1.0,1,0,0.0,0.0,0.875
gangxiahoufang,gangxia,1,62.0,2.0,2.5,20.0,1.0,1,0,0.0,1.0,0.875
gangxiahoufang,gangxia,1,57.0,1.0,2.0,40.0,1.0,1,1,0.0,1.0,0.875
gangxiahoufang,gangxia,1,46.0,7.0,15.0,50.0,1.0,1,1,0.0,1.0,0.875
gangxiazhonggang,gangxia,1,40.0,4.0,10.0,50.0,1.0,0,1,0.0,1.0,0.64285713
gangxiazhonggang,gangxia,1,32.0,4.0,30.0,40.0,0.0,0,1,0.0,1.0,0.64285713
gangxiazhonggang,gangxia,1,78.0,4.0,13.0,50.0,1.0,0,0,0.0,1.0,0.64285713
gangxiazhonggang,gangxia,1,56.0,2.0,4.0,20.0,1.0,0,0,1.0,1.0,0.64285713
gangxiazhonggang,gangxia,0,56.0,3.0,5.0,20.0,1.0,0,1,0.0,1.0,0.64285713
gangxiazhonggang,gangxia,1,38.0,4.0,7.0,50.0,1.0,0,1,0.0,1.0,0.64285713
gangxiazhonggang,gangxia,1,63.0,4.0,6.0,80.0,1.0,0,0,0.0,1.0,0.64285713
gangxiazhonggang,gangxia,1,53.0,5.0,8.0,20.0,1.0,0,0,0.0,1.0,0.64285713
gangxiazhonggang,gangxia,1,58.0,6.0,20.0,50.0,1.0,0,1,0.0,1.0,0.64285713
gangxiazhonggang,gangxia,1,58.0,1.0,2.0,20.0,0.0,0,1,0.0,0.0,0.64285713
gangxiazhonggang,gangxia,1,45.0,5.0,5.0,30.0,0.0,0,0,0.0,1.0,0.64285713
gangxiazhonggang,gangxia,0,54.0,5.0,5.0,20.0,1.0,0,0,0.0,1.0,0.64285713
guojiahexi,guojia,0,60.0,3.0,4.0,10.0,1.0,0,0,0.0,0.0,0.12
guojiahexi,guojia,0,58.0,6.0,2.799999952316284,20.0,0.0,0,1,0.0,0.0,0.12
guojiahexi,guojia,0,40.0,5.0,20.0,20.0,1.0,0,0,0.0,1.0,0.12
guojiahexi,guojia,1,55.0,1.0,10.0,50.0,0.0,0,0,0.0,0.0,0.12
guojiahexi,guojia,0,77.0,6.0,6.0,50.0,1.0,0,0,0.0,1.0,0.12
guojiahexi,guojia,1,47.0,5.0,2.0,30.0,0.0,0,0,0.0,0.0,0.12
guojiahexi,guojia,0,48.0,3.0,30.0,50.0,1.0,0,1,0.19999999,1.0,0.12
guojiahexi,guojia,1,51.0,5.0,12.0,40.0,1.0,0,0,0.80000001,1.0,0.12
guojiahexi,guojia,0,52.0,3.0,9.0,30.0,1.0,0,0,0.0,1.0,0.12
guojiahexi,guojia,0,41.0,3.0,2.0,20.0,0.0,0,1,0.0,0.0,0.12
guojiahexi,guojia,0,33.0,5.0,9.0,0.0,1.0,0,1,0.0,1.0,0.12
guojiahexi,guojia,1,77.0,4.0,5.0,50.0,1.0,0,1,0.0,0.0,0.12
guojiahexi,guojia,1,50.0,4.0,10.0,20.0,1.0,0,1,0.0,1.0,0.12
guojiahexi,guojia,1,58.0,5.0,10.0,50.0,1.0,0,1,0.0,1.0,0.12
hefeng10,hefeng,0,49.0,6.0,16.0,20.0,1.0,0,0,0.0,1.0,0.18181819
hefeng10,hefeng,0,69.0,6.0,22.0,10.0,1.0,0,0,0.39999998,1.0,0.18181819
hefeng10,hefeng,0,43.0,5.0,18.0,30.0,1.0,0,1,1.0,1.0,0.18181819
hefeng10,hefeng,0,63.0,6.0,12.0,30.0,1.0,0,1,1.0,1.0,0.18181819
hefeng10,hefeng,0,74.0,9.0,1.2,50.0,1.0,0,0,0.0,0.0,0.18181819
hefeng10,hefeng,0,63.0,7.0,12.0,50.0,1.0,0,0,0.0,1.0,0.18181819
hefeng10,hefeng,0,51.0,10.0,28.0,40.0,1.0,0,0,0.0,1.0,0.18181819
hefeng11,hefeng,0,67.0,2.0,7.0,50.0,1.0,0,0,0.19999999,0.0,0.2857143
hefeng11,hefeng,0,46.0,5.0,20.0,20.0,1.0,0,1,0.19999999,1.0,0.2857143
hefeng11,hefeng,1,67.0,8.0,10.0,50.0,1.0,0,1,0.39999998,1.0,0.2857143
hefeng11,hefeng,0,40.0,4.0,46.0,20.0,1.0,0,0,0.19999999,1.0,0.2857143
hefeng11,hefeng,0,39.0,4.0,39.0,30.0,1.0,0,0,0.0,1.0,0.2857143
hefeng11,hefeng,0,43.0,4.0,25.0,40.0,1.0,0,1,0.39999998,1.0,0.2857143
hefeng11,hefeng,0,59.0,6.0,34.0,30.0,1.0,0,1,0.0,0.0,0.2857143
hefeng13,hefeng,0,68.0,9.0,10.0,50.0,0.0,1,0,0.0,0.0,0.22222222
hefeng13,hefeng,1,53.0,6.0,6.0,40.0,1.0,1,0,0.0,1.0,0.22222222
hefeng13,hefeng,1,32.0,4.0,15.0,20.0,1.0,1,1,1.0,1.0,0.22222222
hefeng13,hefeng,1,36.0,3.0,3.0,20.0,1.0,1,0,0.0,1.0,0.22222222
hefeng13,hefeng,1,48.0,4.0,24.0,20.0,1.0,1,1,0.0,1.0,0.22222222
hefeng14,hefeng,0,54.0,4.0,8.0,30.0,1.0,0,0,1.0,1.0,0.14285715
hefeng14,hefeng,1,39.0,4.0,15.0,30.0,1.0,0,1,0.0,1.0,0.14285715
hefeng14,hefeng,0,63.0,10.0,6.0,20.0,1.0,0,1,0.0,1.0,0.14285715
hefeng14,hefeng,1,29.0,7.0,30.0,30.0,1.0,0,1,0.0,1.0,0.14285715
hefeng14,hefeng,0,44.0,4.0,5.0,20.0,1.0,0,0,0.0,1.0,0.14285715
hefeng14,hefeng,0,80.0,2.0,0.5,30.0,1.0,0,0,0.0,1.0,0.14285715
hefeng14,hefeng,0,64.0,6.0,35.0,50.0,1.0,0,0,0.0,1.0,0.14285715
hefeng14,hefeng,1,61.0,2.0,7.2,30.0,1.0,0,1,0.0,0.0,0.14285715
hefeng14,hefeng,0,59.0,6.0,13.1,40.0,1.0,0,1,0.0,1.0,0.14285715
hefeng14,hefeng,0,63.0,11.0,40.0,20.0,1.0,0,1,0.0,0.0,0.14285715
hefeng14,hefeng,0,57.0,6.0,20.0,20.0,1.0,0,0,0.0,1.0,0.14285715
hefeng2,hefeng,0,60.0,6.0,21.0,40.0,1.0,0,1,0.60000002,1.0,0.0
hefeng2,hefeng,0,47.0,4.0,10.0,20.0,1.0,0,0,0.0,1.0,0.0
hefeng2,hefeng,1,37.0,5.0,4.0,20.0,1.0,0,1,0.39999998,1.0,0.0
hefeng2,hefeng,0,70.0,2.0,4.0,20.0,1.0,0,1,0.0,1.0,0.0
hefeng2,hefeng,1,61.0,6.0,12.0,70.0,1.0,0,0,0.19999999,1.0,0.0
hefeng6,hefeng,1,72.0,7.0,5.0,50.0,1.0,0,1,0.0,0.0,0.52941179
hefeng6,hefeng,1,59.0,3.0,,40.0,1.0,0,0,0.60000002,1.0,0.52941179
hefeng6,hefeng,0,42.0,5.0,20.0,50.0,1.0,0,0,0.19999999,1.0,0.52941179
hefeng6,hefeng,1,39.0,4.0,23.0,20.0,1.0,0,1,0.0,1.0,0.52941179
hefeng6,hefeng,1,66.0,4.0,6.0,40.0,1.0,0,0,0.0,1.0,0.52941179
hefeng6,hefeng,0,51.0,7.0,11.0,20.0,1.0,0,1,0.0,1.0,0.52941179
hefeng6,hefeng,1,40.0,4.0,8.0,20.0,1.0,0,0,0.0,1.0,0.52941179
hefeng6,hefeng,0,38.0,5.0,5.0,40.0,1.0,0,0,0.0,1.0,0.52941179
hefeng6,hefeng,0,54.0,4.0,23.0,30.0,1.0,0,1,0.0,1.0,0.52941179
hefeng6,hefeng,1,59.0,6.0,10.0,30.0,1.0,0,1,1.0,1.0,0.52941179
hefeng7,hefeng,0,49.0,5.0,5.0,30.0,1.0,0,1,0.0,1.0,0.15000001
hefeng7,hefeng,0,44.0,4.0,15.0,40.0,1.0,0,0,0.0,1.0,0.15000001
hefeng7,hefeng,1,62.0,3.0,3.5,20.0,1.0,0,1,0.39999998,1.0,0.15000001
hefeng7,hefeng,0,53.0,6.0,38.0,20.0,1.0,0,1,0.0,1.0,0.15000001
hefeng7,hefeng,0,47.0,4.0,14.0,30.0,1.0,0,0,0.39999998,1.0,0.15000001
hefeng7,hefeng,1,73.0,2.0,4.0,40.0,1.0,0,1,0.60000002,0.0,0.15000001
hefeng7,hefeng,0,45.0,5.0,13.0,30.0,1.0,0,1,0.0,1.0,0.15000001
hefeng7,hefeng,0,29.0,4.0,9.0,30.0,1.0,0,0,0.0,1.0,0.15000001
hefeng7,hefeng,0,43.0,4.0,21.0,40.0,1.0,0,0,1.0,1.0,0.15000001
hefeng7,hefeng,0,46.0,4.0,10.0,0.0,1.0,0,0,0.0,1.0,0.15000001
hefeng7,hefeng,0,38.0,4.0,27.0,20.0,1.0,0,0,0.39999998,1.0,0.15000001
hefeng7,hefeng,1,68.0,5.0,10.2,50.0,1.0,0,0,0.0,1.0,0.15000001
hefeng7,hefeng,0,53.0,8.0,40.0,20.0,1.0,0,1,0.0,1.0,0.15000001
hefeng7,hefeng,0,55.0,5.0,9.0,30.0,1.0,0,0,0.0,1.0,0.15000001
hefeng7,hefeng,1,66.0,3.0,2.3,20.0,1.0,0,0,0.0,1.0,0.15000001
helinjiufang,helin,1,42.0,5.0,7.0,30.0,1.0,0,1,0.0,1.0,0.375
helinjiufang,helin,1,39.0,5.0,20.0,40.0,1.0,0,1,0.0,1.0,0.375
helinjiufang,helin,0,56.0,3.0,10.0,20.0,1.0,0,0,0.0,1.0,0.375
helinjiufang,helin,1,45.0,6.0,10.0,100.0,1.0,0,0,0.0,1.0,0.375
helinjiufang,helin,1,57.0,3.0,20.0,1.0,1.0,0,0,0.0,1.0,0.375
helinjiufang,helin,0,46.0,4.0,16.0,30.0,1.0,0,0,0.0,1.0,0.375
helinjiufang,helin,1,59.0,5.0,12.0,40.0,1.0,0,1,0.0,1.0,0.375
helinjiufang,helin,0,41.0,6.0,17.0,50.0,1.0,0,1,0.0,1.0,0.375
helinjiufang,helin,1,54.0,4.0,13.0,20.0,1.0,0,0,0.0,1.0,0.375
helinjiufang,helin,0,68.0,5.0,18.0,50.0,1.0,0,1,0.0,1.0,0.375
helinjiufang,helin,1,40.0,5.0,80.0,20.0,0.0,0,0,0.0,0.0,0.375
helinjiufang,helin,1,43.0,4.0,12.0,50.0,1.0,0,0,1.0,1.0,0.375
helinxinzhi,helin,0,42.0,4.0,6.599999904632568,40.0,1.0,1,0,0.0,1.0,0.7368421
helinxinzhi,helin,0,59.0,5.0,4.0,20.0,1.0,1,1,0.80000001,1.0,0.7368421
helinxinzhi,helin,1,43.0,4.0,8.0,40.0,1.0,1,1,0.39999998,1.0,0.7368421
helinxinzhi,helin,1,39.0,4.0,22.0,50.0,1.0,1,0,1.0,1.0,0.7368421
helinxinzhi,helin,0,53.0,5.0,17.0,20.0,1.0,1,0,0.0,1.0,0.7368421
helinxinzhi,helin,1,44.0,5.0,20.0,20.0,1.0,1,0,0.0,1.0,0.7368421
helinxinzhi,helin,0,45.0,4.0,20.0,50.0,1.0,1,1,0.0,1.0,0.7368421
helinxinzhi,helin,1,69.0,7.0,40.0,40.0,1.0,1,0,0.39999998,0.0,0.7368421
helinxinzhi,helin,0,40.0,7.0,9.800000190734863,50.0,1.0,1,0,0.0,1.0,0.7368421
helinxinzhi,helin,1,40.0,4.0,15.0,20.0,1.0,1,1,0.0,1.0,0.7368421
helinxinzhi,helin,0,36.0,4.0,10.0,20.0,1.0,1,0,0.0,1.0,0.7368421
hongxing10,hongxing,1,38.0,4.0,130.0,5.0,1.0,1,0,0.60000002,1.0,0.45454547
hongxing10,hongxing,0,45.0,6.0,10.0,50.0,1.0,1,0,0.0,1.0,0.45454547
hongxing10,hongxing,0,63.0,6.0,14.0,20.0,1.0,1,1,0.0,0.0,0.45454547
hongxing10,hongxing,1,45.0,1.0,1.5,30.0,1.0,1,1,0.0,1.0,0.45454547
hongxing10,hongxing,0,68.0,7.0,24.0,20.0,1.0,1,0,0.0,1.0,0.45454547
hongxing11,hongxing,0,74.0,3.0,6.0,40.0,1.0,1,0,0.0,1.0,0.42857143
hongxing11,hongxing,1,47.0,3.0,28.0,20.0,1.0,1,1,0.39999998,1.0,0.42857143
hongxing11,hongxing,1,42.0,4.0,18.0,20.0,1.0,1,1,0.80000001,1.0,0.42857143
hongxing11,hongxing,0,44.0,3.0,15.0,40.0,1.0,1,0,1.0,1.0,0.42857143
hongxing11,hongxing,0,41.0,4.0,28.0,50.0,1.0,1,1,0.19999999,1.0,0.42857143
hongxing11,hongxing,1,58.0,6.0,10.0,50.0,1.0,1,0,0.0,1.0,0.42857143
hongxing11,hongxing,0,46.0,6.0,24.0,30.0,1.0,1,0,0.0,1.0,0.42857143
hongxing11,hongxing,0,42.0,4.0,10.0,50.0,1.0,1,0,0.0,1.0,0.42857143
hongxing11,hongxing,0,46.0,4.0,34.0,20.0,1.0,1,1,0.19999999,1.0,0.42857143
hongxing11,hongxing,1,49.0,4.0,15.0,20.0,1.0,1,1,1.0,1.0,0.42857143
hongxing11,hongxing,0,67.0,8.0,4.0,20.0,0.0,1,1,0.0,0.0,0.42857143
hongxing2,hongxing,0,57.0,7.0,20.0,20.0,1.0,0,0,0.0,1.0,0.11111111
hongxing2,hongxing,0,44.0,4.0,6.4,20.0,1.0,0,0,0.0,0.0,0.11111111
hongxing2,hongxing,0,37.0,3.0,6.0,50.0,1.0,0,0,0.0,1.0,0.11111111
hongxing2,hongxing,0,45.0,4.0,25.0,50.0,1.0,0,1,0.0,1.0,0.11111111
hongxing2,hongxing,0,70.0,6.0,16.0,50.0,1.0,0,1,0.0,0.0,0.11111111
hongxing2,hongxing,0,40.0,5.0,20.0,0.0,1.0,0,1,0.0,1.0,0.11111111
hongxing2,hongxing,1,52.0,7.0,37.0,20.0,1.0,0,1,0.0,1.0,0.11111111
hongxing3,hongxing,0,46.0,5.0,20.0,50.0,1.0,0,1,0.0,0.0,0.1
hongxing3,hongxing,0,48.0,5.0,18.0,50.0,1.0,0,1,0.0,1.0,0.1
hongxing3,hongxing,1,65.0,3.0,4.5,50.0,1.0,0,0,0.0,1.0,0.1
hongxing3,hongxing,1,40.0,5.0,13.0,80.0,1.0,0,1,0.0,1.0,0.1
hongxing3,hongxing,1,76.0,3.0,5.0,30.0,1.0,0,0,0.0,1.0,0.1
hongxing3,hongxing,1,64.0,5.0,12.0,40.0,1.0,0,0,0.60000002,0.0,0.1
hongxing3,hongxing,0,56.0,6.0,8.0,40.0,1.0,0,1,0.0,0.0,0.1
hongxing3,hongxing,0,42.0,4.0,16.0,50.0,1.0,0,1,0.0,1.0,0.1
hongxing4,hongxing,0,41.0,4.0,22.07,20.0,1.0,0,0,0.0,0.0,0.85714287
hongxing4,hongxing,1,70.0,4.0,12.0,40.0,1.0,0,1,0.60000002,0.0,0.85714287
hongxing4,hongxing,0,52.0,3.0,17.0,50.0,1.0,0,0,0.0,1.0,0.85714287
hongxing4,hongxing,1,45.0,4.0,30.0,10.0,1.0,0,1,0.19999999,1.0,0.85714287
hongxing4,hongxing,1,47.0,5.0,25.0,30.0,1.0,0,0,0.19999999,1.0,0.85714287
hongxing5,hongxing,0,62.0,5.0,1.5,40.0,0.0,0,1,0.0,0.0,0.23076923
hongxing5,hongxing,0,53.0,5.0,15.6,30.0,1.0,0,1,0.0,1.0,0.23076923
hongxing5,hongxing,0,54.0,7.0,13.0,30.0,1.0,0,0,0.0,1.0,0.23076923
hongxing5,hongxing,1,59.0,7.0,20.0,25.0,1.0,0,1,0.0,1.0,0.23076923
hongxing5,hongxing,1,65.0,4.0,14.0,50.0,1.0,0,1,0.0,0.0,0.23076923
hongxing5,hongxing,0,44.0,4.0,13.0,50.0,1.0,0,1,0.0,1.0,0.23076923
hongxing5,hongxing,0,54.0,5.0,10.0,40.0,1.0,0,0,0.0,0.0,0.23076923
hongxing5,hongxing,0,64.0,9.0,16.0,20.0,1.0,0,0,0.0,1.0,0.23076923
hongxing5,hongxing,0,47.0,4.0,10.0,20.0,1.0,0,1,1.0,1.0,0.23076923
hongxing5,hongxing,1,42.0,4.0,15.0,50.0,1.0,0,0,0.0,1.0,0.23076923
hongxing8,hongxing,1,55.0,6.0,15.0,50.0,1.0,1,1,0.39999998,1.0,0.33333334
hongxing8,hongxing,0,31.0,4.0,22.0,20.0,1.0,1,0,0.39999998,1.0,0.33333334
hongxing8,hongxing,0,43.0,4.0,25.0,20.0,1.0,1,1,0.0,1.0,0.33333334
hongxing8,hongxing,0,57.0,6.0,20.0,40.0,1.0,1,1,0.80000001,1.0,0.33333334
hongxing8,hongxing,1,53.0,3.0,10.0,20.0,1.0,1,1,0.0,1.0,0.33333334
hongxing8,hongxing,1,51.0,4.0,15.0,40.0,1.0,1,0,0.0,0.0,0.33333334
hongxing8,hongxing,1,38.0,7.0,10.0,20.0,1.0,1,0,0.0,1.0,0.33333334
hongxing8,hongxing,1,33.0,4.0,12.0,10.0,1.0,1,1,1.0,1.0,0.33333334
hongxing8,hongxing,1,47.0,4.0,27.0,50.0,1.0,1,0,0.0,1.0,0.33333334
hongxing9,hongxing,1,37.0,4.0,57.0,70.0,1.0,0,1,0.0,1.0,0.25
hongxing9,hongxing,0,55.0,2.0,3.0,50.0,1.0,0,0,0.80000001,1.0,0.25
hongxing9,hongxing,0,65.0,2.0,6.0,50.0,1.0,0,1,0.0,1.0,0.25
hongxing9,hongxing,1,51.0,4.0,14.0,30.0,1.0,0,0,0.19999999,1.0,0.25
huangshan1,huangshan,1,39.0,6.0,1.2,50.0,1.0,0,1,0.0,1.0,0.0
huangshan1,huangshan,1,63.0,6.0,7.0,50.0,1.0,0,0,0.0,1.0,0.0
huangshan1,huangshan,1,41.0,4.0,3.0,40.0,1.0,0,0,0.39999998,1.0,0.0
huangshan1,huangshan,1,68.0,2.0,2.0,20.0,1.0,0,0,0.0,1.0,0.0
huangshan1,huangshan,0,33.0,5.0,10.0,20.0,1.0,0,1,0.0,1.0,0.0
huangshan1,huangshan,0,45.0,5.0,12.0,30.0,1.0,0,0,0.0,1.0,0.0
huangshan10,huangshan,1,46.0,6.0,10.0,50.0,1.0,1,0,0.0,0.0,0.89999998
huangshan10,huangshan,1,33.0,3.0,10.0,30.0,1.0,1,0,0.0,1.0,0.89999998
huangshan10,huangshan,1,54.0,2.0,12.0,20.0,1.0,1,1,0.80000001,1.0,0.89999998
huangshan10,huangshan,1,42.0,5.0,20.0,5.0,1.0,1,0,0.0,1.0,0.89999998
huangshan10,huangshan,0,39.0,6.0,10.0,50.0,1.0,1,1,0.0,1.0,0.89999998
huangshan10,huangshan,0,46.0,4.0,15.0,30.0,1.0,1,1,0.0,1.0,0.89999998
huangshan10,huangshan,1,46.0,4.0,6.0,50.0,1.0,1,1,0.0,1.0,0.89999998
huangshan10,huangshan,0,42.0,5.0,10.0,50.0,1.0,1,0,0.0,1.0,0.89999998
huangshan2,huangshan,0,65.0,5.0,10.0,50.0,1.0,0,0,0.0,1.0,0.5
huangshan2,huangshan,1,50.0,6.0,4.0,50.0,1.0,0,0,0.0,1.0,0.5
huangshan2,huangshan,1,70.0,6.0,13.5,30.0,1.0,0,0,0.0,0.0,0.5
huangshan2,huangshan,0,58.0,8.0,20.0,40.0,1.0,0,1,0.0,1.0,0.5
huangshan2,huangshan,1,36.0,7.0,18.0,40.0,1.0,0,1,0.60000002,1.0,0.5
huangshan2,huangshan,0,41.0,4.0,25.0,40.0,1.0,0,0,0.0,1.0,0.5
huangshan2,huangshan,0,72.0,4.0,7.0,50.0,1.0,0,1,0.39999998,0.0,0.5
huangshan2,huangshan,0,55.0,5.0,15.0,50.0,1.0,0,1,0.0,1.0,0.5
huangshan2,huangshan,0,38.0,9.0,13.0,50.0,1.0,0,1,0.0,1.0,0.5
huangshan3,huangshan,1,58.0,4.0,5.5,50.0,1.0,1,1,0.0,1.0,0.89999998
huangshan3,huangshan,1,60.0,3.0,6.0,20.0,1.0,1,1,0.0,1.0,0.89999998
huangshan3,huangshan,1,48.0,4.0,17.0,20.0,1.0,1,0,0.0,1.0,0.89999998
huangshan3,huangshan,1,51.0,3.0,6.0,30.0,1.0,1,1,0.80000001,1.0,0.89999998
huangshan3,huangshan,1,57.0,5.0,12.0,50.0,1.0,1,0,0.0,1.0,0.89999998
huangshan3,huangshan,1,71.0,2.0,4.0,20.0,1.0,1,0,0.80000001,1.0,0.89999998
huangshan3,huangshan,1,67.0,4.0,10.0,40.0,1.0,1,0,0.0,1.0,0.89999998
huangshan5,huangshan,1,46.0,7.0,14.0,30.0,1.0,0,0,0.39999998,1.0,0.5
huangshan5,huangshan,1,74.0,11.0,5.0,50.0,1.0,0,1,0.0,0.0,0.5
huangshan5,huangshan,0,59.0,6.0,3.0,10.0,1.0,0,1,0.39999998,0.0,0.5
huangshan5,huangshan,0,37.0,5.0,14.0,20.0,1.0,0,0,0.39999998,1.0,0.5
huangshan5,huangshan,0,45.0,4.0,4.0,50.0,1.0,0,0,0.0,1.0,0.5
huangshan5,huangshan,0,57.0,5.0,7.5,50.0,1.0,0,1,0.0,1.0,0.5
huangshan5,huangshan,1,61.0,2.0,13.0,20.0,1.0,0,0,0.0,0.0,0.5
huangshan5,huangshan,0,62.0,5.0,2.0,20.0,1.0,0,0,0.39999998,0.0,0.5
huangshan8,huangshan,1,27.0,4.0,5.4,20.0,1.0,1,0,0.0,1.0,0.60000002
huangshan8,huangshan,1,37.0,4.0,8.0,50.0,1.0,1,1,0.0,1.0,0.60000002
huangshan8,huangshan,1,40.0,4.0,47.0,50.0,1.0,1,1,0.39999998,1.0,0.60000002
huangshan8,huangshan,1,61.0,10.0,6.0,30.0,1.0,1,0,1.0,1.0,0.60000002
huangshan8,huangshan,0,60.0,7.0,12.0,40.0,1.0,1,1,0.0,1.0,0.60000002
huangshan8,huangshan,0,47.0,5.0,13.5,30.0,1.0,1,0,1.0,1.0,0.60000002
huangshan8,huangshan,1,51.0,13.0,29.0,20.0,1.0,1,1,0.0,1.0,0.60000002
huangshan8,huangshan,0,43.0,4.0,16.0,50.0,0.0,1,1,0.0,1.0,0.60000002
huangshan9,huangshan,0,34.0,4.0,24.0,30.0,1.0,1,0,0.80000001,1.0,0.25
huangshan9,huangshan,0,47.0,4.0,48.0,50.0,1.0,1,1,0.0,1.0,0.25
huangshan9,huangshan,1,41.0,5.0,25.0,20.0,1.0,1,0,1.0,1.0,0.25
huangshan9,huangshan,0,47.0,6.0,20.0,20.0,1.0,1,1,0.0,1.0,0.25
huangshan9,huangshan,0,44.0,4.0,20.0,40.0,1.0,1,1,0.0,1.0,0.25
huangshan9,huangshan,1,29.0,5.0,650.0,50.0,1.0,1,1,0.19999999,1.0,0.25
huangshan9,huangshan,1,53.0,8.0,35.0,20.0,1.0,1,0,0.39999998,1.0,0.25
jingang3,jingang,1,58.0,3.0,14.0,20.0,1.0,1,1,0.0,1.0,0.30000001
jingang3,jingang,0,66.0,10.0,5.0,30.0,1.0,1,0,0.0,1.0,0.30000001
jingang3,jingang,1,44.0,4.0,13.0,40.0,1.0,1,0,0.0,1.0,0.30000001
jingang3,jingang,0,40.0,4.0,5.0,50.0,1.0,1,1,0.0,1.0,0.30000001
jingang3,jingang,0,33.0,3.0,2.0,0.0,1.0,1,0,0.60000002,0.0,0.30000001
jingang3,jingang,0,36.0,4.0,14.0,20.0,1.0,1,1,0.0,1.0,0.30000001
jingang3,jingang,1,54.0,4.0,13.0,20.0,1.0,1,1,0.0,1.0,0.30000001
jingang4,jingang,0,44.0,4.0,10.0,50.0,1.0,0,1,0.0,1.0,0.5
jingang4,jingang,1,55.0,7.0,13.0,20.0,0.0,0,1,0.39999998,1.0,0.5
jingang4,jingang,1,42.0,4.0,5.6,30.0,1.0,0,1,1.0,1.0,0.5
jingang4,jingang,0,29.0,6.0,8.0,50.0,1.0,0,1,0.0,1.0,0.5
jingang4,jingang,1,62.0,3.0,6.0,20.0,1.0,0,1,0.39999998,1.0,0.5
jingang4,jingang,0,43.0,4.0,7.0,50.0,1.0,0,0,0.19999999,1.0,0.5
jingang4,jingang,0,42.0,4.0,26.0,50.0,1.0,0,0,0.39999998,1.0,0.5
jingang4,jingang,0,61.0,5.0,6.0,20.0,1.0,0,0,0.19999999,1.0,0.5
jingang4,jingang,1,51.0,4.0,7.0,30.0,1.0,0,0,0.0,1.0,0.5
jingang4,jingang,1,37.0,4.0,5.0,40.0,1.0,0,0,0.0,1.0,0.5
jingang5,jingang,0,69.0,4.0,5.0,50.0,1.0,0,1,0.0,1.0,0.16666667
jingang5,jingang,0,59.0,8.0,9.0,40.0,1.0,0,1,0.0,1.0,0.16666667
jingang5,jingang,0,56.0,4.0,6.0,20.0,1.0,0,1,0.0,1.0,0.16666667
jingang5,jingang,0,41.0,4.0,6.0,40.0,1.0,0,0,0.39999998,0.0,0.16666667
jingang5,jingang,0,36.0,5.0,6.0,50.0,1.0,0,1,0.0,1.0,0.16666667
jingang5,jingang,0,36.0,4.0,14.0,50.0,1.0,0,0,0.0,1.0,0.16666667
jingang5,jingang,0,56.0,1.0,1.5,20.0,0.0,0,1,0.0,0.0,0.16666667
jingang5,jingang,0,51.0,5.0,17.0,50.0,1.0,0,0,0.0,1.0,0.16666667
jingang5,jingang,0,58.0,5.0,12.0,40.0,1.0,0,0,0.0,0.0,0.16666667
jingang8,jingang,1,74.0,2.0,4.0,20.0,1.0,0,1,0.80000001,1.0,0.5
jingang8,jingang,0,45.0,4.0,4.0,30.0,1.0,0,1,0.19999999,1.0,0.5
jingang8,jingang,0,60.0,5.0,7.6,30.0,1.0,0,0,0.0,1.0,0.5
jingang8,jingang,1,70.0,7.0,1.8,20.0,1.0,0,0,0.0,1.0,0.5
jingang8,jingang,1,78.0,9.0,5.0,30.0,1.0,0,0,0.0,1.0,0.5
jingang8,jingang,1,56.0,10.0,7.0,20.0,1.0,0,1,0.19999999,1.0,0.5
jingang8,jingang,0,38.0,4.0,2.5,40.0,1.0,0,0,0.0,1.0,0.5
jingang9,jingang,0,61.0,4.0,4.0,20.0,1.0,0,1,0.0,0.0,0.41176471
jingang9,jingang,0,40.0,4.0,4.0,20.0,1.0,0,0,0.39999998,1.0,0.41176471
jingang9,jingang,0,37.0,5.0,4.5,50.0,1.0,0,1,0.0,1.0,0.41176471
jingang9,jingang,0,57.0,6.0,3.0,0.0,1.0,0,1,0.0,1.0,0.41176471
jingang9,jingang,1,72.0,6.0,4.0,20.0,1.0,0,1,0.80000001,1.0,0.41176471
jingang9,jingang,0,82.0,7.0,8.0,40.0,1.0,0,1,0.0,0.0,0.41176471
jingang9,jingang,0,42.0,4.0,3.6,50.0,1.0,0,1,0.0,1.0,0.41176471
jingang9,jingang,0,40.0,4.0,4.0,40.0,1.0,0,0,0.39999998,1.0,0.41176471
jingang9,jingang,0,42.0,4.0,11.0,20.0,1.0,0,0,0.0,1.0,0.41176471
jinggangbeilongjingtou,jinggang,0,53.0,6.0,1.840000033378601,50.0,1.0,0,0,0.0,1.0,0.11111111
jinggangbeilongjingtou,jinggang,1,50.0,5.0,1.0,30.0,1.0,0,0,0.0,1.0,0.11111111
jinggangbeilongjingtou,jinggang,0,49.0,6.0,5.0,0.0,1.0,0,0,0.0,1.0,0.11111111
jinggangbeilongjingtou,jinggang,0,47.0,4.0,2.380000114440918,20.0,1.0,0,0,0.39999998,1.0,0.11111111
jinggangbeilongjingtou,jinggang,0,42.0,5.0,6.699999809265137,3.0,1.0,0,0,0.0,1.0,0.11111111
jinggangbeilongjingtou,jinggang,1,60.0,4.0,12.0,20.0,1.0,0,0,0.80000001,1.0,0.11111111
jinggangbeilongjingtou,jinggang,0,57.0,3.0,6.0,20.0,1.0,0,1,0.0,1.0,0.11111111
jinggangbeilongjingtou,jinggang,0,42.0,5.0,40.0,50.0,1.0,0,1,0.0,1.0,0.11111111
jinggangbeilongjingtou,jinggang,1,42.0,5.0,18.0,20.0,1.0,0,1,0.80000001,1.0,0.11111111
jinggangbeilongjingtou,jinggang,1,66.0,7.0,12.0,20.0,1.0,0,1,0.80000001,1.0,0.11111111
jinggangbeilongjingtou,jinggang,0,70.0,3.0,4.0,40.0,1.0,0,1,0.0,0.0,0.11111111
jinggangsanggang,jinggang,1,73.0,1.0,5.0,50.0,1.0,1,1,0.0,0.0,0.80000001
jinggangsanggang,jinggang,1,62.0,4.0,7.0,20.0,1.0,1,0,0.0,1.0,0.80000001
jinggangsanggang,jinggang,1,57.0,7.0,6.0,50.0,1.0,1,1,1.0,1.0,0.80000001
jinggangsanggang,jinggang,1,81.0,5.0,1.0,30.0,1.0,1,0,0.0,0.0,0.80000001
jinggangsanggang,jinggang,1,36.0,4.0,9.0,50.0,0.0,1,0,0.0,1.0,0.80000001
jinggangsanggang,jinggang,1,60.0,6.0,2.0,40.0,1.0,1,1,0.0,0.0,0.80000001
jinggangsanggang,jinggang,0,53.0,5.0,10.0,50.0,1.0,1,0,0.0,1.0,0.80000001
jinggangxianshan,jinggang,1,37.0,4.0,18.0,20.0,1.0,0,1,0.80000001,1.0,0.2
jinggangxianshan,jinggang,1,76.0,7.0,45.0,30.0,1.0,0,0,0.0,0.0,0.2
jinggangxianshan,jinggang,0,57.0,5.0,8.0,10.0,1.0,0,0,0.39999998,1.0,0.2
jinggangzhaojiazhuang,jinggang,1,42.0,4.0,18.0,20.0,1.0,1,1,0.80000001,1.0,0.1
jinggangzhaojiazhuang,jinggang,0,41.0,4.0,3.0,50.0,1.0,1,1,0.0,0.0,0.1
jinggangzhaojiazhuang,jinggang,0,45.0,5.0,20.0,30.0,1.0,1,0,0.0,1.0,0.1
jinggangzhaojiazhuang,jinggang,1,50.0,6.0,18.0,20.0,1.0,1,1,0.80000001,1.0,0.1
jinggangzhaojiazhuang,jinggang,1,85.0,2.0,1.0,50.0,1.0,1,0,0.0,0.0,0.1
jinggangzhaojiazhuang,jinggang,0,49.0,5.0,13.0,40.0,1.0,1,0,0.39999998,1.0,0.1
lianqiandadi,lianqian,1,77.0,3.0,8.0,10.0,1.0,1,1,0.0,1.0,0.375
lianqiandadi,lianqian,1,55.0,6.0,15.0,30.0,1.0,1,0,0.0,0.0,0.375
lianqiandadi,lianqian,1,70.0,7.0,12.0,40.0,1.0,1,0,0.60000002,1.0,0.375
lianqiandadi,lianqian,0,55.0,6.0,8.0,50.0,0.0,1,1,0.0,1.0,0.375
lianqiandadi,lianqian,0,66.0,7.0,6.0,20.0,1.0,1,1,0.0,1.0,0.375
lianqiandadi,lianqian,0,36.0,5.0,17.0,50.0,1.0,1,0,0.0,1.0,0.375
lianqiandadi,lianqian,0,60.0,5.0,6.0,30.0,1.0,1,1,0.0,0.0,0.375
lianqiandadi,lianqian,1,61.0,2.0,10.0,30.0,1.0,1,0,0.0,0.0,0.375
lianqianlaoji,lianqian,0,47.0,3.0,6.0,40.0,1.0,1,0,0.0,1.0,0.58823532
lianqianlaoji,lianqian,1,39.0,4.0,12.0,30.0,0.0,1,0,0.0,0.0,0.58823532
lianqianlaoji,lianqian,0,75.0,2.0,2.0,50.0,1.0,1,1,0.0,0.0,0.58823532
lianqianlaoji,lianqian,1,45.0,4.0,12.0,30.0,1.0,1,1,0.60000002,1.0,0.58823532
lianqianlaoji,lianqian,0,36.0,3.0,15.0,50.0,1.0,1,1,0.0,1.0,0.58823532
lianqianlaoji,lianqian,0,47.0,4.0,15.0,100.0,1.0,1,0,0.39999998,1.0,0.58823532
lianqianlaoji,lianqian,0,34.0,7.0,10.0,20.0,1.0,1,0,0.0,1.0,0.58823532
lianqianlaoji,lianqian,1,69.0,7.0,4.0,50.0,1.0,1,1,0.19999999,1.0,0.58823532
lianqianlaoji,lianqian,1,39.0,7.0,38.0,50.0,1.0,1,0,0.0,0.0,0.58823532
lianqianlaoji,lianqian,1,61.0,3.0,10.0,30.0,1.0,1,1,0.0,0.0,0.58823532
lianqianlaoji,lianqian,1,48.0,6.0,15.0,80.0,1.0,1,1,0.0,1.0,0.58823532
lianqianlaoji,lianqian,1,45.0,6.0,36.0,50.0,1.0,1,0,0.0,1.0,0.58823532
lianqianlaoji,lianqian,1,39.0,7.0,30.0,20.0,1.0,1,1,0.0,1.0,0.58823532
lianqianxinji,lianqian,0,53.0,3.0,14.0,50.0,1.0,0,0,0.0,1.0,0.38095239
lianqianxinji,lianqian,0,62.0,5.0,5.0,40.0,1.0,0,1,0.0,0.0,0.38095239
lianqianxinji,lianqian,1,49.0,5.0,12.0,30.0,1.0,0,1,0.0,0.0,0.38095239
lianqianxinji,lianqian,0,57.0,4.0,16.0,50.0,0.0,0,1,0.0,0.0,0.38095239
lianqianxinji,lianqian,0,55.0,9.0,9.0,30.0,0.0,0,1,0.0,0.0,0.38095239
lianqianxinji,lianqian,0,32.0,5.0,23.0,20.0,1.0,0,0,0.0,1.0,0.38095239
lianqianxinji,lianqian,1,53.0,4.0,21.0,40.0,1.0,0,1,0.0,1.0,0.38095239
lianqianxinji,lianqian,0,69.0,4.0,7.5,20.0,1.0,0,0,0.0,1.0,0.38095239
lianqianxinji,lianqian,0,53.0,5.0,10.0,20.0,1.0,0,0,0.0,1.0,0.38095239
lianqianxinji,lianqian,1,53.0,3.0,10.0,40.0,1.0,0,1,0.0,1.0,0.38095239
lianxingchenjia,lianxing,1,52.0,5.0,14.0,30.0,1.0,0,0,0.0,1.0,0.68421054
lianxingchenjia,lianxing,0,61.0,2.0,8.0,50.0,1.0,0,0,0.0,0.0,0.68421054
lianxingchenjia,lianxing,1,37.0,4.0,3.0,20.0,1.0,0,0,1.0,1.0,0.68421054
lianxingchenjia,lianxing,0,54.0,6.0,10.0,20.0,1.0,0,1,0.0,1.0,0.68421054
lianxingchenjia,lianxing,1,48.0,6.0,15.0,30.0,1.0,0,0,0.0,1.0,0.68421054
lianxingchenjia,lianxing,1,59.0,3.0,10.0,30.0,1.0,0,0,0.0,1.0,0.68421054
lianxingchenjia,lianxing,1,55.0,4.0,12.0,40.0,0.0,0,0,0.0,0.0,0.68421054
lianxingchenjia,lianxing,1,50.0,2.0,7.0,60.0,1.0,0,0,0.0,1.0,0.68421054
lianxingchenjia,lianxing,0,35.0,4.0,10.0,50.0,1.0,0,0,0.0,1.0,0.68421054
lianxingchenjia,lianxing,1,40.0,5.0,10.0,40.0,1.0,0,1,0.0,1.0,0.68421054
lianxingchenjia,lianxing,0,38.0,4.0,6.0,60.0,0.0,0,0,0.0,1.0,0.68421054
lianxingchenjia,lianxing,0,59.0,7.0,2.0,20.0,1.0,0,1,1.0,1.0,0.68421054
lianxingchenjia,lianxing,0,61.0,3.0,10.0,0.0,1.0,0,1,0.0,1.0,0.68421054
lianxingchenjia,lianxing,1,38.0,5.0,16.0,40.0,1.0,0,1,0.0,1.0,0.68421054
lianxingchenjia,lianxing,1,41.0,5.0,40.0,50.0,1.0,0,1,0.0,1.0,0.68421054
lianxingtangjia,lianxing,1,52.0,3.0,13.0,50.0,1.0,1,0,0.0,1.0,0.77777779
lianxingtangjia,lianxing,0,36.0,7.0,8.0,20.0,1.0,1,1,1.0,0.0,0.77777779
lianxingtangjia,lianxing,1,58.0,4.0,10.0,30.0,1.0,1,1,0.19999999,1.0,0.77777779
lianxingtangjia,lianxing,1,41.0,4.0,13.0,50.0,1.0,1,1,0.80000001,1.0,0.77777779
lianxingtangjia,lianxing,1,49.0,3.0,8.0,50.0,1.0,1,1,0.80000001,1.0,0.77777779
lianxingtangjia,lianxing,0,41.0,6.0,12.0,20.0,1.0,1,0,0.60000002,1.0,0.77777779
lianxingxujia,lianxing,1,48.0,8.0,25.0,0.0,1.0,0,0,0.0,1.0,0.375
lianxingxujia,lianxing,1,35.0,3.0,60.0,40.0,1.0,0,1,0.0,1.0,0.375
lianxingxujia,lianxing,1,54.0,8.0,6.5,40.0,0.0,0,1,0.0,0.0,0.375
lianxingxujia,lianxing,1,53.0,11.0,12.0,50.0,1.0,0,0,0.39999998,1.0,0.375
lianxingxujia,lianxing,1,36.0,5.0,20.0,20.0,1.0,0,1,1.0,1.0,0.375
lianxingxujia,lianxing,0,37.0,7.0,8.0,20.0,0.0,0,0,0.39999998,0.0,0.375
longqingmianqian,longqing,1,44.0,10.0,19.0,40.0,0.0,1,1,0.0,1.0,1.0
longqingmianqian,longqing,1,74.0,1.0,4.0,40.0,1.0,1,1,0.60000002,0.0,1.0
longqingmianqian,longqing,1,80.0,7.0,6.0,15.0,1.0,1,0,0.0,0.0,1.0
longqingmianqian,longqing,1,64.0,2.0,6.0,30.0,1.0,1,1,0.0,1.0,1.0
longqingmianqian,longqing,0,64.0,5.0,10.0,40.0,1.0,1,0,0.0,1.0,1.0
longqingmianqian,longqing,1,58.0,4.0,6.300000190734863,50.0,1.0,1,0,0.0,1.0,1.0
longqingmianqian,longqing,0,45.0,4.0,11.0,20.0,1.0,1,0,0.0,0.0,1.0
longqingqifang,longqing,1,52.0,3.0,15.0,50.0,1.0,0,0,0.0,1.0,0.64285713
longqingqifang,longqing,1,45.0,6.0,6.0,40.0,1.0,0,1,0.0,1.0,0.64285713
longqingqifang,longqing,0,40.0,8.0,6.0,20.0,1.0,0,0,1.0,1.0,0.64285713
longqingqifang,longqing,1,45.0,6.0,6.900000095367432,50.0,1.0,0,0,0.0,1.0,0.64285713
longqingqifang,longqing,0,41.0,5.0,50.0,50.0,0.0,0,1,0.0,1.0,0.64285713
longqingqifang,longqing,1,66.0,2.0,8.0,20.0,1.0,0,1,0.0,1.0,0.64285713
longqingqifang,longqing,1,60.0,9.0,2.0,20.0,1.0,0,1,0.0,1.0,0.64285713
longqingqifang,longqing,0,52.0,8.0,8.0,20.0,1.0,0,0,0.0,1.0,0.64285713
longqingqifang,longqing,1,54.0,5.0,10.0,50.0,1.0,0,0,0.19999999,1.0,0.64285713
longqingshanglonghejia,longqing,1,65.0,2.0,4.0,50.0,1.0,0,0,0.0,1.0,0.5
longqingshanglonghejia,longqing,1,51.0,3.0,12.0,50.0,1.0,0,1,1.0,1.0,0.5
longqingshanglonghejia,longqing,1,49.0,5.0,10.0,20.0,1.0,0,0,0.0,0.0,0.5
longqingshanglonghejia,longqing,1,54.0,3.0,10.0,50.0,1.0,0,1,0.19999999,1.0,0.5
longqingshanglonghejia,longqing,0,64.0,6.0,4.0,30.0,1.0,0,0,0.0,1.0,0.5
longqingshanglonghejia,longqing,0,41.0,4.0,8.399999618530273,20.0,1.0,0,0,0.0,1.0,0.5
lusikoulusikou,lusikou,0,36.0,6.0,14.0,20.0,1.0,0,1,0.0,1.0,0.30769232
lusikoulusikou,lusikou,1,44.0,4.0,12.0,20.0,1.0,0,0,0.19999999,1.0,0.30769232
lusikoulusikou,lusikou,1,65.0,5.0,10.0,20.0,1.0,0,1,0.0,1.0,0.30769232
lusikoulusikou,lusikou,1,50.0,4.0,30.0,40.0,1.0,0,1,0.39999998,1.0,0.30769232
mazhouchenjia,mazhou,1,40.0,5.0,10.0,20.0,1.0,1,1,0.0,1.0,0.69230771
mazhouchenjia,mazhou,1,67.0,7.0,12.0,20.0,1.0,1,0,0.0,1.0,0.69230771
mazhouchenjia,mazhou,0,48.0,5.0,10.0,30.0,0.0,1,1,0.0,1.0,0.69230771
mazhouchenjia,mazhou,1,50.0,4.0,10.0,50.0,1.0,1,1,0.0,0.0,0.69230771
mazhouchenjia,mazhou,1,74.0,5.0,9.0,40.0,0.0,1,0,0.0,0.0,0.69230771
mazhouchenjia,mazhou,1,41.0,5.0,15.0,30.0,1.0,1,0,0.0,1.0,0.69230771
mazhouchenjia,mazhou,1,71.0,6.0,,50.0,1.0,1,0,0.19999999,0.0,0.69230771
mazhoudengjia,mazhou,0,38.0,4.0,6.0,30.0,0.0,1,0,0.0,0.0,0.75
mazhoudengjia,mazhou,1,34.0,4.0,20.0,50.0,0.0,1,1,0.0,0.0,0.75
mazhoudengjia,mazhou,0,33.0,6.0,20.0,50.0,0.0,1,1,0.0,0.0,0.75
mazhoudengjia,mazhou,1,51.0,4.0,16.0,20.0,1.0,1,0,0.19999999,0.0,0.75
mazhouluojia,mazhou,1,76.0,5.0,2.0,80.0,1.0,0,0,0.0,0.0,0.875
mazhouluojia,mazhou,0,50.0,5.0,8.0,10.0,1.0,0,1,0.0,1.0,0.875
mazhouluojia,mazhou,1,73.0,10.0,5.0,20.0,1.0,0,1,0.0,0.0,0.875
mazhouluojia,mazhou,1,35.0,5.0,180.0,20.0,1.0,0,0,0.39999998,1.0,0.875
mazhouluojia,mazhou,0,42.0,6.0,5.0,20.0,1.0,0,1,0.19999999,1.0,0.875
mazhouwujia,mazhou,0,37.0,4.0,10.0,50.0,0.0,0,0,0.0,1.0,0.45454547
mazhouwujia,mazhou,1,38.0,4.0,12.0,20.0,0.0,0,0,0.0,0.0,0.45454547
mazhouwujia,mazhou,1,40.0,4.0,11.0,20.0,0.0,0,0,0.0,0.0,0.45454547
mazhouwujia,mazhou,0,50.0,4.0,13.0,50.0,0.0,0,0,0.0,0.0,0.45454547
mazhouwujia,mazhou,0,42.0,5.0,3.0,50.0,0.0,0,1,0.19999999,1.0,0.45454547
mazhouwujia,mazhou,0,43.0,5.0,8.0,30.0,0.0,0,1,0.0,0.0,0.45454547
minzhu1,minzhu,0,55.0,6.0,1.0,30.0,1.0,0,1,0.39999998,,0.14285715
minzhu1,minzhu,0,42.0,5.0,6.0,20.0,1.0,0,0,0.0,,0.14285715
minzhu1,minzhu,0,44.0,4.0,1.0,50.0,1.0,0,1,0.0,0.0,0.14285715
minzhu1,minzhu,0,67.0,12.0,2.0,20.0,1.0,0,0,0.0,,0.14285715
minzhu1,minzhu,0,63.0,7.0,13.0,40.0,1.0,0,1,0.0,1.0,0.14285715
minzhu1,minzhu,0,47.0,5.0,9.0,50.0,1.0,0,0,0.0,1.0,0.14285715
minzhu1,minzhu,0,40.0,4.0,10.0,30.0,1.0,0,1,0.0,1.0,0.14285715
minzhu1,minzhu,1,39.0,4.0,7.0,50.0,1.0,0,1,0.0,1.0,0.14285715
minzhu1,minzhu,0,45.0,5.0,3.0,40.0,1.0,0,0,0.0,0.0,0.14285715
minzhu1,minzhu,1,47.0,3.0,13.0,50.0,1.0,0,1,0.0,1.0,0.14285715
minzhu1,minzhu,0,39.0,4.0,14.0,20.0,1.0,0,0,0.60000002,1.0,0.14285715
minzhu10,minzhu,0,45.0,4.0,16.0,50.0,1.0,1,1,0.0,,0.60000002
minzhu10,minzhu,1,42.0,5.0,10.0,50.0,1.0,1,0,0.0,1.0,0.60000002
minzhu10,minzhu,1,61.0,3.0,5.4,20.0,1.0,1,1,0.0,1.0,0.60000002
minzhu10,minzhu,1,42.0,5.0,9.1,10.0,1.0,1,0,0.0,1.0,0.60000002
minzhu10,minzhu,0,45.0,4.0,11.0,20.0,1.0,1,1,0.0,1.0,0.60000002
minzhu10,minzhu,1,40.0,4.0,8.0,20.0,1.0,1,1,0.0,,0.60000002
minzhu10,minzhu,1,61.0,5.0,7.5,20.0,1.0,1,0,0.0,,0.60000002
minzhu4,minzhu,0,48.0,4.0,14.0,40.0,1.0,1,0,0.0,1.0,0.17647059
minzhu4,minzhu,1,43.0,4.0,10.0,50.0,1.0,1,0,0.19999999,1.0,0.17647059
minzhu4,minzhu,1,46.0,4.0,16.0,20.0,1.0,1,0,0.19999999,1.0,0.17647059
minzhu4,minzhu,0,72.0,2.0,2.0,20.0,1.0,1,0,0.0,0.0,0.17647059
minzhu4,minzhu,0,61.0,5.0,4.0,20.0,1.0,1,1,0.80000001,1.0,0.17647059
minzhu4,minzhu,0,62.0,7.0,14.0,50.0,1.0,1,1,0.0,1.0,0.17647059
minzhu4,minzhu,1,66.0,4.0,2.0,0.0,1.0,1,1,0.0,1.0,0.17647059
minzhu4,minzhu,0,60.0,7.0,13.0,40.0,1.0,1,0,0.0,,0.17647059
minzhu4,minzhu,0,56.0,6.0,23.0,20.0,1.0,1,1,1.0,0.0,0.17647059
minzhu4,minzhu,0,47.0,4.0,16.0,40.0,1.0,1,0,0.39999998,1.0,0.17647059
minzhu6,minzhu,0,59.0,5.0,9.0,30.0,1.0,1,1,0.0,1.0,0.42105263
minzhu6,minzhu,0,63.0,4.0,13.0,10.0,1.0,1,0,0.0,1.0,0.42105263
minzhu6,minzhu,1,47.0,4.0,20.0,20.0,1.0,1,1,0.0,1.0,0.42105263
minzhu6,minzhu,0,40.0,4.0,13.0,50.0,1.0,1,1,0.0,1.0,0.42105263
minzhu6,minzhu,1,65.0,2.0,9.0,30.0,1.0,1,0,0.0,1.0,0.42105263
minzhu6,minzhu,0,30.0,5.0,6.5,50.0,1.0,1,1,0.0,1.0,0.42105263
minzhu6,minzhu,0,58.0,3.0,1.2,50.0,1.0,1,1,0.0,1.0,0.42105263
minzhu6,minzhu,0,43.0,4.0,14.7,20.0,1.0,1,0,0.0,1.0,0.42105263
minzhu6,minzhu,1,42.0,5.0,15.0,30.0,1.0,1,0,0.39999998,1.0,0.42105263
minzhu6,minzhu,1,62.0,5.0,11.0,20.0,1.0,1,0,0.0,1.0,0.42105263
minzhu6,minzhu,0,58.0,6.0,11.0,20.0,1.0,1,0,0.19999999,1.0,0.42105263
minzhu6,minzhu,1,42.0,5.0,15.0,50.0,1.0,1,0,0.0,1.0,0.42105263
minzhu7,minzhu,0,86.0,6.0,10.0,50.0,1.0,0,0,0.0,,0.0
minzhu7,minzhu,0,48.0,3.0,15.0,30.0,1.0,0,1,0.19999999,1.0,0.0
minzhu7,minzhu,0,42.0,5.0,7.0,2.0,1.0,0,0,0.39999998,1.0,0.0
minzhu7,minzhu,1,66.0,3.0,5.0,50.0,1.0,0,0,0.0,1.0,0.0
minzhu7,minzhu,0,42.0,5.0,12.0,40.0,1.0,0,0,1.0,1.0,0.0
minzhu7,minzhu,0,61.0,6.0,5.0,50.0,1.0,0,1,0.80000001,1.0,0.0
minzhu7,minzhu,0,40.0,5.0,18.0,20.0,1.0,0,1,0.0,1.0,0.0
minzhu7,minzhu,0,63.0,1.0,5.0,40.0,1.0,0,1,0.0,1.0,0.0
minzhu7,minzhu,0,56.0,6.0,8.0,50.0,1.0,0,0,0.0,1.0,0.0
minzhu7,minzhu,1,59.0,4.0,12.0,20.0,1.0,0,1,0.80000001,1.0,0.0
minzhu9,minzhu,1,65.0,5.0,5.0,30.0,1.0,0,1,0.0,1.0,0.14285715
minzhu9,minzhu,0,44.0,3.0,6.5,30.0,0.0,0,1,0.19999999,1.0,0.14285715
minzhu9,minzhu,1,70.0,7.0,12.0,20.0,1.0,0,1,0.80000001,0.0,0.14285715
minzhu9,minzhu,1,65.0,11.0,12.0,40.0,1.0,0,0,0.60000002,1.0,0.14285715
shigang12,shigang,1,56.0,8.0,7.0,20.0,1.0,1,0,0.60000002,1.0,0.5
shigang12,shigang,1,44.0,4.0,6.0,20.0,1.0,1,0,0.0,1.0,0.5
shigang12,shigang,1,59.0,3.0,4.7,50.0,1.0,1,1,0.0,1.0,0.5
shigang12,shigang,0,53.0,6.0,15.0,0.0,,1,1,0.0,1.0,0.5
shigang12,shigang,1,38.0,4.0,10.0,40.0,,1,1,0.39999998,1.0,0.5
shigang12,shigang,1,46.0,5.0,18.0,50.0,1.0,1,0,0.39999998,1.0,0.5
shigang12,shigang,1,56.0,3.0,7.0,30.0,1.0,1,1,0.0,0.0,0.5
shigang21,shigang,1,75.0,2.0,1.4,20.0,1.0,1,0,0.0,0.0,0.30000001
shigang21,shigang,1,44.0,5.0,20.0,50.0,1.0,1,0,0.0,1.0,0.30000001
shigang21,shigang,0,51.0,4.0,3.0,30.0,1.0,1,1,0.0,1.0,0.30000001
shigang21,shigang,1,41.0,4.0,5.0,20.0,1.0,1,1,0.0,1.0,0.30000001
shigang21,shigang,0,42.0,5.0,4.0,50.0,1.0,1,0,0.0,1.0,0.30000001
shigang21,shigang,0,41.0,5.0,4.2,20.0,1.0,1,1,0.0,1.0,0.30000001
shigang21,shigang,1,70.0,10.0,10.0,50.0,1.0,1,0,0.0,0.0,0.30000001
shigang41,shigang,0,44.0,4.0,5.0,10.0,1.0,1,0,0.0,1.0,0.71428573
shigang41,shigang,0,67.0,8.0,12.0,40.0,1.0,1,0,0.0,0.0,0.71428573
shigang41,shigang,0,76.0,2.0,1.0,50.0,1.0,1,1,0.0,1.0,0.71428573
shigang41,shigang,1,49.0,6.0,10.0,30.0,1.0,1,1,1.0,1.0,0.71428573
shigang41,shigang,1,60.0,10.0,9.9,50.0,1.0,1,1,0.0,,0.71428573
shigang41,shigang,0,64.0,6.0,2.0,20.0,1.0,1,1,0.0,1.0,0.71428573
shigang43,shigang,0,37.0,4.0,3.0,20.0,1.0,0,0,0.0,1.0,0.2857143
shigang43,shigang,0,34.0,3.0,2.0,50.0,1.0,0,0,0.0,1.0,0.2857143
shigang43,shigang,0,41.0,4.0,4.0,50.0,1.0,0,0,0.0,1.0,0.2857143
shigang43,shigang,0,41.0,4.0,4.0,50.0,1.0,0,1,0.39999998,1.0,0.2857143
shigang43,shigang,0,43.0,4.0,5.0,30.0,1.0,0,1,0.0,1.0,0.2857143
shigang43,shigang,0,69.0,10.0,10.0,40.0,1.0,0,1,0.0,1.0,0.2857143
shigang43,shigang,0,60.0,6.0,3.0,50.0,1.0,0,0,0.0,1.0,0.2857143
shigang52,shigang,1,46.0,5.0,7.0,40.0,1.0,0,0,0.0,1.0,0.090909094
shigang52,shigang,0,67.0,10.0,10.0,50.0,1.0,0,0,0.39999998,1.0,0.090909094
shigang52,shigang,1,47.0,8.0,15.0,30.0,1.0,0,0,0.0,1.0,0.090909094
wanshangxinji2,wanshang,0,40.0,5.0,13.0,30.0,1.0,1,1,0.0,1.0,0.73333335
wanshangxinji2,wanshang,1,38.0,5.0,8.0,50.0,1.0,1,0,0.39999998,1.0,0.73333335
wanshangxinji2,wanshang,1,47.0,6.0,13.0,50.0,1.0,1,1,0.60000002,0.0,0.73333335
wanshangxinji2,wanshang,0,53.0,4.0,10.0,30.0,1.0,1,0,0.0,1.0,0.73333335
wanshangxinji2,wanshang,1,46.0,5.0,13.0,20.0,1.0,1,1,0.80000001,1.0,0.73333335
wanshangxinji2,wanshang,1,34.0,5.0,35.0,50.0,1.0,1,1,1.0,1.0,0.73333335
wanshangxinji2,wanshang,0,50.0,6.0,15.0,10.0,1.0,1,0,0.19999999,1.0,0.73333335
wanshangxinji2,wanshang,0,41.0,5.0,11.0,30.0,1.0,1,1,0.19999999,1.0,0.73333335
wanshangxinji2,wanshang,1,39.0,7.0,6.0,40.0,1.0,1,1,0.0,1.0,0.73333335
wanshangxinji2,wanshang,1,45.0,3.0,8.0,50.0,0.0,1,0,0.0,1.0,0.73333335
wanshangxinji2,wanshang,0,50.0,4.0,10.0,50.0,1.0,1,0,0.0,0.0,0.73333335
wanshangxinji2,wanshang,0,74.0,2.0,14.0,40.0,1.0,1,0,0.0,1.0,0.73333335
wanshangxinji2,wanshang,0,41.0,4.0,12.0,50.0,1.0,1,0,0.0,1.0,0.73333335
wanshangxinji2,wanshang,1,53.0,6.0,14.0,20.0,1.0,1,1,1.0,1.0,0.73333335
wanshangxinji2,wanshang,0,44.0,3.0,15.0,20.0,1.0,1,1,0.0,1.0,0.73333335
wanshangxinji2,wanshang,1,25.0,6.0,11.0,20.0,1.0,1,1,0.0,0.0,0.73333335
xiabaoshangnanbianshe,xiabao,0,53.0,2.0,8.0,20.0,0.0,0,0,0.0,0.0,0.75
xiabaoshangnanbianshe,xiabao,0,56.0,4.0,20.0,10.0,1.0,0,0,0.0,1.0,0.75
xiabaoshangnanbianshe,xiabao,1,69.0,2.0,7.0,50.0,1.0,0,0,1.0,0.0,0.75
xiabaoshangnanbianshe,xiabao,1,45.0,7.0,20.0,35.0,1.0,0,1,0.0,1.0,0.75
xiabaoxiananbianshe,xiabao,1,45.0,4.0,21.0,30.0,1.0,1,1,0.0,1.0,1.0
xiabaoxiananbianshe,xiabao,1,59.0,6.0,12.0,50.0,1.0,1,0,0.19999999,1.0,1.0
xiabaoxiananbianshe,xiabao,1,40.0,4.0,35.0,50.0,1.0,1,0,0.0,1.0,1.0
xiabaoxiananbianshe,xiabao,1,55.0,6.0,12.0,30.0,1.0,1,0,0.0,1.0,1.0
xianghugaojia,xianghu,1,57.0,5.0,4.0,20.0,1.0,1,0,0.19999999,1.0,1.0
xianghugaojia,xianghu,1,51.0,,10.0,50.0,1.0,1,0,0.19999999,1.0,1.0
xianghugaojia,xianghu,1,46.0,4.0,15.0,50.0,1.0,1,0,0.80000001,1.0,1.0
xianghugaojia,xianghu,1,47.0,3.0,14.0,60.0,1.0,1,0,1.0,1.0,1.0
xianghugaojia,xianghu,1,43.0,3.0,14.0,20.0,0.0,1,1,0.39999998,1.0,1.0
xianghugaojia,xianghu,1,46.0,2.0,10.0,50.0,1.0,1,1,0.0,1.0,1.0
xianghuxianghudong,xianghu,1,57.0,7.0,13.0,40.0,1.0,0,0,1.0,0.0,0.53333336
xianghuxianghudong,xianghu,1,53.0,4.0,17.0,20.0,0.0,0,0,0.0,0.0,0.53333336
xianghuxianghudong,xianghu,0,55.0,1.0,2.299999952316284,10.0,0.0,0,0,0.0,0.0,0.53333336
xianghuxianghudong,xianghu,1,39.0,5.0,20.0,70.0,1.0,0,1,0.80000001,1.0,0.53333336
xianghuxianghudong,xianghu,1,36.0,6.0,9.0,30.0,1.0,0,0,0.60000002,1.0,0.53333336
xianghuxianghudong,xianghu,0,39.0,5.0,2.0,50.0,1.0,0,1,0.0,0.0,0.53333336
xianghuxianghudong,xianghu,0,58.0,3.0,8.0,50.0,1.0,0,1,1.0,0.0,0.53333336
xianghuxianghudong,xianghu,1,40.0,4.0,15.0,40.0,1.0,0,1,0.0,1.0,0.53333336
xianghuxianghudong,xianghu,1,36.0,5.0,18.0,30.0,0.0,0,0,0.19999999,0.0,0.53333336
xianghuxianghudong,xianghu,1,34.0,4.0,20.0,30.0,1.0,0,0,0.0,1.0,0.53333336
xianghuxianghudong,xianghu,1,76.0,5.0,19.0,50.0,1.0,0,1,0.0,0.0,0.53333336
xianghuxianghudong,xianghu,1,39.0,5.0,9.0,20.0,1.0,0,0,0.0,1.0,0.53333336
xianghuxianghudong,xianghu,1,69.0,2.0,3.599999904632568,50.0,1.0,0,1,0.0,1.0,0.53333336
xianghuxianghudong,xianghu,1,52.0,5.0,10.0,20.0,0.0,0,1,0.0,0.0,0.53333336
xiaofangqudaobei,xiaofang,1,83.0,1.0,1.0,30.0,1.0,1,0,0.0,0.0,0.75
xiaofangqudaobei,xiaofang,1,51.0,5.0,40.0,0.0,1.0,1,1,0.0,1.0,0.75
xiaofangqudaobei,xiaofang,1,40.0,4.0,8.0,10.0,1.0,1,0,0.39999998,1.0,0.75
xiaofangqudaobei,xiaofang,1,22.0,4.0,7.199999809265137,20.0,1.0,1,0,0.0,1.0,0.75
xiaofangqudaobei,xiaofang,0,50.0,5.0,20.0,30.0,1.0,1,1,1.0,1.0,0.75
xiaofangqudaonan,xiaofang,0,41.0,4.0,10.0,50.0,0.0,0,0,0.60000002,1.0,0.090909094
xiaofangqudaonan,xiaofang,1,52.0,9.0,10.0,50.0,1.0,0,0,0.0,1.0,0.090909094
xiaofangqudaonan,xiaofang,0,44.0,4.0,40.0,10.0,1.0,0,0,1.0,1.0,0.090909094
xiaofangqudaonan,xiaofang,1,38.0,4.0,18.0,40.0,1.0,0,0,0.60000002,1.0,0.090909094
xiaofangqudaonan,xiaofang,0,47.0,6.0,3.0,50.0,1.0,0,0,0.60000002,1.0,0.090909094
xiashatouxi,xiashatou,1,62.0,6.0,1.0,40.0,0.0,1,1,0.0,0.0,0.47368422
xiashatouxi,xiashatou,0,65.0,3.0,4.0,50.0,1.0,1,1,0.0,1.0,0.47368422
xiashatouxi,xiashatou,1,42.0,5.0,60.0,30.0,1.0,1,1,0.39999998,1.0,0.47368422
xiashatouxi,xiashatou,1,42.0,6.0,10.39999961853027,20.0,1.0,1,1,0.0,1.0,0.47368422
xiashatouxi,xiashatou,1,65.0,5.0,6.199999809265137,20.0,1.0,1,1,0.0,1.0,0.47368422
xiashatouxi,xiashatou,1,48.0,6.0,4.0,20.0,1.0,1,0,0.0,1.0,0.47368422
xiashatouxi,xiashatou,1,37.0,4.0,18.0,20.0,0.0,1,0,0.39999998,1.0,0.47368422
xiashatouxi,xiashatou,0,57.0,2.0,5.0,30.0,0.0,1,1,1.0,0.0,0.47368422
xiashatouxi,xiashatou,1,36.0,5.0,18.0,20.0,0.0,1,0,0.0,0.0,0.47368422
xiashatouxi,xiashatou,1,56.0,4.0,60.0,50.0,1.0,1,0,1.0,1.0,0.47368422
xiashatouxi,xiashatou,0,72.0,5.0,2.400000095367432,60.0,1.0,1,0,0.0,1.0,0.47368422
xiashatouxi,xiashatou,1,60.0,5.0,13.0,40.0,0.0,1,0,0.60000002,0.0,0.47368422
xiashatouxi,xiashatou,0,35.0,6.0,3.0,0.0,1.0,1,0,0.0,1.0,0.47368422
xiecheng1,xiecheng,1,58.0,8.0,9.0,0.6,1.0,0,0,0.19999999,1.0,0.47368422
xiecheng1,xiecheng,0,70.0,4.0,1.0,20.0,1.0,0,1,0.0,1.0,0.47368422
xiecheng1,xiecheng,1,53.0,5.0,5.0,30.0,1.0,0,1,0.0,0.0,0.47368422
xiecheng1,xiecheng,0,36.0,10.0,6.0,40.0,1.0,0,1,0.39999998,1.0,0.47368422
xiecheng1,xiecheng,0,66.0,7.0,7.0,30.0,1.0,0,0,0.0,1.0,0.47368422
xiecheng1,xiecheng,0,38.0,4.0,4.0,20.0,1.0,0,0,0.0,1.0,0.47368422
xiecheng1,xiecheng,1,52.0,5.0,12.0,20.0,1.0,0,1,0.39999998,1.0,0.47368422
xiecheng1,xiecheng,1,41.0,4.0,5.0,30.0,1.0,0,0,0.0,1.0,0.47368422
xiecheng4,xiecheng,1,76.0,10.0,4.0,40.0,1.0,0,0,0.60000002,1.0,0.30000001
xiecheng4,xiecheng,0,62.0,5.0,5.0,50.0,0.0,0,0,0.0,1.0,0.30000001
xiecheng4,xiecheng,1,57.0,10.0,8.0,30.0,1.0,0,1,0.80000001,1.0,0.30000001
xiecheng4,xiecheng,0,53.0,7.0,2.0,20.0,1.0,0,1,0.60000002,1.0,0.30000001
xiecheng4,xiecheng,0,63.0,7.0,20.0,20.0,1.0,0,1,0.19999999,1.0,0.30000001
xiecheng4,xiecheng,1,59.0,12.0,15.0,30.0,1.0,0,1,0.0,1.0,0.30000001
xiecheng5,xiecheng,0,67.0,11.0,2.0,0.0,1.0,0,0,0.0,1.0,0.5
xiecheng5,xiecheng,0,56.0,2.0,2.5,20.0,1.0,0,0,1.0,1.0,0.5
xiecheng5,xiecheng,1,76.0,6.0,6.0,20.0,1.0,0,1,0.0,1.0,0.5
xiecheng5,xiecheng,1,42.0,4.0,3.6,30.0,1.0,0,1,0.39999998,1.0,0.5
xiecheng5,xiecheng,0,41.0,5.0,5.0,40.0,1.0,0,0,1.0,1.0,0.5
xiecheng5,xiecheng,0,43.0,4.0,5.0,30.0,1.0,0,1,0.39999998,1.0,0.5
xiecheng5,xiecheng,0,60.0,6.0,7.0,50.0,1.0,0,1,0.0,1.0,0.5
xiecheng5,xiecheng,0,63.0,11.0,12.0,0.0,1.0,0,0,0.0,1.0,0.5
xiecheng5,xiecheng,1,38.0,4.0,5.0,30.0,1.0,0,1,0.39999998,1.0,0.5
xiecheng8,xiecheng,1,38.0,4.0,15.0,30.0,1.0,1,0,0.0,1.0,0.5
xiecheng8,xiecheng,1,66.0,3.0,1.2,50.0,1.0,1,0,0.0,1.0,0.5
xiecheng8,xiecheng,1,56.0,4.0,5.0,50.0,1.0,1,0,0.0,1.0,0.5
xiecheng8,xiecheng,1,56.0,7.0,4.0,30.0,1.0,1,1,0.0,1.0,0.5
xiecheng8,xiecheng,1,45.0,2.0,2.2,15.0,1.0,1,0,0.0,1.0,0.5
xiecheng8,xiecheng,1,47.0,4.0,6.0,30.0,1.0,1,0,1.0,1.0,0.5
xiecheng8,xiecheng,0,70.0,6.0,14.0,0.0,1.0,1,1,0.0,1.0,0.5
xiecheng8,xiecheng,0,57.0,5.0,6.0,30.0,1.0,1,1,0.0,1.0,0.5
xiecheng8,xiecheng,0,50.0,9.0,3.0,20.0,1.0,1,1,0.0,1.0,0.5
xiecheng8,xiecheng,0,58.0,2.0,10.0,60.0,1.0,1,0,0.0,1.0,0.5
xiecheng8,xiecheng,1,59.0,7.0,12.0,30.0,1.0,1,0,0.0,1.0,0.5
xiecheng8,xiecheng,0,36.0,7.0,20.0,50.0,1.0,1,1,0.0,1.0,0.5
xihe2,xihe,1,43.0,5.0,62.0,20.0,1.0,1,1,0.39999998,1.0,0.5
xihe2,xihe,0,36.0,6.0,16.0,30.0,0.0,1,1,0.0,0.0,0.5
xihe2,xihe,0,43.0,5.0,12.4,50.0,0.0,1,0,0.0,1.0,0.5
xihe2,xihe,0,38.0,4.0,8.0,20.0,0.0,1,0,0.0,0.0,0.5
xihe2,xihe,1,47.0,7.0,14.0,50.0,1.0,1,0,0.0,1.0,0.5
xihe2,xihe,0,36.0,5.0,16.0,50.0,1.0,1,0,0.19999999,1.0,0.5
xihe2,xihe,1,76.0,6.0,8.0,40.0,1.0,1,1,0.0,0.0,0.5
xihe2,xihe,0,46.0,4.0,40.0,20.0,1.0,1,1,0.19999999,1.0,0.5
xihe2,xihe,0,45.0,5.0,10.0,50.0,1.0,1,1,0.39999998,1.0,0.5
xihe2,xihe,1,64.0,6.0,20.0,20.0,1.0,1,0,0.19999999,0.0,0.5
xihe4,xihe,0,48.0,2.0,12.0,50.0,1.0,0,1,0.0,1.0,0.2857143
xihe4,xihe,0,62.0,2.0,5.0,0.0,1.0,0,1,0.0,0.0,0.2857143
xihe4,xihe,0,47.0,5.0,7.0,50.0,1.0,0,0,0.0,1.0,0.2857143
xihe4,xihe,1,51.0,4.0,13.7,0.0,1.0,0,0,0.0,0.0,0.2857143
xihe4,xihe,0,72.0,2.0,1.0,0.0,1.0,0,1,0.0,1.0,0.2857143
xihe4,xihe,0,63.0,1.0,3.3,100.0,1.0,0,0,0.0,1.0,0.2857143
xihe4,xihe,1,69.0,2.0,12.0,20.0,1.0,0,1,0.80000001,1.0,0.2857143
xihe4,xihe,0,63.0,5.0,3.0,0.0,1.0,0,1,0.0,0.0,0.2857143
xihe4,xihe,0,58.0,6.0,10.0,100.0,1.0,0,0,0.0,0.0,0.2857143
xihe4,xihe,1,53.0,4.0,17.0,100.0,0.0,0,0,0.0,1.0,0.2857143
xihe4,xihe,1,43.0,6.0,10.0,10.0,1.0,0,0,0.39999998,1.0,0.2857143
xihe4,xihe,0,40.0,3.0,11.0,0.0,0.0,0,1,0.0,0.0,0.2857143
xihe4,xihe,0,39.0,8.0,13.0,20.0,1.0,0,0,0.0,1.0,0.2857143
xihe4,xihe,1,51.0,9.0,9.0,100.0,0.0,0,0,0.0,0.0,0.2857143
xihe67,xihe,0,74.0,5.0,5.0,20.0,1.0,1,0,0.0,0.0,0.16666667
xihe67,xihe,0,45.0,4.0,2.0,30.0,1.0,1,0,0.0,1.0,0.16666667
xihe67,xihe,0,61.0,4.0,15.0,40.0,1.0,1,1,0.0,1.0,0.16666667
xihe67,xihe,0,44.0,5.0,20.0,20.0,1.0,1,1,0.19999999,1.0,0.16666667
xihe67,xihe,1,53.0,7.0,60.0,20.0,1.0,1,1,0.60000002,1.0,0.16666667
xihe67,xihe,0,66.0,10.0,12.0,50.0,1.0,1,1,0.0,1.0,0.16666667
xihe67,xihe,0,53.0,5.0,15.0,20.0,1.0,1,1,0.0,0.0,0.16666667
xihe67,xihe,0,62.0,18.0,6.0,50.0,0.0,1,0,0.0,1.0,0.16666667
xihe67,xihe,0,59.0,6.0,30.0,20.0,1.0,1,0,0.80000001,1.0,0.16666667
xihe67,xihe,0,41.0,5.0,9.0,40.0,1.0,1,0,0.0,1.0,0.16666667
xihuxinze1,xihu,1,73.0,9.0,,50.0,1.0,1,1,0.0,0.0,0.71428573
xihuxinze1,xihu,0,70.0,5.0,7.0,40.0,1.0,1,1,0.0,0.0,0.71428573
xihuxinze1,xihu,1,36.0,6.0,14.0,50.0,1.0,1,1,0.0,1.0,0.71428573
xihuxinze1,xihu,0,50.0,5.0,13.0,0.0,1.0,1,0,0.39999998,1.0,0.71428573
xihuxinze1,xihu,1,46.0,7.0,6.0,20.0,1.0,1,1,0.0,1.0,0.71428573
xihuxinze1,xihu,1,43.0,4.0,8.0,50.0,1.0,1,1,0.0,1.0,0.71428573
xihuxinze1,xihu,0,54.0,6.0,7.0,20.0,1.0,1,1,0.0,1.0,0.71428573
xihuxinze2,xihu,1,42.0,5.0,12.0,20.0,1.0,1,0,0.0,1.0,0.66666669
xihuxinze2,xihu,1,43.0,4.0,4.800000190734863,50.0,1.0,1,1,0.0,1.0,0.66666669
xihuxinze2,xihu,1,43.0,6.0,14.0,30.0,1.0,1,1,0.19999999,1.0,0.66666669
xihuxinze2,xihu,0,43.0,2.0,10.0,30.0,1.0,1,0,0.0,1.0,0.66666669
xihuxinze2,xihu,0,56.0,1.0,6.0,20.0,1.0,1,1,0.0,1.0,0.66666669
xihuxinze2,xihu,0,66.0,6.0,9.0,30.0,1.0,1,1,0.0,1.0,0.66666669
xihuxinze2,xihu,1,46.0,5.0,8.0,50.0,1.0,1,0,0.39999998,1.0,0.66666669
xihuxinze2,xihu,0,64.0,3.0,3.0,50.0,1.0,1,0,0.0,1.0,0.66666669
xilian5,xilian,1,54.0,6.0,11.0,20.0,1.0,0,1,0.0,1.0,0.33333334
xilian5,xilian,0,43.0,4.0,30.0,50.0,1.0,0,1,0.0,0.0,0.33333334
xilian5,xilian,1,53.0,8.0,13.0,0.0,1.0,0,0,0.0,1.0,0.33333334
xilian5,xilian,0,48.0,4.0,14.0,40.0,1.0,0,0,0.0,1.0,0.33333334
xilian5,xilian,0,48.0,4.0,30.0,20.0,1.0,0,1,0.0,1.0,0.33333334
xilian5,xilian,1,48.0,4.0,15.0,50.0,1.0,0,0,0.0,1.0,0.33333334
xilian5,xilian,1,32.0,4.0,12.0,50.0,1.0,0,1,0.0,1.0,0.33333334
xilian8,xilian,1,81.0,5.0,6.0,20.0,1.0,1,0,0.0,1.0,0.13333334
xilian8,xilian,1,43.0,4.0,40.0,0.0,1.0,1,1,1.0,1.0,0.13333334
xilian8,xilian,0,49.0,3.0,5.0,30.0,1.0,1,0,0.39999998,1.0,0.13333334
xilian8,xilian,1,35.0,4.0,18.0,40.0,1.0,1,0,0.60000002,1.0,0.13333334
xilian8,xilian,0,43.0,5.0,8.0,50.0,1.0,1,1,0.0,1.0,0.13333334
xilian8,xilian,0,69.0,5.0,4.0,40.0,1.0,1,0,0.0,0.0,0.13333334
xilian8,xilian,0,55.0,6.0,21.0,50.0,1.0,1,0,0.0,1.0,0.13333334
xilian8,xilian,1,45.0,4.0,7.0,50.0,1.0,1,0,0.39999998,1.0,0.13333334
xilian8,xilian,0,67.0,2.0,5.4,40.0,1.0,1,1,0.39999998,1.0,0.13333334
xilian8,xilian,1,60.0,6.0,10.0,50.0,1.0,1,0,0.0,1.0,0.13333334
xinguang12,xinguang,1,70.0,3.0,5.0,50.0,1.0,0,1,0.0,0.0,0.38461539
xinguang12,xinguang,0,38.0,4.0,30.0,50.0,1.0,0,0,0.0,1.0,0.38461539
xinguang12,xinguang,0,52.0,5.0,20.0,50.0,1.0,0,1,0.0,0.0,0.38461539
xinguang12,xinguang,0,48.0,3.0,8.86,0.0,1.0,0,1,0.0,1.0,0.38461539
xinguang12,xinguang,0,61.0,6.0,9.0,40.0,1.0,0,0,0.0,1.0,0.38461539
xinguang12,xinguang,0,41.0,5.0,23.0,30.0,1.0,0,0,0.0,0.0,0.38461539
xinguang13,xinguang,1,54.0,5.0,40.0,40.0,1.0,0,0,0.19999999,1.0,0.0
xinguang13,xinguang,0,42.0,4.0,17.0,0.0,1.0,0,1,0.0,0.0,0.0
xinguang13,xinguang,0,79.0,1.0,1.41,50.0,1.0,0,0,0.0,0.0,0.0
xinguang13,xinguang,0,60.0,3.0,9.0,30.0,1.0,0,1,0.0,1.0,0.0
xinguang13,xinguang,0,47.0,4.0,6.35,0.0,1.0,0,1,0.0,1.0,0.0
xinguang22,xinguang,0,61.0,5.0,6.6,20.0,1.0,0,1,0.0,1.0,0.875
xinguang22,xinguang,1,49.0,5.0,5.8,20.0,1.0,0,0,0.60000002,1.0,0.875
xinguang22,xinguang,1,50.0,4.0,9.0,50.0,1.0,0,1,0.0,1.0,0.875
xinguang22,xinguang,1,59.0,3.0,15.0,30.0,1.0,0,0,0.0,1.0,0.875
xinguang3,xinguang,1,35.0,5.0,6.0,30.0,1.0,1,1,0.0,0.0,0.69230771
xinguang3,xinguang,0,77.0,2.0,1.8,50.0,1.0,1,0,0.0,1.0,0.69230771
xinguang3,xinguang,1,48.0,4.0,18.0,20.0,1.0,1,1,0.80000001,1.0,0.69230771
xinguang3,xinguang,1,63.0,7.0,12.0,20.0,0.0,1,0,0.80000001,0.0,0.69230771
xinguang3,xinguang,0,42.0,4.0,4.0,20.0,1.0,1,1,0.0,1.0,0.69230771
xinguang3,xinguang,1,48.0,4.0,23.0,0.0,1.0,1,0,1.0,1.0,0.69230771
xinguang3,xinguang,0,40.0,4.0,9.0,30.0,1.0,1,0,0.0,1.0,0.69230771
xinguang3,xinguang,1,47.0,5.0,19.0,30.0,1.0,1,1,0.0,1.0,0.69230771
xinguang3,xinguang,0,58.0,4.0,21.0,30.0,1.0,1,1,0.0,1.0,0.69230771
xinguang4,xinguang,1,70.0,6.0,6.7,50.0,1.0,0,0,0.0,1.0,0.47368422
xinguang4,xinguang,0,63.0,5.0,5.0,20.0,1.0,0,1,0.19999999,1.0,0.47368422
xinguang4,xinguang,1,56.0,7.0,18.0,20.0,1.0,0,0,0.19999999,1.0,0.47368422
xinguang4,xinguang,0,56.0,4.0,26.0,50.0,1.0,0,0,0.0,0.0,0.47368422
xinguang4,xinguang,1,40.0,3.0,10.0,0.0,1.0,0,1,0.39999998,1.0,0.47368422
xinguang4,xinguang,0,53.0,4.0,13.6,50.0,1.0,0,1,0.0,0.0,0.47368422
xinguang4,xinguang,1,44.0,5.0,12.0,30.0,1.0,0,0,0.0,1.0,0.47368422
xinguang4,xinguang,0,33.0,4.0,14.0,50.0,1.0,0,1,0.80000001,1.0,0.47368422
xinguang4,xinguang,1,63.0,2.0,9.0,30.0,1.0,0,1,0.0,1.0,0.47368422
xinguang4,xinguang,1,47.0,4.0,6.0,20.0,1.0,0,1,0.0,1.0,0.47368422
xinguang4,xinguang,0,45.0,4.0,14.0,0.0,1.0,0,0,0.39999998,1.0,0.47368422
xinguang4,xinguang,0,43.0,4.0,22.0,30.0,1.0,0,0,0.0,1.0,0.47368422
xinguang4,xinguang,1,46.0,4.0,15.0,50.0,1.0,0,0,0.0,1.0,0.47368422
xingzengxingzeng1,xingzeng,1,34.0,5.0,18.0,0.0,1.0,1,0,0.39999998,1.0,0.52631581
xingzengxingzeng1,xingzeng,0,54.0,5.0,18.0,50.0,1.0,1,0,0.0,1.0,0.52631581
xingzengxingzeng1,xingzeng,1,74.0,6.0,5.0,50.0,1.0,1,1,0.0,1.0,0.52631581
xingzengxingzeng1,xingzeng,0,45.0,4.0,50.0,50.0,1.0,1,1,0.0,1.0,0.52631581
xingzengxingzeng1,xingzeng,1,45.0,4.0,5.0,50.0,1.0,1,0,0.0,1.0,0.52631581
xingzengxingzeng1,xingzeng,1,40.0,4.0,14.0,0.0,1.0,1,0,0.0,1.0,0.52631581
xingzengxingzeng1,xingzeng,0,48.0,3.0,12.0,50.0,1.0,1,0,0.0,1.0,0.52631581
xingzengxingzeng1,xingzeng,1,65.0,6.0,40.0,20.0,1.0,1,1,0.0,0.0,0.52631581
xingzengxingzeng1,xingzeng,1,63.0,6.0,20.0,10.0,1.0,1,1,1.0,1.0,0.52631581
xingzengxingzeng1,xingzeng,1,54.0,,12.0,20.0,1.0,1,1,0.80000001,1.0,0.52631581
xingzengxingzeng1,xingzeng,1,54.0,6.0,10.0,50.0,0.0,1,0,0.0,0.0,0.52631581
xingzengxingzeng1,xingzeng,0,58.0,3.0,20.0,50.0,1.0,1,1,0.19999999,1.0,0.52631581
xingzengxingzeng1,xingzeng,1,62.0,3.0,5.0,30.0,1.0,1,0,0.0,1.0,0.52631581
xingzengxingzeng1,xingzeng,1,44.0,4.0,35.0,20.0,1.0,1,0,0.0,1.0,0.52631581
xingzengxingzeng1,xingzeng,1,69.0,2.0,10.0,50.0,1.0,1,1,0.0,1.0,0.52631581
xingzengxingzeng2,xingzeng,1,39.0,5.0,30.0,50.0,1.0,1,1,0.60000002,1.0,0.55555558
xingzengxingzeng2,xingzeng,1,45.0,6.0,20.0,60.0,1.0,1,0,0.0,1.0,0.55555558
xingzengxingzeng2,xingzeng,1,,,,30.0,0.0,1,1,0.0,,0.55555558
xingzengxingzeng2,xingzeng,0,44.0,5.0,15.0,20.0,1.0,1,1,0.0,0.0,0.55555558
xingzengxingzeng2,xingzeng,0,42.0,2.0,7.5,30.0,1.0,1,0,0.0,0.0,0.55555558
xingzengxingzeng2,xingzeng,0,60.0,5.0,12.5,30.0,1.0,1,1,0.0,1.0,0.55555558
xingzengxingzeng2,xingzeng,0,48.0,9.0,23.70000076293945,50.0,1.0,1,0,0.0,1.0,0.55555558
xingzengxingzeng2,xingzeng,1,33.0,4.0,,40.0,0.0,1,1,0.0,1.0,0.55555558
xingzengxingzeng2,xingzeng,1,70.0,6.0,10.0,30.0,1.0,1,0,0.0,1.0,0.55555558
xingzengxingzeng2,xingzeng,1,58.0,5.0,5.5,50.0,0.0,1,0,0.0,1.0,0.55555558
xingzengxingzeng2,xingzeng,1,45.0,5.0,10.0,40.0,1.0,1,0,0.0,1.0,0.55555558
xingzengxingzeng2,xingzeng,1,41.0,4.0,30.0,30.0,1.0,1,0,0.0,1.0,0.55555558
xingzengxingzeng2,xingzeng,1,30.0,4.0,20.0,40.0,1.0,1,1,0.60000002,1.0,0.55555558
xingzengxingzeng2,xingzeng,0,54.0,5.0,10.0,30.0,1.0,1,1,0.0,1.0,0.55555558
xinlian1112,xinlian,0,43.0,4.0,22.5,30.0,1.0,0,0,0.0,1.0,0.25
xinlian1112,xinlian,0,47.0,5.0,14.0,50.0,1.0,0,0,0.0,1.0,0.25
xinlian1112,xinlian,0,62.0,7.0,20.0,50.0,1.0,0,0,0.19999999,1.0,0.25
xinlian1112,xinlian,1,46.0,2.0,18.0,20.0,1.0,0,1,0.80000001,0.0,0.25
xinlian1112,xinlian,0,33.0,4.0,13.0,30.0,1.0,0,1,0.0,1.0,0.25
xinlian1112,xinlian,0,46.0,6.0,15.4,20.0,1.0,0,1,0.0,1.0,0.25
xinlian1112,xinlian,1,43.0,5.0,14.0,20.0,1.0,0,1,0.0,1.0,0.25
xinlian1112,xinlian,0,56.0,3.0,10.0,20.0,1.0,0,1,0.0,0.0,0.25
xinlian1112,xinlian,0,65.0,2.0,4.4,20.0,1.0,0,0,0.0,1.0,0.25
xinlian1112,xinlian,0,33.0,4.0,12.0,40.0,1.0,0,0,1.0,1.0,0.25
xinlian1112,xinlian,0,58.0,4.0,7.0,30.0,1.0,0,1,0.0,0.0,0.25
xinlian1112,xinlian,1,52.0,4.0,10.0,0.0,1.0,0,1,0.0,1.0,0.25
xinlian1112,xinlian,0,80.0,2.0,0.4,0.0,1.0,0,0,0.0,1.0,0.25
xinlian1314,xinlian,0,41.0,5.0,30.0,20.0,1.0,0,1,0.19999999,,0.375
xinlian1314,xinlian,0,45.0,5.0,18.0,50.0,1.0,0,1,0.0,1.0,0.375
xinlian1314,xinlian,0,45.0,4.0,14.0,0.0,1.0,0,1,0.0,1.0,0.375
xinlian1314,xinlian,0,46.0,5.0,17.0,30.0,1.0,0,0,0.19999999,1.0,0.375
xinlian1314,xinlian,1,68.0,3.0,7.7,50.0,1.0,0,1,0.19999999,1.0,0.375
xinlian1314,xinlian,0,78.0,2.0,3.0,50.0,1.0,0,0,0.0,1.0,0.375
xinlian1314,xinlian,1,66.0,9.0,9.9,40.0,1.0,0,1,0.0,0.0,0.375
xinlian1314,xinlian,0,46.0,4.0,15.0,80.0,1.0,0,0,0.39999998,1.0,0.375
xinlian1314,xinlian,1,53.0,4.0,12.0,50.0,1.0,0,0,0.0,1.0,0.375
xinlian1314,xinlian,1,71.0,6.0,10.0,20.0,1.0,0,0,0.60000002,0.0,0.375
xinlian2,xinlian,0,55.0,5.0,15.0,50.0,1.0,1,0,0.19999999,1.0,0.21428572
xinlian2,xinlian,0,34.0,4.0,8.8,50.0,1.0,1,0,0.0,1.0,0.21428572
xinlian2,xinlian,0,42.0,4.0,13.2,3.0,1.0,1,1,0.80000001,1.0,0.21428572
xinlian2,xinlian,0,52.0,7.0,7.0,50.0,1.0,1,1,0.0,0.0,0.21428572
xinlian2,xinlian,0,45.0,4.0,7.0,20.0,1.0,1,1,0.0,1.0,0.21428572
xinlian2,xinlian,0,36.0,5.0,15.0,0.0,1.0,1,0,0.19999999,1.0,0.21428572
xinlian2,xinlian,1,29.0,4.0,3.0,20.0,1.0,1,0,0.80000001,1.0,0.21428572
xinlian2,xinlian,0,45.0,5.0,3.0,20.0,1.0,1,1,0.0,1.0,0.21428572
xinlian2,xinlian,0,55.0,5.0,10.2,50.0,1.0,1,1,0.80000001,1.0,0.21428572
xinlian2,xinlian,1,29.0,2.0,30.0,50.0,1.0,1,1,0.0,1.0,0.21428572
xinlian56,xinlian,0,44.0,5.0,16.0,50.0,1.0,0,1,0.0,1.0,0.2
xinlian56,xinlian,0,74.0,2.0,3.0,20.0,1.0,0,1,0.0,1.0,0.2
xinlian56,xinlian,0,59.0,8.0,12.0,20.0,1.0,0,1,0.39999998,1.0,0.2
xinlian56,xinlian,0,58.0,4.0,10.2,50.0,1.0,0,1,0.39999998,1.0,0.2
xinlian56,xinlian,0,47.0,4.0,50.0,20.0,1.0,0,0,0.19999999,1.0,0.2
xinlian56,xinlian,0,43.0,4.0,11.0,40.0,1.0,0,0,0.0,1.0,0.2
xinlian56,xinlian,0,47.0,2.0,17.0,30.0,1.0,0,1,0.0,1.0,0.2
xinlian56,xinlian,0,62.0,5.0,15.0,50.0,1.0,0,0,1.0,1.0,0.2
xinlian56,xinlian,0,58.0,3.0,11.0,50.0,1.0,0,0,0.0,1.0,0.2
xinlian7,xinlian,0,37.0,4.0,30.0,50.0,0.0,1,0,0.0,1.0,0.14285715
xinlian7,xinlian,0,42.0,5.0,19.0,20.0,1.0,1,1,0.0,1.0,0.14285715
xinlian7,xinlian,0,41.0,6.0,20.0,20.0,0.0,1,0,0.39999998,1.0,0.14285715
xinlian7,xinlian,1,68.0,4.0,9.7,20.0,1.0,1,1,0.0,1.0,0.14285715
xinlian7,xinlian,0,43.0,6.0,25.0,30.0,1.0,1,0,0.60000002,1.0,0.14285715
xinlian7,xinlian,1,59.0,3.0,13.0,40.0,1.0,1,0,0.0,1.0,0.14285715
xinlian7,xinlian,1,40.0,4.0,26.0,20.0,1.0,1,1,0.0,1.0,0.14285715
xinlian8,xinlian,0,43.0,1.0,35.0,30.0,1.0,0,1,0.0,1.0,0.14285715
xinlian8,xinlian,0,53.0,4.0,11.0,20.0,1.0,0,1,0.19999999,1.0,0.14285715
xinlian8,xinlian,0,48.0,5.0,15.0,40.0,1.0,0,0,0.0,,0.14285715
xinlian8,xinlian,0,42.0,4.0,21.0,30.0,1.0,0,0,1.0,1.0,0.14285715
xinlian8,xinlian,0,64.0,7.0,11.0,50.0,1.0,0,1,0.39999998,1.0,0.14285715
xinlian8,xinlian,0,36.0,4.0,8.6,20.0,1.0,0,0,0.39999998,1.0,0.14285715
xinlian8,xinlian,0,37.0,3.0,8.0,30.0,1.0,0,1,0.0,,0.14285715
xinlian8,xinlian,0,67.0,5.0,1.0,50.0,1.0,0,1,0.0,,0.14285715
xinlian910,xinlian,0,64.0,4.0,23.8,50.0,1.0,1,0,0.0,1.0,0.33333334
xinlian910,xinlian,0,47.0,4.0,19.0,50.0,1.0,1,1,0.39999998,1.0,0.33333334
xinlian910,xinlian,0,69.0,3.0,21.0,20.0,1.0,1,0,0.0,1.0,0.33333334
xinlian910,xinlian,0,56.0,4.0,11.8,20.0,1.0,1,0,1.0,1.0,0.33333334
xinlian910,xinlian,1,41.0,6.0,25.0,20.0,1.0,1,0,0.60000002,1.0,0.33333334
xinlian910,xinlian,0,52.0,7.0,18.0,30.0,1.0,1,1,0.0,1.0,0.33333334
xinlian910,xinlian,1,37.0,4.0,80.0,50.0,0.0,1,1,0.39999998,1.0,0.33333334
xinlian910,xinlian,0,71.0,5.0,3.0,50.0,1.0,1,0,0.0,1.0,0.33333334
xinlian910,xinlian,0,52.0,4.0,9.0,20.0,1.0,1,1,0.39999998,1.0,0.33333334
xinlian910,xinlian,1,74.0,6.0,11.0,40.0,1.0,1,0,0.0,0.0,0.33333334
xinlian910,xinlian,0,47.0,5.0,38.4,30.0,1.0,1,0,0.19999999,1.0,0.33333334
xinlian910,xinlian,1,48.0,4.0,30.0,5.0,1.0,1,1,0.39999998,1.0,0.33333334
xinlian910,xinlian,0,41.0,4.0,13.0,40.0,1.0,1,1,0.0,1.0,0.33333334
xinlian910,xinlian,0,68.0,7.0,3.0,50.0,1.0,1,1,0.39999998,1.0,0.33333334
yanjiangbeixin,yanjiang,0,67.0,8.0,4.0,40.0,1.0,1,1,0.0,1.0,1.0
yanjiangdonghezhong,yanjiang,1,54.0,3.0,55.0,50.0,1.0,0,0,0.39999998,1.0,0.42857143
yanjiangdonghezhong,yanjiang,0,53.0,6.0,2.5,30.0,0.0,0,0,0.0,0.0,0.42857143
yanjiangdonghezhong,yanjiang,1,58.0,2.0,8.0,20.0,1.0,0,0,1.0,1.0,0.42857143
yanjiangtangshang,yanjiang,1,48.0,5.0,3.0,20.0,1.0,0,1,0.0,1.0,0.40000001
yanjiangtangshang,yanjiang,0,27.0,4.0,1.0,0.0,0.0,0,0,0.39999998,1.0,0.40000001
yanjiangtangshang,yanjiang,0,43.0,4.0,15.0,30.0,1.0,0,1,0.0,1.0,0.40000001
yazhoushangbian1,yazhou,0,38.0,7.0,30.0,50.0,1.0,1,0,0.0,1.0,0.05882353
yazhoushangbian1,yazhou,0,32.0,5.0,5.0,50.0,1.0,1,1,0.0,1.0,0.05882353
yazhoushangbian1,yazhou,1,40.0,5.0,4.5,20.0,1.0,1,0,0.80000001,1.0,0.05882353
yazhoushangbian1,yazhou,1,50.0,5.0,6.800000190734863,40.0,1.0,1,0,0.0,1.0,0.05882353
yazhoushangbian1,yazhou,0,48.0,4.0,2.700000047683716,40.0,1.0,1,1,1.0,1.0,0.05882353
yazhoushangbian1,yazhou,0,40.0,4.0,14.0,50.0,1.0,1,1,0.0,1.0,0.05882353
yazhoushangbian1,yazhou,0,40.0,3.0,10.0,50.0,1.0,1,0,0.0,1.0,0.05882353
yazhoushangbian1,yazhou,0,20.0,5.0,13.0,1.0,1.0,1,1,0.39999998,1.0,0.05882353
yazhoushangbian2,yazhou,1,58.0,2.0,6.0,30.0,0.0,0,0,0.39999998,1.0,0.2
yazhoushangbian2,yazhou,0,36.0,4.0,7.0,20.0,1.0,0,0,0.0,1.0,0.2
yazhoushangbian2,yazhou,0,70.0,2.0,2.0,50.0,1.0,0,0,0.0,0.0,0.2
yazhoushangbian2,yazhou,0,46.0,7.0,16.0,50.0,0.0,0,0,0.0,1.0,0.2
yazhoushangbian2,yazhou,0,59.0,10.0,25.0,40.0,1.0,0,1,0.0,0.0,0.2
yazhoushangbian2,yazhou,1,40.0,4.0,7.0,100.0,1.0,0,1,0.19999999,1.0,0.2
yazhoushangbian2,yazhou,0,34.0,6.0,8.0,20.0,1.0,0,1,0.0,1.0,0.2
yazhoushangbian2,yazhou,0,36.0,4.0,3.0,50.0,1.0,0,0,0.0,1.0,0.2
yazhoushangbian2,yazhou,0,44.0,4.0,16.0,20.0,1.0,0,1,0.0,1.0,0.2
yazhoushangbian2,yazhou,1,24.0,2.0,20.0,20.0,1.0,0,0,0.80000001,1.0,0.2
yazhouxiabian1,yazhou,1,67.0,2.0,1.299999952316284,50.0,1.0,0,1,0.0,0.0,0.16666667
yazhouxiabian1,yazhou,0,63.0,2.0,2.0,30.0,1.0,0,1,0.0,1.0,0.16666667
yazhouxiabian1,yazhou,0,40.0,4.0,7.0,20.0,1.0,0,0,0.60000002,1.0,0.16666667
yazhouxiabian1,yazhou,0,62.0,2.0,3.0,50.0,1.0,0,1,0.0,0.0,0.16666667
yazhouxiabian1,yazhou,0,37.0,4.0,24.0,20.0,1.0,0,0,0.0,1.0,0.16666667
yazhouxiabian1,yazhou,0,63.0,6.0,2.0,20.0,1.0,0,0,0.0,1.0,0.16666667
yazhouxiabian1,yazhou,1,40.0,4.0,7.699999809265137,40.0,1.0,0,0,0.0,1.0,0.16666667
yazhouxiabian1,yazhou,0,44.0,4.0,10.0,30.0,1.0,0,0,0.0,1.0,0.16666667
yazhouxiabian1,yazhou,1,70.0,2.0,2.200000047683716,30.0,0.0,0,1,0.0,0.0,0.16666667
yazhouxiabian1,yazhou,0,40.0,4.0,29.0,50.0,1.0,0,0,0.0,1.0,0.16666667
yongfengcaomen1,yongfeng,0,45.0,4.0,0.5,60.0,1.0,0,0,1.0,0.0,0.54545456
yongfengcaomen1,yongfeng,0,67.0,4.0,2.599999904632568,40.0,0.0,0,0,0.0,0.0,0.54545456
yongfengcaomen1,yongfeng,0,53.0,8.0,7.0,30.0,1.0,0,1,0.0,1.0,0.54545456
yongfengcaomen1,yongfeng,0,76.0,6.0,8.0,40.0,1.0,0,1,0.0,0.0,0.54545456
yongfengcaomen1,yongfeng,1,64.0,3.0,10.0,50.0,1.0,0,0,0.0,1.0,0.54545456
yongfengcaomen1,yongfeng,1,41.0,4.0,4.0,20.0,1.0,0,0,0.0,1.0,0.54545456
yongfengcaomen1,yongfeng,0,40.0,6.0,7.0,50.0,0.0,0,0,0.0,1.0,0.54545456
yongfengcaomen1,yongfeng,0,56.0,5.0,6.0,40.0,1.0,0,1,0.0,1.0,0.54545456
yongfengcaomen1,yongfeng,1,76.0,2.0,5.0,50.0,1.0,0,1,0.0,1.0,0.54545456
yongfengcaomen1,yongfeng,0,37.0,4.0,8.0,40.0,1.0,0,0,0.0,1.0,0.54545456
yongfengcaomen2,yongfeng,0,34.0,4.0,5.0,0.0,1.0,0,1,0.0,1.0,0.55555558
yongfengcaomen2,yongfeng,0,39.0,4.0,8.0,40.0,1.0,0,1,0.0,1.0,0.55555558
yongfengcaomen2,yongfeng,0,39.0,7.0,18.0,30.0,1.0,0,0,0.0,1.0,0.55555558
yongfengcaomen2,yongfeng,0,33.0,5.0,10.0,50.0,0.0,0,1,0.0,0.0,0.55555558
yongfengcaomen2,yongfeng,0,68.0,9.0,1.600000023841858,20.0,1.0,0,1,1.0,1.0,0.55555558
yongfengcaomen2,yongfeng,0,38.0,4.0,3.0,30.0,0.0,0,1,0.0,0.0,0.55555558
yongfengcaomen2,yongfeng,1,52.0,5.0,1.5,50.0,1.0,0,0,0.60000002,0.0,0.55555558
yongfengcaomen2,yongfeng,0,36.0,5.0,7.0,10.0,1.0,0,0,0.60000002,1.0,0.55555558
yongfengcaomen2,yongfeng,0,45.0,5.0,10.0,30.0,1.0,0,0,0.0,1.0,0.55555558
yongfengcaomen2,yongfeng,1,55.0,5.0,3.0,20.0,1.0,0,1,0.0,1.0,0.55555558
yongfengsanfang1,yongfeng,1,45.0,4.0,15.0,20.0,1.0,1,1,0.19999999,1.0,0.69230771
yongfengsanfang1,yongfeng,0,48.0,7.0,5.599999904632568,30.0,0.0,1,0,0.0,0.0,0.69230771
yongfengsanfang1,yongfeng,1,57.0,5.0,6.0,50.0,1.0,1,1,0.0,0.0,0.69230771
yongfengsanfang1,yongfeng,1,46.0,4.0,18.0,50.0,1.0,1,1,0.19999999,1.0,0.69230771
yongfengsanfang1,yongfeng,1,42.0,5.0,1.0,50.0,1.0,1,1,0.39999998,1.0,0.69230771
yongfengsanfang1,yongfeng,0,46.0,6.0,5.599999904632568,60.0,0.0,1,0,0.0,0.0,0.69230771
yongfengsanfang1,yongfeng,0,52.0,8.0,0.800000011920929,50.0,1.0,1,0,0.0,1.0,0.69230771
yongfengsifang,yongfeng,0,35.0,6.0,5.0,50.0,1.0,1,0,0.0,1.0,0.27272728
yongfengsifang,yongfeng,0,36.0,4.0,6.0,0.0,1.0,1,1,0.0,1.0,0.27272728
yongfengsifang,yongfeng,0,43.0,5.0,1.5,50.0,1.0,1,1,0.39999998,1.0,0.27272728
yongfengsifang,yongfeng,1,42.0,4.0,3.700000047683716,50.0,1.0,1,1,1.0,1.0,0.27272728
yongfengsifang,yongfeng,1,38.0,3.0,18.0,20.0,1.0,1,0,0.80000001,1.0,0.27272728
yongfengsifang,yongfeng,0,65.0,2.0,1.0,30.0,1.0,1,0,0.0,0.0,0.27272728
yongfengsifang,yongfeng,0,39.0,4.0,20.0,50.0,1.0,1,1,0.39999998,1.0,0.27272728
yongfengsifang,yongfeng,1,58.0,3.0,12.0,20.0,1.0,1,0,0.80000001,1.0,0.27272728
yongfengyangzu,yongfeng,0,48.0,3.0,5.0,30.0,1.0,0,0,0.19999999,1.0,1.0
yongfengyangzu,yongfeng,1,41.0,4.0,3.0,50.0,1.0,0,1,0.39999998,1.0,1.0
yongfengyangzu,yongfeng,1,65.0,10.0,12.0,20.0,0.0,0,0,0.80000001,0.0,1.0
yongfengyangzu,yongfeng,1,56.0,11.0,14.0,50.0,1.0,0,1,0.0,1.0,1.0
yongfengyangzu,yongfeng,1,75.0,19.0,5.0,30.0,1.0,0,0,0.0,0.0,1.0
yongfengyangzu,yongfeng,1,42.0,4.0,13.0,50.0,1.0,0,1,0.0,1.0,1.0
yongfengyangzu,yongfeng,1,52.0,4.0,4.0,40.0,1.0,0,0,0.0,0.0,1.0
zhangxi2,zhangxi,1,57.0,5.0,6.5,20.0,1.0,1,0,0.0,1.0,0.17647059
zhangxi2,zhangxi,1,60.0,10.0,10.0,50.0,1.0,1,1,0.0,1.0,0.17647059
zhangxi2,zhangxi,1,56.0,5.0,3.5,50.0,1.0,1,0,0.0,1.0,0.17647059
zhangxi2,zhangxi,0,58.0,3.0,4.5,20.0,1.0,1,1,0.0,1.0,0.17647059
zhangxi2,zhangxi,0,42.0,6.0,13.0,0.0,1.0,1,0,0.19999999,1.0,0.17647059
zhangxi2,zhangxi,1,63.0,9.0,12.0,40.0,1.0,1,1,0.60000002,0.0,0.17647059
zhangxi2,zhangxi,1,28.0,7.0,30.0,50.0,1.0,1,0,0.0,1.0,0.17647059
zhangxi2,zhangxi,1,57.0,4.0,5.0,50.0,1.0,1,0,0.80000001,1.0,0.17647059
zhangxi3,zhangxi,1,44.0,4.0,100.0,10.0,1.0,1,0,0.0,1.0,0.52631581
zhangxi3,zhangxi,0,64.0,7.0,8.0,50.0,1.0,1,0,0.0,1.0,0.52631581
zhangxi3,zhangxi,1,66.0,6.0,4.0,10.0,1.0,1,1,0.0,1.0,0.52631581
zhangxi3,zhangxi,1,41.0,4.0,18.0,20.0,1.0,1,1,0.80000001,1.0,0.52631581
zhangxi3,zhangxi,1,40.0,4.0,12.0,30.0,1.0,1,1,0.0,1.0,0.52631581
zhangxi3,zhangxi,1,44.0,6.0,18.0,20.0,1.0,1,0,0.80000001,1.0,0.52631581
zhangxi3,zhangxi,0,54.0,5.0,23.0,40.0,1.0,1,0,0.0,1.0,0.52631581
zhangxi3,zhangxi,1,21.0,3.0,20.0,20.0,1.0,1,1,0.80000001,1.0,0.52631581
zhangxi3,zhangxi,1,72.0,13.0,5.4,0.0,1.0,1,1,0.0,1.0,0.52631581
zhangxi3,zhangxi,1,64.0,6.0,7.0,30.0,1.0,1,1,0.0,1.0,0.52631581
zhangxi3,zhangxi,0,58.0,2.0,5.3,50.0,1.0,1,0,0.0,1.0,0.52631581
zhangxi3,zhangxi,1,39.0,1.0,15.0,30.0,1.0,1,0,0.0,1.0,0.52631581
zhangxi3,zhangxi,0,53.0,8.0,9.0,50.0,1.0,1,1,0.0,1.0,0.52631581
zhangxi4,zhangxi,0,50.0,2.0,1.0,20.0,1.0,0,1,0.0,1.0,0.12
zhangxi4,zhangxi,1,72.0,14.0,5.0,50.0,1.0,0,1,0.0,1.0,0.12
zhangxi4,zhangxi,1,54.0,10.0,12.0,40.0,1.0,0,1,0.60000002,1.0,0.12
zhangxi4,zhangxi,1,64.0,12.0,12.0,20.0,1.0,0,0,0.80000001,1.0,0.12
zhangxi4,zhangxi,0,58.0,8.0,6.0,50.0,1.0,0,1,0.0,1.0,0.12
zhangxi4,zhangxi,1,63.0,10.0,12.0,20.0,1.0,0,0,0.80000001,0.0,0.12
zhangxi4,zhangxi,1,60.0,7.0,12.0,20.0,1.0,0,0,0.80000001,1.0,0.12
zhangxi4,zhangxi,1,48.0,6.0,13.0,50.0,1.0,0,1,0.0,1.0,0.12
zhangxi4,zhangxi,0,60.0,12.0,11.0,30.0,1.0,0,0,0.0,0.0,0.12
zhangxi4,zhangxi,0,62.0,10.0,6.0,50.0,0.0,0,0,0.0,1.0,0.12
zhangxi4,zhangxi,0,54.0,4.0,22.0,30.0,1.0,0,1,0.0,1.0,0.12
zhangxi4,zhangxi,0,56.0,10.0,13.0,30.0,1.0,0,0,0.0,1.0,0.12
zhangxi4,zhangxi,1,48.0,5.0,6.0,50.0,1.0,0,0,0.0,1.0,0.12
zhangxi5,zhangxi,0,59.0,10.0,12.0,50.0,1.0,0,0,0.0,0.0,0.4375
zhangxi5,zhangxi,0,59.0,10.0,10.0,0.0,1.0,0,1,0.0,1.0,0.4375
zhangxi5,zhangxi,0,72.0,7.0,26.0,20.0,1.0,0,0,0.0,1.0,0.4375
zhangxi5,zhangxi,0,54.0,7.0,10.0,40.0,1.0,0,0,0.0,1.0,0.4375
zhangxi5,zhangxi,1,45.0,6.0,20.0,50.0,1.0,0,1,0.0,1.0,0.4375
zhangxi5,zhangxi,0,48.0,6.0,8.0,50.0,1.0,0,0,0.0,1.0,0.4375
zhangxi5,zhangxi,0,51.0,6.0,6.5,20.0,1.0,0,1,0.19999999,1.0,0.4375
zhangxi5,zhangxi,1,41.0,5.0,18.0,20.0,1.0,0,1,0.80000001,1.0,0.4375
zhangxi5,zhangxi,0,52.0,4.0,12.0,20.0,1.0,0,0,0.0,1.0,0.4375
zhangxi5,zhangxi,1,33.0,5.0,5.5,33.0,0.0,0,1,0.0,1.0,0.4375
zhangxi5,zhangxi,0,38.0,4.0,35.0,20.0,1.0,0,1,0.60000002,1.0,0.4375
zhangxi5,zhangxi,1,36.0,6.0,85.0,50.0,1.0,0,1,0.0,1.0,0.4375
zhangxi6,zhangxi,1,60.0,2.0,18.0,100.0,1.0,1,0,0.0,0.0,0.4375
zhangxi6,zhangxi,1,61.0,4.0,7.0,50.0,1.0,1,0,0.19999999,1.0,0.4375
zhangxi6,zhangxi,0,43.0,4.0,20.0,40.0,1.0,1,1,0.0,1.0,0.4375
zhangxi6,zhangxi,0,56.0,6.0,6.0,50.0,1.0,1,1,0.0,1.0,0.4375
zhangxi6,zhangxi,0,52.0,4.0,11.0,40.0,1.0,1,0,0.0,1.0,0.4375
zhangxi6,zhangxi,0,58.0,6.0,10.0,30.0,1.0,1,1,0.0,0.0,0.4375
zhangxi6,zhangxi,0,68.0,3.0,6.0,20.0,1.0,1,0,0.0,0.0,0.4375
zhangxi6,zhangxi,1,58.0,3.0,12.0,20.0,1.0,1,1,0.0,1.0,0.4375
zhangxi6,zhangxi,1,56.0,6.0,21.0,20.0,1.0,1,0,0.39999998,1.0,0.4375
zhangxi6,zhangxi,0,63.0,6.0,9.0,50.0,1.0,1,1,0.0,1.0,0.4375
zhangxi6,zhangxi,0,59.0,3.0,21.0,30.0,1.0,1,1,0.39999998,1.0,0.4375
zhangxi81,zhangxi,0,54.0,7.0,7.0,5.0,1.0,0,1,0.0,0.0,0.25
zhangxi81,zhangxi,0,35.0,6.0,8.0,30.0,1.0,0,0,0.0,0.0,0.25
zhangxi81,zhangxi,0,53.0,4.0,13.0,0.0,1.0,0,0,0.0,1.0,0.25
zhangxi81,zhangxi,0,63.0,7.0,16.0,20.0,1.0,0,1,0.0,0.0,0.25
zhangxi81,zhangxi,1,64.0,6.0,12.0,30.0,1.0,0,0,0.39999998,1.0,0.25
zhangxi81,zhangxi,0,73.0,7.0,5.0,20.0,1.0,0,1,0.0,0.0,0.25
zhangxi81,zhangxi,1,54.0,7.0,8.0,20.0,1.0,0,1,0.0,1.0,0.25
zhangxi81,zhangxi,1,66.0,8.0,10.0,50.0,1.0,0,0,0.0,1.0,0.25
zhangxi81,zhangxi,0,38.0,4.0,3.6,50.0,1.0,0,1,0.0,0.0,0.25
zhangxi81,zhangxi,0,55.0,2.0,4.0,30.0,1.0,0,1,0.0,1.0,0.25
zhangxi81,zhangxi,0,60.0,12.0,5.0,20.0,1.0,0,1,1.0,0.0,0.25
zhangxi81,zhangxi,0,58.0,6.0,10.0,30.0,1.0,0,1,0.0,0.0,0.25
zhangxi82,zhangxi,0,51.0,6.0,18.0,20.0,1.0,1,0,0.0,1.0,0.55555558
zhangxi82,zhangxi,1,63.0,14.0,10.0,30.0,1.0,1,1,0.0,1.0,0.55555558
zhangxi82,zhangxi,0,48.0,4.0,50.0,30.0,1.0,1,0,0.0,1.0,0.55555558
zhangxi82,zhangxi,1,53.0,6.0,9.0,20.0,1.0,1,1,0.0,1.0,0.55555558
zhangxi82,zhangxi,1,58.0,3.0,10.0,30.0,1.0,1,0,0.39999998,1.0,0.55555558
zhangxi82,zhangxi,0,61.0,5.0,9.0,40.0,1.0,1,1,0.39999998,0.0,0.55555558
zixi1,zixi,1,62.0,10.0,6.0,10.0,1.0,0,0,0.0,1.0,0.26666668
zixi1,zixi,0,69.0,9.0,11.0,20.0,1.0,0,0,0.0,0.0,0.26666668
zixi1,zixi,1,70.0,7.0,4.1,20.0,1.0,0,0,0.0,1.0,0.26666668
zixi1,zixi,0,76.0,9.0,5.6,10.0,1.0,0,0,0.0,0.0,0.26666668
zixi1,zixi,0,66.0,2.0,3.0,50.0,1.0,0,1,0.0,0.0,0.26666668
zixi1,zixi,0,48.0,8.0,10.0,50.0,1.0,0,1,1.0,1.0,0.26666668
zixi1,zixi,1,73.0,10.0,8.0,20.0,1.0,0,0,0.0,0.0,0.26666668
zixi1,zixi,0,48.0,5.0,3.0,20.0,1.0,0,1,0.19999999,1.0,0.26666668
zixi1,zixi,0,41.0,4.0,3.0,0.0,1.0,0,1,0.19999999,1.0,0.26666668
zixi1,zixi,0,42.0,4.0,6.0,30.0,1.0,0,0,0.0,1.0,0.26666668
zixi1,zixi,0,47.0,7.0,2.0,50.0,1.0,0,1,1.0,1.0,0.26666668
zixi1,zixi,0,35.0,5.0,16.0,40.0,1.0,0,1,1.0,1.0,0.26666668
zixi1,zixi,0,39.0,4.0,13.0,20.0,1.0,0,1,0.0,1.0,0.26666668
zixi4,zixi,1,69.0,2.0,6.0,20.0,1.0,0,0,0.0,0.0,0.61538464
zixi4,zixi,1,38.0,4.0,15.0,30.0,1.0,0,0,0.0,1.0,0.61538464
zixi4,zixi,0,59.0,10.0,3.0,40.0,1.0,0,1,0.0,0.0,0.61538464
zixi4,zixi,0,45.0,4.0,22.0,20.0,1.0,0,1,0.0,1.0,0.61538464
zixi4,zixi,1,40.0,4.0,15.0,50.0,1.0,0,1,0.0,1.0,0.61538464
zixi4,zixi,1,63.0,8.0,16.0,20.0,1.0,0,0,0.0,0.0,0.61538464
zixi5,zixi,1,50.0,4.0,15.0,50.0,1.0,0,0,0.0,1.0,0.22222222
zixi5,zixi,0,44.0,5.0,8.8,40.0,1.0,0,0,0.0,1.0,0.22222222
zixi5,zixi,1,54.0,3.0,13.6,0.0,1.0,0,0,1.0,1.0,0.22222222
zixi5,zixi,1,68.0,3.0,10.0,50.0,1.0,0,1,0.0,1.0,0.22222222
zixi5,zixi,0,54.0,7.0,10.0,50.0,1.0,0,1,0.0,1.0,0.22222222
zixi5,zixi,0,49.0,5.0,15.0,40.0,1.0,0,1,0.0,1.0,0.22222222
zixi5,zixi,1,41.0,4.0,8.4,50.0,1.0,0,0,0.0,1.0,0.22222222
zixi5,zixi,0,60.0,3.0,20.0,50.0,1.0,0,1,0.0,1.0,0.22222222
zixi9,zixi,1,73.0,2.0,4.0,30.0,1.0,1,1,0.0,1.0,0.125
zixi9,zixi,0,66.0,6.0,10.0,50.0,1.0,1,0,0.80000001,0.0,0.125
zixi9,zixi,0,72.0,2.0,8.0,20.0,1.0,1,0,0.0,1.0,0.125
