region_id,year,policy_effect,average_distance_driven,average_income,average_age,average_gasoline_price,policy_in_effect,percentage_EV_ownership,average_distance_driven_before_policy
1,0,0,65.10157545317298,2,3,27,1,0,1
1,1,0,60.930920846738985,2,3,27,1,0,1
1,2,0,64.4471133085306,2,3,27,1,0,1
1,3,0,65.80915579474949,2,3,27,1,0,1
1,4,0,63.1301795702874,2,3,27,1,0,1
1,5,0,63.708512894027365,2,3,27,1,0,1
1,6,0,61.612412893323146,2,3,27,1,0,1
1,7,0,64.40527822964609,2,3,27,1,0,1
1,8,0,63.64044889739598,2,3,27,1,0,1
1,9,0,64.56256384478277,2,3,27,1,0,1
2,0,0,61.68547602321696,1,6,21,1,0,0
2,1,0,61.87479709164376,1,6,21,1,0,0
2,2,0,61.95024598153127,1,6,21,1,0,0
2,3,0,63.53238527581512,1,6,21,1,0,0
2,4,0,63.14515659734207,1,6,21,1,0,0
2,5,0,62.56878809924435,1,6,21,1,0,0
2,6,0,59.48611949973745,1,6,21,1,0,0
2,7,1,70.11959249454847,1,6,21,1,0,0
2,8,1,68.93065153836557,1,6,21,1,0,0
2,9,1,69.77756599496098,1,6,21,1,0,0
3,0,0,63.09383131131674,5,10,28,0,1,1
3,1,0,62.96304151410078,5,10,28,0,1,1
3,2,0,62.70892685688975,5,10,28,0,1,1
3,3,0,63.19700367277048,5,10,28,0,1,1
3,4,1,72.00525846813508,5,10,28,0,1,1
3,5,1,71.4715740634489,5,10,28,0,1,1
3,6,1,69.2490853648356,5,10,28,0,1,1
3,7,1,69.77120718565497,5,10,28,0,1,1
3,8,1,68.4544094273135,5,10,28,0,1,1
3,9,1,71.6244405264065,5,10,28,0,1,1
4,0,0,65.33488245423456,4,6,31,0,1,0
4,1,0,63.35021017529921,4,6,31,0,1,0
4,2,0,64.19477135484269,4,6,31,0,1,0
4,3,0,68.54051237640464,4,6,31,0,1,0
4,4,0,66.79604855145506,4,6,31,0,1,0
4,5,0,63.3220956105687,4,6,31,0,1,0
4,6,0,62.433594611582286,4,6,31,0,1,0
4,7,0,64.82612729949177,4,6,31,0,1,0
4,8,0,65.61900160137746,4,6,31,0,1,0
4,9,0,63.99134027298359,4,6,31,0,1,0
5,0,0,59.08498120363832,2,11,21,1,1,1
5,1,0,58.38984030942465,2,11,21,1,1,1
5,2,0,58.26348686670836,2,11,21,1,1,1
5,3,0,60.81058902041835,2,11,21,1,1,1
5,4,0,59.51791346725543,2,11,21,1,1,1
5,5,0,59.95241694976003,2,11,21,1,1,1
5,6,0,57.62583529255379,2,11,21,1,1,1
5,7,0,59.82358440462555,2,11,21,1,1,1
5,8,0,59.48737055593236,2,11,21,1,1,1
5,9,1,69.27007416053885,2,11,21,1,1,1
6,0,0,61.30080728323395,7,10,23,1,0,0
6,1,0,60.12976265449762,7,10,23,1,0,0
6,2,0,61.65343767022359,7,10,23,1,0,0
6,3,0,63.71249565943339,7,10,23,1,0,0
6,4,0,62.27315869144402,7,10,23,1,0,0
6,5,0,61.16122619833877,7,10,23,1,0,0
6,6,0,59.639203501180944,7,10,23,1,0,0
6,7,0,62.22819411363521,7,10,23,1,0,0
6,8,0,63.26316665722009,7,10,23,1,0,0
6,9,1,70.89710445023398,7,10,23,1,0,0
7,0,0,60.40977195932309,2,11,16,1,1,1
7,1,0,57.22524964054061,2,11,16,1,1,1
7,2,0,61.27949445746188,2,11,16,1,1,1
7,3,1,69.78696499219338,2,11,16,1,1,1
7,4,1,69.30481526939957,2,11,16,1,1,1
7,5,1,65.8107519145197,2,11,16,1,1,1
7,6,1,65.70607070280809,2,11,16,1,1,1
7,7,1,67.39229466758337,2,11,16,1,1,1
7,8,1,67.68586413150973,2,11,16,1,1,1
7,9,1,69.57987561344183,2,11,16,1,1,1
8,0,0,61.16564395778277,1,9,28,0,0,0
8,1,0,61.07533905396275,1,9,28,0,0,0
8,2,1,69.09668318188932,1,9,28,0,0,0
8,3,1,69.55738626423798,1,9,28,0,0,0
8,4,1,69.92861932424233,1,9,28,0,0,0
8,5,1,67.95790367145527,1,9,28,0,0,0
8,6,1,66.426629163287,1,9,28,0,0,0
8,7,1,69.77878834115313,1,9,28,0,0,0
8,8,1,70.2261727083941,1,9,28,0,0,0
8,9,1,69.47655239688974,1,9,28,0,0,0
9,0,0,61.7729553013352,4,7,22,0,0,1
9,1,0,59.54387476893668,4,7,22,0,0,1
9,2,0,62.4148756496604,4,7,22,0,0,1
9,3,0,62.5361700984745,4,7,22,0,0,1
9,4,0,61.0707953699793,4,7,22,0,0,1
9,5,1,67.96756332736805,4,7,22,0,0,1
9,6,1,67.01847518463082,4,7,22,0,0,1
9,7,1,70.74622400723173,4,7,22,0,0,1
9,8,1,70.3274203271459,4,7,22,0,0,1
9,9,1,68.58031557229879,4,7,22,0,0,1
10,0,0,64.30255083471752,4,5,25,0,1,1
10,1,0,63.135631008932,4,5,25,0,1,1
10,2,0,63.54173655857817,4,5,25,0,1,1
10,3,0,65.46652765934047,4,5,25,0,1,1
10,4,0,65.64038117311304,4,5,25,0,1,1
10,5,0,64.06143418092536,4,5,25,0,1,1
10,6,0,63.0027762589233,4,5,25,0,1,1
10,7,0,63.92213120847707,4,5,25,0,1,1
10,8,0,63.54132199826973,4,5,25,0,1,1
10,9,0,64.1055687649627,4,5,25,0,1,1
11,0,0,61.90641306547847,4,12,25,0,0,1
11,1,0,61.09707078673992,4,12,25,0,0,1
11,2,0,62.96722295227213,4,12,25,0,0,1
11,3,0,62.93353887992546,4,12,25,0,0,1
11,4,0,61.37297350336398,4,12,25,0,0,1
11,5,0,60.65744211489779,4,12,25,0,0,1
11,6,0,60.76430061889175,4,12,25,0,0,1
11,7,0,61.74233189188234,4,12,25,0,0,1
11,8,0,61.21739514150882,4,12,25,0,0,1
11,9,0,60.86490009399955,4,12,25,0,0,1
12,0,0,62.68778436227496,4,9,25,1,0,1
12,1,0,62.428602470885146,4,9,25,1,0,1
12,2,0,63.45561346872838,4,9,25,1,0,1
12,3,1,72.66316061955858,4,9,25,1,0,1
12,4,1,72.27590631233727,4,9,25,1,0,1
12,5,1,69.75848100930207,4,9,25,1,0,1
12,6,1,69.79131686375408,4,9,25,1,0,1
12,7,1,72.45095548718669,4,9,25,1,0,1
12,8,1,69.87238461711257,4,9,25,1,0,1
12,9,1,70.6951227747534,4,9,25,1,0,1
13,0,0,58.32550387506131,3,7,23,1,0,1
13,1,0,60.85332821633644,3,7,23,1,0,1
13,2,0,61.96324256456047,3,7,23,1,0,1
13,3,0,62.186149070361225,3,7,23,1,0,1
13,4,0,60.73852932775601,3,7,23,1,0,1
13,5,0,60.292826329065726,3,7,23,1,0,1
13,6,0,57.79178823934863,3,7,23,1,0,1
13,7,0,62.28769536366255,3,7,23,1,0,1
13,8,0,60.33886010743349,3,7,23,1,0,1
13,9,0,63.68262445036068,3,7,23,1,0,1
14,0,0,59.94105550423192,1,12,17,0,0,1
14,1,0,57.71626557543175,1,12,17,0,0,1
14,2,0,60.61032742852583,1,12,17,0,0,1
14,3,0,62.94321559047743,1,12,17,0,0,1
14,4,0,63.251106492759845,1,12,17,0,0,1
14,5,0,57.96619945405649,1,12,17,0,0,1
14,6,0,59.59171535084692,1,12,17,0,0,1
14,7,0,63.28462940334633,1,12,17,0,0,1
14,8,0,59.35835033650347,1,12,17,0,0,1
14,9,0,59.390756837057886,1,12,17,0,0,1
15,0,0,64.98515775679164,5,10,30,0,0,0
15,1,1,70.32346956914458,5,10,30,0,0,0
15,2,1,74.34782758739318,5,10,30,0,0,0
15,3,1,75.07845329476343,5,10,30,0,0,0
15,4,1,71.67040782259822,5,10,30,0,0,0
15,5,1,71.63711627425333,5,10,30,0,0,0
15,6,1,71.32843622639218,5,10,30,0,0,0
15,7,1,72.11259052904472,5,10,30,0,0,0
15,8,1,70.83791261978303,5,10,30,0,0,0
15,9,1,72.69869867283089,5,10,30,0,0,0
16,0,0,62.41426248458209,4,12,26,1,0,0
16,1,0,62.14073944036474,4,12,26,1,0,0
16,2,0,62.835625052290055,4,12,26,1,0,0
16,3,0,63.5080515088795,4,12,26,1,0,0
16,4,1,70.76263658565048,4,12,26,1,0,0
16,5,1,70.62954299466513,4,12,26,1,0,0
16,6,1,67.78944035978918,4,12,26,1,0,0
16,7,1,71.80226294628667,4,12,26,1,0,0
16,8,1,70.00088906779057,4,12,26,1,0,0
16,9,1,71.07676434795324,4,12,26,1,0,0
17,0,0,63.90819963410698,4,7,25,0,1,1
17,1,0,62.0848269525342,4,7,25,0,1,1
17,2,0,64.13350963411713,4,7,25,0,1,1
17,3,0,65.7444550530511,4,7,25,0,1,1
17,4,0,64.95166955455537,4,7,25,0,1,1
17,5,0,64.4930154082364,4,7,25,0,1,1
17,6,0,63.09195662324166,4,7,25,0,1,1
17,7,0,65.14237716870595,4,7,25,0,1,1
17,8,0,63.42195100471727,4,7,25,0,1,1
17,9,0,65.272343570734,4,7,25,0,1,1
18,0,0,62.74925886921436,4,10,27,1,1,0
18,1,0,61.6148545870754,4,10,27,1,1,0
18,2,0,63.19679462551663,4,10,27,1,1,0
18,3,1,71.1319357264312,4,10,27,1,1,0
18,4,1,71.56809455636213,4,10,27,1,1,0
18,5,1,70.80333157745933,4,10,27,1,1,0
18,6,1,70.0228354715146,4,10,27,1,1,0
18,7,1,71.77500098921531,4,10,27,1,1,0
18,8,1,71.96633127481263,4,10,27,1,1,0
18,9,1,71.46943800743921,4,10,27,1,1,0
19,0,0,64.95231087364267,6,9,31,1,1,1
19,1,0,62.22595725155498,6,9,31,1,1,1
19,2,0,64.07356770200839,6,9,31,1,1,1
19,3,0,64.91180183997533,6,9,31,1,1,1
19,4,0,65.74569952453695,6,9,31,1,1,1
19,5,0,64.85754938635743,6,9,31,1,1,1
19,6,0,63.314878447309056,6,9,31,1,1,1
19,7,0,65.24359941593325,6,9,31,1,1,1
19,8,0,65.15249205128136,6,9,31,1,1,1
19,9,0,63.9083627747431,6,9,31,1,1,1
20,0,0,67.56758913040669,0,8,31,0,0,1
20,1,0,65.86404502957869,0,8,31,0,0,1
20,2,0,67.63980336282539,0,8,31,0,0,1
20,3,1,76.34846648000101,0,8,31,0,0,1
20,4,1,75.35572953460037,0,8,31,0,0,1
20,5,1,75.26098391125862,0,8,31,0,0,1
20,6,1,73.35486875695182,0,8,31,0,0,1
20,7,1,75.32451615178336,0,8,31,0,0,1
20,8,1,74.21720625072511,0,8,31,0,0,1
20,9,1,75.48203429965442,0,8,31,0,0,1
21,0,0,63.92794340802086,4,8,32,1,0,0
21,1,0,61.90144598028692,4,8,32,1,0,0
21,2,0,63.61963181526774,4,8,32,1,0,0
21,3,0,66.73277568064698,4,8,32,1,0,0
21,4,0,64.13160354329072,4,8,32,1,0,0
21,5,0,62.0727483276137,4,8,32,1,0,0
21,6,0,61.3551671035878,4,8,32,1,0,0
21,7,0,62.96987073948775,4,8,32,1,0,0
21,8,1,73.00912510465666,4,8,32,1,0,0
21,9,1,72.3580388384871,4,8,32,1,0,0
22,0,0,63.00946556959486,3,6,26,1,1,1
22,1,0,60.07341500015553,3,6,26,1,1,1
22,2,0,64.90696487413376,3,6,26,1,1,1
22,3,0,64.0898704003269,3,6,26,1,1,1
22,4,0,65.07123279275147,3,6,26,1,1,1
22,5,0,61.2927362135562,3,6,26,1,1,1
22,6,0,61.8901731171028,3,6,26,1,1,1
22,7,0,64.78033192310525,3,6,26,1,1,1
22,8,0,64.25577733774503,3,6,26,1,1,1
22,9,0,61.60805115819369,3,6,26,1,1,1
23,0,0,61.11702605323648,5,3,23,1,0,0
23,1,0,59.83705743018019,5,3,23,1,0,0
23,2,0,62.184673897340645,5,3,23,1,0,0
23,3,0,64.29907119673464,5,3,23,1,0,0
23,4,0,62.88968678346036,5,3,23,1,0,0
23,5,0,60.8771026564866,5,3,23,1,0,0
23,6,0,61.19579603749999,5,3,23,1,0,0
23,7,1,71.27565482789768,5,3,23,1,0,0
23,8,1,69.98924212635035,5,3,23,1,0,0
23,9,1,69.42603918593338,5,3,23,1,0,0
24,0,0,62.03840537101743,3,8,29,0,1,1
24,1,0,63.39909997722323,3,8,29,0,1,1
24,2,0,61.96447785518266,3,8,29,0,1,1
24,3,0,63.35026501869778,3,8,29,0,1,1
24,4,0,63.51355802137511,3,8,29,0,1,1
24,5,0,62.60922310126663,3,8,29,0,1,1
24,6,0,60.923730641205225,3,8,29,0,1,1
24,7,0,63.80305209862809,3,8,29,0,1,1
24,8,0,60.64924632777981,3,8,29,0,1,1
24,9,0,64.8877415680057,3,8,29,0,1,1
25,0,0,59.53165329632301,4,9,24,1,0,0
25,1,0,60.09796304733048,4,9,24,1,0,0
25,2,0,62.530236014657234,4,9,24,1,0,0
25,3,0,63.59930173706879,4,9,24,1,0,0
25,4,0,63.52243162595038,4,9,24,1,0,0
25,5,0,59.593825720344,4,9,24,1,0,0
25,6,0,60.0212956659128,4,9,24,1,0,0
25,7,0,63.18223280273666,4,9,24,1,0,0
25,8,0,61.71064774971303,4,9,24,1,0,0
25,9,0,61.766283819445285,4,9,24,1,0,0
26,0,0,64.07488518998397,2,10,30,0,1,0
26,1,0,62.86284808119806,2,10,30,0,1,0
26,2,0,64.71239648219253,2,10,30,0,1,0
26,3,0,66.92252061335823,2,10,30,0,1,0
26,4,0,64.33763071137895,2,10,30,0,1,0
26,5,0,62.9281129874083,2,10,30,0,1,0
26,6,0,61.76647575328778,2,10,30,0,1,0
26,7,0,66.2682845643722,2,10,30,0,1,0
26,8,0,65.21649455711959,2,10,30,0,1,0
26,9,0,65.406274052893,2,10,30,0,1,0
27,0,0,62.12032909118252,1,7,24,1,0,1
27,1,0,60.30764850747765,1,7,24,1,0,1
27,2,0,62.979480774097055,1,7,24,1,0,1
27,3,0,61.41226823246051,1,7,24,1,0,1
27,4,0,61.95459952911026,1,7,24,1,0,1
27,5,1,68.29860461627688,1,7,24,1,0,1
27,6,1,65.84454920408469,1,7,24,1,0,1
27,7,1,70.85094912112467,1,7,24,1,0,1
27,8,1,69.38591134382877,1,7,24,1,0,1
27,9,1,70.03511137737142,1,7,24,1,0,1
28,0,0,64.11655128747016,4,8,33,1,1,1
28,1,0,64.95026980435746,4,8,33,1,1,1
28,2,0,64.70466222185479,4,8,33,1,1,1
28,3,0,67.32743526126912,4,8,33,1,1,1
28,4,0,67.32179451697102,4,8,33,1,1,1
28,5,0,64.89121623961805,4,8,33,1,1,1
28,6,0,62.35618496219826,4,8,33,1,1,1
28,7,0,66.71427837945146,4,8,33,1,1,1
28,8,0,64.56192198856746,4,8,33,1,1,1
28,9,0,65.29531309277843,4,8,33,1,1,1
29,0,0,62.98064939100482,3,10,22,1,1,1
29,1,0,62.69438998020787,3,10,22,1,1,1
29,2,0,64.88852250847378,3,10,22,1,1,1
29,3,0,62.54495968638042,3,10,22,1,1,1
29,4,1,72.31717937191176,3,10,22,1,1,1
29,5,1,69.91243426355955,3,10,22,1,1,1
29,6,1,69.3153014363819,3,10,22,1,1,1
29,7,1,73.57597716339843,3,10,22,1,1,1
29,8,1,71.06504073978503,3,10,22,1,1,1
29,9,1,72.66836911923308,3,10,22,1,1,1
30,0,0,64.02809742523148,3,9,27,1,1,1
30,1,0,62.69698409790741,3,9,27,1,1,1
30,2,0,64.7727198999671,3,9,27,1,1,1
30,3,0,64.47437925440082,3,9,27,1,1,1
30,4,0,66.24998901407206,3,9,27,1,1,1
30,5,0,63.57977435709248,3,9,27,1,1,1
30,6,0,62.41232573748471,3,9,27,1,1,1
30,7,0,63.34199063254866,3,9,27,1,1,1
30,8,0,62.05433760904506,3,9,27,1,1,1
30,9,0,65.05145188276038,3,9,27,1,1,1
31,0,0,63.744467471093714,5,10,27,1,1,0
31,1,0,62.16202897594115,5,10,27,1,1,0
31,2,0,64.87893164027015,5,10,27,1,1,0
31,3,0,64.60751560402524,5,10,27,1,1,0
31,4,0,65.41865331604737,5,10,27,1,1,0
31,5,1,70.89680854877425,5,10,27,1,1,0
31,6,1,69.00726635405549,5,10,27,1,1,0
31,7,1,73.7791466782793,5,10,27,1,1,0
31,8,1,71.74731967586646,5,10,27,1,1,0
31,9,1,71.93119845204515,5,10,27,1,1,0
32,0,0,65.06053775412697,2,6,24,0,0,0
32,1,0,62.36640180897919,2,6,24,0,0,0
32,2,0,64.29290989379294,2,6,24,0,0,0
32,3,0,65.70704052416795,2,6,24,0,0,0
32,4,0,65.6073969941758,2,6,24,0,0,0
32,5,0,65.3395043052564,2,6,24,0,0,0
32,6,0,63.37587182706177,2,6,24,0,0,0
32,7,1,71.42668322297769,2,6,24,0,0,0
32,8,1,71.88273761077528,2,6,24,0,0,0
32,9,1,72.1920352713439,2,6,24,0,0,0
33,0,0,61.36587849237202,4,7,26,1,1,1
33,1,0,60.2427132455113,4,7,26,1,1,1
33,2,0,60.84187390902169,4,7,26,1,1,1
33,3,0,64.40341792706916,4,7,26,1,1,1
33,4,0,62.68306641879143,4,7,26,1,1,1
33,5,0,61.54371770659922,4,7,26,1,1,1
33,6,0,60.45381286362524,4,7,26,1,1,1
33,7,0,63.56302263699928,4,7,26,1,1,1
33,8,1,70.00991493822319,4,7,26,1,1,1
33,9,1,70.4664411638389,4,7,26,1,1,1
34,0,0,60.46750503181277,5,14,20,0,0,1
34,1,0,57.58946334114756,5,14,20,0,0,1
34,2,0,59.91898087741097,5,14,20,0,0,1
34,3,1,71.30547303640662,5,14,20,0,0,1
34,4,1,68.58480345162278,5,14,20,0,0,1
34,5,1,68.33568027907369,5,14,20,0,0,1
34,6,1,66.78470352728455,5,14,20,0,0,1
34,7,1,70.72105715945573,5,14,20,0,0,1
34,8,1,68.09498057657292,5,14,20,0,0,1
34,9,1,70.07906783775684,5,14,20,0,0,1
35,0,0,62.17307497522605,5,9,22,0,1,0
35,1,0,60.76418439704997,5,9,22,0,1,0
35,2,0,62.21449309064263,5,9,22,0,1,0
35,3,0,64.24388593355818,5,9,22,0,1,0
35,4,0,64.00107001314812,5,9,22,0,1,0
35,5,1,67.6688398621139,5,9,22,0,1,0
35,6,1,70.88983326772755,5,9,22,0,1,0
35,7,1,72.47574773092711,5,9,22,0,1,0
35,8,1,68.27921308766199,5,9,22,0,1,0
35,9,1,68.75507539049731,5,9,22,0,1,0
36,0,0,61.335176580230055,1,10,28,0,1,1
36,1,0,60.2470494410142,1,10,28,0,1,1
36,2,0,61.430638884150966,1,10,28,0,1,1
36,3,0,65.67951324468577,1,10,28,0,1,1
36,4,0,61.51420818906806,1,10,28,0,1,1
36,5,0,61.25626256529935,1,10,28,0,1,1
36,6,0,61.50071209302657,1,10,28,0,1,1
36,7,0,62.13343103854584,1,10,28,0,1,1
36,8,0,59.77334424492764,1,10,28,0,1,1
36,9,0,61.19996675240572,1,10,28,0,1,1
37,0,0,60.67589058045591,3,7,23,0,0,0
37,1,0,59.213649745457154,3,7,23,0,0,0
37,2,1,71.69583921227793,3,7,23,0,0,0
37,3,1,74.01108328461373,3,7,23,0,0,0
37,4,1,71.32360705881801,3,7,23,0,0,0
37,5,1,68.68480600970803,3,7,23,0,0,0
37,6,1,67.8560938847859,3,7,23,0,0,0
37,7,1,72.74767970683297,3,7,23,0,0,0
37,8,1,69.55125846744856,3,7,23,0,0,0
37,9,1,70.43210177363608,3,7,23,0,0,0
38,0,0,61.40520394972255,2,11,27,0,1,0
38,1,0,61.168914850190674,2,11,27,0,1,0
38,2,0,63.0577920979148,2,11,27,0,1,0
38,3,0,64.34938358595564,2,11,27,0,1,0
38,4,0,62.82748127727877,2,11,27,0,1,0
38,5,0,61.75917053170015,2,11,27,0,1,0
38,6,0,61.72510883050394,2,11,27,0,1,0
38,7,0,64.48878375477061,2,11,27,0,1,0
38,8,0,62.69837381811097,2,11,27,0,1,0
38,9,0,63.0042680115824,2,11,27,0,1,0
39,0,0,62.23601194794567,3,7,23,1,0,0
39,1,0,61.42200850122258,3,7,23,1,0,0
39,2,0,62.95505290963433,3,7,23,1,0,0
39,3,0,64.86569306758956,3,7,23,1,0,0
39,4,0,61.27599462912578,3,7,23,1,0,0
39,5,0,60.60722195581177,3,7,23,1,0,0
39,6,1,67.86385973308023,3,7,23,1,0,0
39,7,1,71.93693744277961,3,7,23,1,0,0
39,8,1,69.14127991956157,3,7,23,1,0,0
39,9,1,71.3010340973928,3,7,23,1,0,0
40,0,0,64.93841697087036,1,10,33,0,0,1
40,1,0,61.88860541844366,1,10,33,0,0,1
40,2,0,63.86919020349221,1,10,33,0,0,1
40,3,0,67.81670132530826,1,10,33,0,0,1
40,4,0,65.2966121897591,1,10,33,0,0,1
40,5,0,63.34924940707475,1,10,33,0,0,1
40,6,0,61.97711984100836,1,10,33,0,0,1
40,7,0,63.78330170119552,1,10,33,0,0,1
40,8,0,65.38414002827516,1,10,33,0,0,1
40,9,0,62.29853887828709,1,10,33,0,0,1
41,0,0,63.44296558303113,3,7,21,1,1,0
41,1,0,62.19938960140643,3,7,21,1,1,0
41,2,0,63.95410625152107,3,7,21,1,1,0
41,3,0,64.91588649032589,3,7,21,1,1,0
41,4,0,62.307749314172696,3,7,21,1,1,0
41,5,0,63.6328160841718,3,7,21,1,1,0
41,6,0,61.486290103363096,3,7,21,1,1,0
41,7,0,63.348850707618986,3,7,21,1,1,0
41,8,0,62.07112699772266,3,7,21,1,1,0
41,9,0,62.89186477434161,3,7,21,1,1,0
42,0,0,64.99200545000609,2,5,26,0,1,0
42,1,0,62.10439125170085,2,5,26,0,1,0
42,2,0,64.49183675031826,2,5,26,0,1,0
42,3,0,65.2949255101885,2,5,26,0,1,0
42,4,0,65.80210096036079,2,5,26,0,1,0
42,5,0,61.22477577022287,2,5,26,0,1,0
42,6,0,60.84573894995418,2,5,26,0,1,0
42,7,0,64.22956766006877,2,5,26,0,1,0
42,8,1,71.40044394704448,2,5,26,0,1,0
42,9,1,74.04897217896344,2,5,26,0,1,0
43,0,0,61.920107249757976,5,6,21,1,0,0
43,1,0,60.10706818110479,5,6,21,1,0,0
43,2,0,61.43896544218978,5,6,21,1,0,0
43,3,0,63.165445281812296,5,6,21,1,0,0
43,4,0,62.14855331498733,5,6,21,1,0,0
43,5,0,62.17488979282757,5,6,21,1,0,0
43,6,0,59.62447450843779,5,6,21,1,0,0
43,7,0,61.73811926764049,5,6,21,1,0,0
43,8,0,59.83619548484768,5,6,21,1,0,0
43,9,0,60.53563268015893,5,6,21,1,0,0
44,0,0,60.23536442146675,3,9,23,0,1,1
44,1,0,59.58727490251084,3,9,23,0,1,1
44,2,0,62.04238305227104,3,9,23,0,1,1
44,3,0,60.94278287602896,3,9,23,0,1,1
44,4,0,61.95330940568779,3,9,23,0,1,1
44,5,0,58.32904304156504,3,9,23,0,1,1
44,6,0,57.421113088323246,3,9,23,0,1,1
44,7,0,59.75501193098564,3,9,23,0,1,1
44,8,0,59.47962794120642,3,9,23,0,1,1
44,9,0,59.67269723118919,3,9,23,0,1,1
45,0,0,63.76650930681068,4,4,31,1,0,1
45,1,0,62.46105927661922,4,4,31,1,0,1
45,2,0,63.599904353796624,4,4,31,1,0,1
45,3,0,64.63955463462504,4,4,31,1,0,1
45,4,0,64.42165300688667,4,4,31,1,0,1
45,5,1,72.09021426503453,4,4,31,1,0,1
45,6,1,69.59385181938524,4,4,31,1,0,1
45,7,1,72.4447575792842,4,4,31,1,0,1
45,8,1,71.19781172134529,4,4,31,1,0,1
45,9,1,73.30329657830256,4,4,31,1,0,1
46,0,0,58.166446040000544,5,9,15,0,1,1
46,1,0,58.63348288486623,5,9,15,0,1,1
46,2,0,58.47887594312591,5,9,15,0,1,1
46,3,0,61.40321797774148,5,9,15,0,1,1
46,4,0,59.87172906804979,5,9,15,0,1,1
46,5,0,57.09603468452537,5,9,15,0,1,1
46,6,1,67.38799473091053,5,9,15,0,1,1
46,7,1,69.12301357687566,5,9,15,0,1,1
46,8,1,67.66723684341332,5,9,15,0,1,1
46,9,1,67.53064874401377,5,9,15,0,1,1
47,0,0,63.45313301270146,5,9,29,1,1,1
47,1,0,60.19012099568199,5,9,29,1,1,1
47,2,0,63.90027220245133,5,9,29,1,1,1
47,3,0,64.27536226208318,5,9,29,1,1,1
47,4,0,59.80710720479907,5,9,29,1,1,1
47,5,0,61.36058500923335,5,9,29,1,1,1
47,6,1,67.69283158318038,5,9,29,1,1,1
47,7,1,69.8250622046325,5,9,29,1,1,1
47,8,1,68.19907580667521,5,9,29,1,1,1
47,9,1,71.1061216807033,5,9,29,1,1,1
48,0,0,61.85270693579802,2,11,17,1,1,1
48,1,0,60.20378292627816,2,11,17,1,1,1
48,2,0,59.43856415228173,2,11,17,1,1,1
48,3,0,62.86541417441895,2,11,17,1,1,1
48,4,0,61.84274432188713,2,11,17,1,1,1
48,5,0,60.86576468180909,2,11,17,1,1,1
48,6,0,60.36507985003838,2,11,17,1,1,1
48,7,0,63.86706922568669,2,11,17,1,1,1
48,8,0,61.63959733064843,2,11,17,1,1,1
48,9,0,63.64580095833039,2,11,17,1,1,1
49,0,0,62.177435264394894,4,7,24,0,1,1
49,1,0,61.98535693528551,4,7,24,0,1,1
49,2,0,63.17203558040272,4,7,24,0,1,1
49,3,0,63.54390385376863,4,7,24,0,1,1
49,4,0,63.65508132892092,4,7,24,0,1,1
49,5,1,71.66222971055473,4,7,24,0,1,1
49,6,1,68.01418729720638,4,7,24,0,1,1
49,7,1,72.14581730007357,4,7,24,0,1,1
49,8,1,70.48705406177889,4,7,24,0,1,1
49,9,1,70.90862197637551,4,7,24,0,1,1
50,0,0,65.44238276194393,4,5,24,1,1,1
50,1,1,70.34823979792455,4,5,24,1,1,1
50,2,1,72.00959787024847,4,5,24,1,1,1
50,3,1,73.25617681076442,4,5,24,1,1,1
50,4,1,72.99696073840154,4,5,24,1,1,1
50,5,1,70.99724345147858,4,5,24,1,1,1
50,6,1,68.43027833958939,4,5,24,1,1,1
50,7,1,73.48852869384565,4,5,24,1,1,1
50,8,1,71.06259856509647,4,5,24,1,1,1
50,9,1,72.52064111824026,4,5,24,1,1,1
51,0,0,64.3107787068803,4,9,33,0,0,0
51,1,0,65.25257389822423,4,9,33,0,0,0
51,2,0,64.75298551012125,4,9,33,0,0,0
51,3,0,67.72057988685575,4,9,33,0,0,0
51,4,0,65.3924573992571,4,9,33,0,0,0
51,5,0,63.96869982803943,4,9,33,0,0,0
51,6,0,64.04059897248322,4,9,33,0,0,0
51,7,0,66.61321180360277,4,9,33,0,0,0
51,8,0,65.65822608281174,4,9,33,0,0,0
51,9,0,64.91407550456184,4,9,33,0,0,0
52,0,0,64.91634520731496,0,11,31,1,1,0
52,1,0,64.6390435668921,0,11,31,1,1,0
52,2,0,64.46344324933483,0,11,31,1,1,0
52,3,0,67.78242378228187,0,11,31,1,1,0
52,4,0,64.18778959183408,0,11,31,1,1,0
52,5,0,64.20052712349847,0,11,31,1,1,0
52,6,0,62.5282526611502,0,11,31,1,1,0
52,7,0,64.28297003146106,0,11,31,1,1,0
52,8,0,64.06243887776948,0,11,31,1,1,0
52,9,0,65.29951702481897,0,11,31,1,1,0
53,0,0,63.29442182680971,1,15,27,0,1,0
53,1,0,62.19782139561311,1,15,27,0,1,0
53,2,1,72.4149867976836,1,15,27,0,1,0
53,3,1,73.57833400326955,1,15,27,0,1,0
53,4,1,73.46337019075511,1,15,27,0,1,0
53,5,1,71.2690666157645,1,15,27,0,1,0
53,6,1,69.28122992203164,1,15,27,0,1,0
53,7,1,71.10468040699611,1,15,27,0,1,0
53,8,1,70.35578168333481,1,15,27,0,1,0
53,9,1,71.26801791791111,1,15,27,0,1,0
54,0,0,61.67319153908832,6,8,19,1,0,0
54,1,0,57.34392707123588,6,8,19,1,0,0
54,2,0,60.57670862076777,6,8,19,1,0,0
54,3,0,62.67587975220215,6,8,19,1,0,0
54,4,0,62.04797249266449,6,8,19,1,0,0
54,5,0,59.04991791433583,6,8,19,1,0,0
54,6,0,58.71160701723678,6,8,19,1,0,0
54,7,0,60.96102121070872,6,8,19,1,0,0
54,8,0,60.99962525969937,6,8,19,1,0,0
54,9,0,61.11233328681004,6,8,19,1,0,0
55,0,0,59.93390214242167,4,9,20,1,0,1
55,1,0,58.302787687250685,4,9,20,1,0,1
55,2,0,63.28662028008471,4,9,20,1,0,1
55,3,0,62.19376170732156,4,9,20,1,0,1
55,4,0,62.95761069613695,4,9,20,1,0,1
55,5,0,61.66709630188249,4,9,20,1,0,1
55,6,0,60.62755804206916,4,9,20,1,0,1
55,7,0,61.40996250368416,4,9,20,1,0,1
55,8,0,60.50209163972466,4,9,20,1,0,1
55,9,0,61.83487802573178,4,9,20,1,0,1
56,0,0,60.74367672010752,2,11,23,0,0,0
56,1,0,62.44041338915397,2,11,23,0,0,0
56,2,0,63.87490651927171,2,11,23,0,0,0
56,3,0,64.19936024908304,2,11,23,0,0,0
56,4,0,65.66217733700431,2,11,23,0,0,0
56,5,1,70.64814565115034,2,11,23,0,0,0
56,6,1,69.35551929033981,2,11,23,0,0,0
56,7,1,72.37536857583582,2,11,23,0,0,0
56,8,1,69.20546483064726,2,11,23,0,0,0
56,9,1,72.39464663507897,2,11,23,0,0,0
57,0,0,63.53518106118287,6,10,23,1,0,0
57,1,0,61.80983823609907,6,10,23,1,0,0
57,2,0,62.85916476223245,6,10,23,1,0,0
57,3,0,63.402160984232566,6,10,23,1,0,0
57,4,0,64.20661058224887,6,10,23,1,0,0
57,5,0,61.12210698789016,6,10,23,1,0,0
57,6,0,61.64146064925255,6,10,23,1,0,0
57,7,1,72.16280733696306,6,10,23,1,0,0
57,8,1,69.46103721942882,6,10,23,1,0,0
57,9,1,71.26584620290379,6,10,23,1,0,0
58,0,0,62.52022636942896,3,10,22,1,0,1
58,1,0,62.405558172066485,3,10,22,1,0,1
58,2,0,63.46892552514905,3,10,22,1,0,1
58,3,0,65.08854258829668,3,10,22,1,0,1
58,4,0,63.21928283622548,3,10,22,1,0,1
58,5,0,60.717804655051744,3,10,22,1,0,1
58,6,0,62.43295926266399,3,10,22,1,0,1
58,7,0,64.19672520320978,3,10,22,1,0,1
58,8,0,63.8471451268141,3,10,22,1,0,1
58,9,0,63.4718899222412,3,10,22,1,0,1
59,0,0,60.71378462020503,2,10,25,1,1,1
59,1,0,62.56017971313276,2,10,25,1,1,1
59,2,0,62.17028075850187,2,10,25,1,1,1
59,3,0,64.54099531767488,2,10,25,1,1,1
59,4,0,63.4787870344253,2,10,25,1,1,1
59,5,0,60.67751679120935,2,10,25,1,1,1
59,6,0,59.35453693671512,2,10,25,1,1,1
59,7,0,62.423034405996816,2,10,25,1,1,1
59,8,0,62.02248125143008,2,10,25,1,1,1
59,9,0,65.60888199957638,2,10,25,1,1,1
60,0,0,61.56374121457425,4,9,14,1,0,0
60,1,0,62.16480246100024,4,9,14,1,0,0
60,2,0,61.56399331865219,4,9,14,1,0,0
60,3,0,63.35972078490941,4,9,14,1,0,0
60,4,0,62.43430108322151,4,9,14,1,0,0
60,5,0,60.617402977422,4,9,14,1,0,0
60,6,0,60.704741731591305,4,9,14,1,0,0
60,7,0,62.46692066593941,4,9,14,1,0,0
60,8,0,60.47280443679549,4,9,14,1,0,0
60,9,0,60.46802580251767,4,9,14,1,0,0
61,0,0,61.865352767683326,1,10,22,0,0,1
61,1,0,59.63700111450812,1,10,22,0,0,1
61,2,0,60.73598351500124,1,10,22,0,0,1
61,3,0,63.42845249956286,1,10,22,0,0,1
61,4,0,60.90702723483017,1,10,22,0,0,1
61,5,0,59.53080217609299,1,10,22,0,0,1
61,6,0,57.9269062478589,1,10,22,0,0,1
61,7,0,61.91041978266511,1,10,22,0,0,1
61,8,0,62.095682304864575,1,10,22,0,0,1
61,9,0,59.427254676206566,1,10,22,0,0,1
62,0,0,61.48245947624,3,6,24,0,1,0
62,1,0,62.67008591281124,3,6,24,0,1,0
62,2,0,63.6930567171608,3,6,24,0,1,0
62,3,0,65.5803345782648,3,6,24,0,1,0
62,4,0,65.4308823333102,3,6,24,0,1,0
62,5,0,63.014031618551634,3,6,24,0,1,0
62,6,0,61.54040604993784,3,6,24,0,1,0
62,7,0,63.63644892754793,3,6,24,0,1,0
62,8,0,63.919408082086846,3,6,24,0,1,0
62,9,1,73.26958087714236,3,6,24,0,1,0
63,0,0,60.91790397119715,4,8,26,0,0,1
63,1,0,62.64516473465092,4,8,26,0,0,1
63,2,0,64.39736172016762,4,8,26,0,0,1
63,3,0,65.01251999882385,4,8,26,0,0,1
63,4,0,61.73482805620407,4,8,26,0,0,1
63,5,1,68.44155817670351,4,8,26,0,0,1
63,6,1,70.16212667974469,4,8,26,0,0,1
63,7,1,70.0717628707949,4,8,26,0,0,1
63,8,1,69.5327553008729,4,8,26,0,0,1
63,9,1,70.23741596434868,4,8,26,0,0,1
64,0,0,64.39087542362411,1,3,21,1,1,1
64,1,0,61.89082854337784,1,3,21,1,1,1
64,2,0,60.611074317151406,1,3,21,1,1,1
64,3,0,62.758836927680726,1,3,21,1,1,1
64,4,1,71.37562746266681,1,3,21,1,1,1
64,5,1,71.54754547403206,1,3,21,1,1,1
64,6,1,70.2762997195014,1,3,21,1,1,1
64,7,1,69.87058692607323,1,3,21,1,1,1
64,8,1,71.15845112936925,1,3,21,1,1,1
64,9,1,68.87493724777796,1,3,21,1,1,1
65,0,0,62.70814920956327,3,9,24,1,1,1
65,1,0,64.18714470093217,3,9,24,1,1,1
65,2,0,64.72775492121595,3,9,24,1,1,1
65,3,0,65.93530702166089,3,9,24,1,1,1
65,4,0,66.13485410717152,3,9,24,1,1,1
65,5,0,63.44394750560067,3,9,24,1,1,1
65,6,0,61.69329990113541,3,9,24,1,1,1
65,7,0,63.16818336078237,3,9,24,1,1,1
65,8,0,63.31758337396069,3,9,24,1,1,1
65,9,0,64.85176842451729,3,9,24,1,1,1
66,0,0,62.63374019651909,0,11,22,0,0,0
66,1,0,59.89397979926553,0,11,22,0,0,0
66,2,0,61.97791185447127,0,11,22,0,0,0
66,3,0,64.53796858263684,0,11,22,0,0,0
66,4,0,62.39617934839738,0,11,22,0,0,0
66,5,0,61.57452771571317,0,11,22,0,0,0
66,6,0,58.783090756861846,0,11,22,0,0,0
66,7,0,61.454868799537685,0,11,22,0,0,0
66,8,0,61.13403720720247,0,11,22,0,0,0
66,9,1,69.91107192267306,0,11,22,0,0,0
67,0,0,60.704364946224885,5,6,23,1,1,1
67,1,0,59.97744192338905,5,6,23,1,1,1
67,2,0,61.44879927396322,5,6,23,1,1,1
67,3,0,63.09536377509204,5,6,23,1,1,1
67,4,0,60.12347845145985,5,6,23,1,1,1
67,5,0,58.21515838849911,5,6,23,1,1,1
67,6,0,59.05717687213676,5,6,23,1,1,1
67,7,0,63.14631869211709,5,6,23,1,1,1
67,8,0,59.87000209530661,5,6,23,1,1,1
67,9,0,60.72744863505493,5,6,23,1,1,1
68,0,0,60.04687866390739,3,3,27,0,1,1
68,1,0,61.57967224543568,3,3,27,0,1,1
68,2,0,63.07096433705426,3,3,27,0,1,1
68,3,0,64.9105647712148,3,3,27,0,1,1
68,4,0,62.932179642186966,3,3,27,0,1,1
68,5,0,63.491336328961765,3,3,27,0,1,1
68,6,0,61.14396926795104,3,3,27,0,1,1
68,7,0,63.48398996460856,3,3,27,0,1,1
68,8,0,62.11713178917044,3,3,27,0,1,1
68,9,1,72.28142988274439,3,3,27,0,1,1
69,0,0,61.229950958898094,5,6,24,1,0,1
69,1,0,62.216200719712496,5,6,24,1,0,1
69,2,0,64.58933530636637,5,6,24,1,0,1
69,3,0,65.39730108175647,5,6,24,1,0,1
69,4,0,63.46937141659417,5,6,24,1,0,1
69,5,0,64.37754106689616,5,6,24,1,0,1
69,6,0,61.30938918764873,5,6,24,1,0,1
69,7,1,70.62952324914794,5,6,24,1,0,1
69,8,1,69.50539800991967,5,6,24,1,0,1
69,9,1,71.3458970149044,5,6,24,1,0,1
70,0,0,64.21791077429458,2,6,24,0,1,1
70,1,0,64.30869871495578,2,6,24,0,1,1
70,2,0,64.33018085040865,2,6,24,0,1,1
70,3,0,65.9325286166141,2,6,24,0,1,1
70,4,0,62.776580027700064,2,6,24,0,1,1
70,5,0,62.99358441487728,2,6,24,0,1,1
70,6,0,63.58741568705114,2,6,24,0,1,1
70,7,0,63.34088554461085,2,6,24,0,1,1
70,8,0,62.63993170185004,2,6,24,0,1,1
70,9,1,71.77001369415204,2,6,24,0,1,1
71,0,0,63.64371817846408,2,11,17,1,0,1
71,1,0,60.267671325050536,2,11,17,1,0,1
71,2,0,62.60641596953532,2,11,17,1,0,1
71,3,0,63.26055667014036,2,11,17,1,0,1
71,4,0,63.976267144449615,2,11,17,1,0,1
71,5,0,61.43274097391463,2,11,17,1,0,1
71,6,0,61.6929235358455,2,11,17,1,0,1
71,7,0,62.76342214730104,2,11,17,1,0,1
71,8,0,61.03728688968469,2,11,17,1,0,1
71,9,0,60.8233694482449,2,11,17,1,0,1
72,0,0,62.84417818448598,0,10,26,0,1,0
72,1,0,63.597823478271664,0,10,26,0,1,0
72,2,0,65.302159933492,0,10,26,0,1,0
72,3,0,65.47225475444748,0,10,26,0,1,0
72,4,0,65.2915461338259,0,10,26,0,1,0
72,5,1,71.42814988658156,0,10,26,0,1,0
72,6,1,69.73366908922122,0,10,26,0,1,0
72,7,1,72.41041446834443,0,10,26,0,1,0
72,8,1,72.11688910910203,0,10,26,0,1,0
72,9,1,71.6419429482388,0,10,26,0,1,0
73,0,0,62.74671287527854,3,7,20,0,1,1
73,1,0,63.06777286947886,3,7,20,0,1,1
73,2,0,64.06482347144731,3,7,20,0,1,1
73,3,0,65.96645595969814,3,7,20,0,1,1
73,4,0,62.49804176849993,3,7,20,0,1,1
73,5,0,62.64906566419143,3,7,20,0,1,1
73,6,0,60.7034694529772,3,7,20,0,1,1
73,7,0,62.003681369159416,3,7,20,0,1,1
73,8,0,63.49269896687117,3,7,20,0,1,1
73,9,0,64.18211913998044,3,7,20,0,1,1
74,0,0,60.87114596927181,4,10,28,1,1,1
74,1,0,62.50786777532447,4,10,28,1,1,1
74,2,0,63.67564507098999,4,10,28,1,1,1
74,3,0,64.82499773780047,4,10,28,1,1,1
74,4,0,63.54218154243994,4,10,28,1,1,1
74,5,0,63.2951878233705,4,10,28,1,1,1
74,6,1,68.67889856841984,4,10,28,1,1,1
74,7,1,70.88485274271139,4,10,28,1,1,1
74,8,1,68.38923555363559,4,10,28,1,1,1
74,9,1,71.31495907066176,4,10,28,1,1,1
75,0,0,64.51845711036763,1,9,32,0,0,0
75,1,0,62.604763071685056,1,9,32,0,0,0
75,2,0,65.59626713678738,1,9,32,0,0,0
75,3,0,66.04145920226645,1,9,32,0,0,0
75,4,0,67.24748425988503,1,9,32,0,0,0
75,5,0,66.63738195656177,1,9,32,0,0,0
75,6,0,62.10251793109325,1,9,32,0,0,0
75,7,0,66.76502108478535,1,9,32,0,0,0
75,8,0,63.47188215463713,1,9,32,0,0,0
75,9,0,64.95457711482692,1,9,32,0,0,0
76,0,0,59.204873891572205,3,8,18,0,0,1
76,1,0,58.84851139061483,3,8,18,0,0,1
76,2,0,60.19450251747288,3,8,18,0,0,1
76,3,0,63.03454368159398,3,8,18,0,0,1
76,4,0,60.15488117191802,3,8,18,0,0,1
76,5,0,58.63282285873952,3,8,18,0,0,1
76,6,1,66.92610768701543,3,8,18,0,0,1
76,7,1,69.6333936971674,3,8,18,0,0,1
76,8,1,67.73215462559548,3,8,18,0,0,1
76,9,1,68.9942376778047,3,8,18,0,0,1
77,0,0,63.38820388831255,1,8,30,0,0,1
77,1,0,60.98718147788392,1,8,30,0,0,1
77,2,0,65.16716485624559,1,8,30,0,0,1
77,3,0,65.57093164083477,1,8,30,0,0,1
77,4,0,63.76642302993789,1,8,30,0,0,1
77,5,1,71.86134025080166,1,8,30,0,0,1
77,6,1,69.67327220945197,1,8,30,0,0,1
77,7,1,71.68562345295615,1,8,30,0,0,1
77,8,1,69.52518070656956,1,8,30,0,0,1
77,9,1,72.21960577932141,1,8,30,0,0,1
78,0,0,62.56417967463227,4,10,24,1,1,1
78,1,0,63.56887597142073,4,10,24,1,1,1
78,2,0,64.04394749050904,4,10,24,1,1,1
78,3,0,66.25954263644394,4,10,24,1,1,1
78,4,1,73.81187765937423,4,10,24,1,1,1
78,5,1,70.05676940911655,4,10,24,1,1,1
78,6,1,70.6168699826815,4,10,24,1,1,1
78,7,1,73.03526414749838,4,10,24,1,1,1
78,8,1,72.60051745782584,4,10,24,1,1,1
78,9,1,71.48754645892173,4,10,24,1,1,1
79,0,0,61.14882250802217,7,13,20,1,1,1
79,1,0,60.758062421355234,7,13,20,1,1,1
79,2,0,60.76281215355492,7,13,20,1,1,1
79,3,0,63.8189937653598,7,13,20,1,1,1
79,4,0,63.832472511071714,7,13,20,1,1,1
79,5,0,62.96012771220954,7,13,20,1,1,1
79,6,0,61.89813496387802,7,13,20,1,1,1
79,7,1,71.66594938908749,7,13,20,1,1,1
79,8,1,68.43615839793583,7,13,20,1,1,1
79,9,1,70.55844091201564,7,13,20,1,1,1
80,0,0,62.62174652919087,3,8,23,0,1,1
80,1,0,63.37809302030937,3,8,23,0,1,1
80,2,0,61.93907653891826,3,8,23,0,1,1
80,3,0,65.61836809914539,3,8,23,0,1,1
80,4,0,62.919640463440174,3,8,23,0,1,1
80,5,0,63.0101225747464,3,8,23,0,1,1
80,6,0,60.290860504481664,3,8,23,0,1,1
80,7,0,64.12443555641327,3,8,23,0,1,1
80,8,0,61.81608368116539,3,8,23,0,1,1
80,9,0,61.66699397477561,3,8,23,0,1,1
81,0,0,62.69774460602817,2,10,26,0,1,1
81,1,0,61.06304723434516,2,10,26,0,1,1
81,2,0,63.02393484683552,2,10,26,0,1,1
81,3,0,63.49139162937494,2,10,26,0,1,1
81,4,0,62.99363023390472,2,10,26,0,1,1
81,5,0,60.64576796400048,2,10,26,0,1,1
81,6,1,68.32072989160031,2,10,26,0,1,1
81,7,1,72.15297209604549,2,10,26,0,1,1
81,8,1,70.29968406739191,2,10,26,0,1,1
81,9,1,71.89728854267959,2,10,26,0,1,1
82,0,0,62.89634751017172,3,7,26,1,1,0
82,1,0,61.38516039737772,3,7,26,1,1,0
82,2,1,72.22623372939707,3,7,26,1,1,0
82,3,1,74.77513379852593,3,7,26,1,1,0
82,4,1,72.7393824303202,3,7,26,1,1,0
82,5,1,71.1689972869452,3,7,26,1,1,0
82,6,1,71.66306403995524,3,7,26,1,1,0
82,7,1,73.46626583732488,3,7,26,1,1,0
82,8,1,69.75724393727717,3,7,26,1,1,0
82,9,1,72.29017300813234,3,7,26,1,1,0
83,0,0,62.389198868972365,6,8,23,1,1,0
83,1,0,62.438500632394586,6,8,23,1,1,0
83,2,0,62.31917561143364,6,8,23,1,1,0
83,3,0,63.20065792820928,6,8,23,1,1,0
83,4,0,64.30433506156169,6,8,23,1,1,0
83,5,0,63.10324801341656,6,8,23,1,1,0
83,6,1,69.42012840662592,6,8,23,1,1,0
83,7,1,69.7974572691594,6,8,23,1,1,0
83,8,1,69.54312703583322,6,8,23,1,1,0
83,9,1,72.58312274748342,6,8,23,1,1,0
84,0,0,60.149412026813074,8,9,23,1,1,0
84,1,0,59.71351984631092,8,9,23,1,1,0
84,2,0,62.03038078876069,8,9,23,1,1,0
84,3,1,72.83771949650048,8,9,23,1,1,0
84,4,1,70.97990538037004,8,9,23,1,1,0
84,5,1,69.09272111675732,8,9,23,1,1,0
84,6,1,66.9906981288189,8,9,23,1,1,0
84,7,1,69.18097096178019,8,9,23,1,1,0
84,8,1,70.80643019545225,8,9,23,1,1,0
84,9,1,68.3599546267201,8,9,23,1,1,0
85,0,0,62.56323307608953,3,7,19,1,1,1
85,1,0,60.260645639633125,3,7,19,1,1,1
85,2,0,62.66312920235108,3,7,19,1,1,1
85,3,0,63.64713604836664,3,7,19,1,1,1
85,4,0,62.130860777289314,3,7,19,1,1,1
85,5,0,62.06474538602264,3,7,19,1,1,1
85,6,0,60.65933058496752,3,7,19,1,1,1
85,7,0,64.02902478058003,3,7,19,1,1,1
85,8,0,61.87457898427883,3,7,19,1,1,1
85,9,0,61.31623231088969,3,7,19,1,1,1
86,0,0,62.68010694893916,6,6,21,0,0,1
86,1,0,62.779178992550285,6,6,21,0,0,1
86,2,0,63.06073620893036,6,6,21,0,0,1
86,3,0,63.02567478452313,6,6,21,0,0,1
86,4,0,63.0005883881879,6,6,21,0,0,1
86,5,0,62.34000666008823,6,6,21,0,0,1
86,6,0,60.95171197901981,6,6,21,0,0,1
86,7,0,63.46602291474298,6,6,21,0,0,1
86,8,0,61.620622795832894,6,6,21,0,0,1
86,9,1,71.34821127897185,6,6,21,0,0,1
87,0,0,63.81256232967775,4,6,30,0,1,0
87,1,1,74.17338191996375,4,6,30,0,1,0
87,2,1,72.70862509433766,4,6,30,0,1,0
87,3,1,72.1490597978923,4,6,30,0,1,0
87,4,1,73.67925099383135,4,6,30,0,1,0
87,5,1,70.44810821544988,4,6,30,0,1,0
87,6,1,69.95313848926305,4,6,30,0,1,0
87,7,1,71.96800991392779,4,6,30,0,1,0
87,8,1,71.17058176858245,4,6,30,0,1,0
87,9,1,71.36611235998923,4,6,30,0,1,0
88,0,0,59.882808084075606,5,11,18,0,0,1
88,1,0,58.90814662175796,5,11,18,0,0,1
88,2,0,59.97821359392263,5,11,18,0,0,1
88,3,0,62.265184004247885,5,11,18,0,0,1
88,4,0,62.31620840259727,5,11,18,0,0,1
88,5,0,60.64172066337135,5,11,18,0,0,1
88,6,0,59.45720680189898,5,11,18,0,0,1
88,7,0,60.12193906768252,5,11,18,0,0,1
88,8,0,60.63811889436032,5,11,18,0,0,1
88,9,1,69.6453052137948,5,11,18,0,0,1
89,0,0,61.43024891145076,4,9,21,1,1,0
89,1,0,61.5645955471797,4,9,21,1,1,0
89,2,0,62.03681004176355,4,9,21,1,1,0
89,3,0,62.6229636417697,4,9,21,1,1,0
89,4,0,61.79778974355068,4,9,21,1,1,0
89,5,0,60.24212529280448,4,9,21,1,1,0
89,6,0,58.524710306086746,4,9,21,1,1,0
89,7,0,62.144575236342455,4,9,21,1,1,0
89,8,0,59.64042122236124,4,9,21,1,1,0
89,9,0,61.63595895087106,4,9,21,1,1,0
90,0,0,61.208746262497534,4,8,23,0,1,0
90,1,0,59.095592613279045,4,8,23,0,1,0
90,2,0,62.594567024512784,4,8,23,0,1,0
90,3,0,63.74783269768675,4,8,23,0,1,0
90,4,0,61.70687614882981,4,8,23,0,1,0
90,5,0,59.963171539909744,4,8,23,0,1,0
90,6,0,58.374949811315616,4,8,23,0,1,0
90,7,0,60.550305816855605,4,8,23,0,1,0
90,8,0,60.37389323554322,4,8,23,0,1,0
90,9,0,61.47994098645466,4,8,23,0,1,0
91,0,0,62.92019068695546,4,12,28,1,0,1
91,1,0,61.52632240163255,4,12,28,1,0,1
91,2,0,62.6466871933796,4,12,28,1,0,1
91,3,0,65.14932535428987,4,12,28,1,0,1
91,4,0,63.030165516698005,4,12,28,1,0,1
91,5,0,61.21171426747085,4,12,28,1,0,1
91,6,0,60.9109709348407,4,12,28,1,0,1
91,7,0,62.09352427948024,4,12,28,1,0,1
91,8,0,63.5113032176378,4,12,28,1,0,1
91,9,0,63.63605188546744,4,12,28,1,0,1
92,0,0,59.731644232216176,4,9,23,0,1,0
92,1,0,59.223783130022426,4,9,23,0,1,0
92,2,0,60.98342760364026,4,9,23,0,1,0
92,3,1,70.21156307002516,4,9,23,0,1,0
92,4,1,72.10869162863482,4,9,23,0,1,0
92,5,1,68.31906114231224,4,9,23,0,1,0
92,6,1,66.92729076789038,4,9,23,0,1,0
92,7,1,70.00924636280868,4,9,23,0,1,0
92,8,1,68.55665428659614,4,9,23,0,1,0
92,9,1,69.83253350787416,4,9,23,0,1,0
93,0,0,60.81553366551816,4,12,26,0,1,0
93,1,0,60.94543557437531,4,12,26,0,1,0
93,2,0,62.40265045094261,4,12,26,0,1,0
93,3,0,65.16656526063048,4,12,26,0,1,0
93,4,0,62.96497482831817,4,12,26,0,1,0
93,5,0,61.07029071757131,4,12,26,0,1,0
93,6,0,58.03415624039384,4,12,26,0,1,0
93,7,0,64.08653451393947,4,12,26,0,1,0
93,8,0,63.074486199498665,4,12,26,0,1,0
93,9,0,63.16931774782567,4,12,26,0,1,0
94,0,0,64.6781603564247,4,6,23,0,1,1
94,1,0,60.52861376512135,4,6,23,0,1,1
94,2,0,65.5885797927293,4,6,23,0,1,1
94,3,0,65.70165068219944,4,6,23,0,1,1
94,4,0,63.58251903047722,4,6,23,0,1,1
94,5,0,62.44958162451171,4,6,23,0,1,1
94,6,0,62.74489186022086,4,6,23,0,1,1
94,7,0,65.05656860341757,4,6,23,0,1,1
94,8,1,71.63886386091605,4,6,23,0,1,1
94,9,1,72.32893724639705,4,6,23,0,1,1
95,0,0,61.1317361495744,3,7,22,1,1,1
95,1,1,67.53010027362576,3,7,22,1,1,1
95,2,1,68.41090405867233,3,7,22,1,1,1
95,3,1,71.95073018074116,3,7,22,1,1,1
95,4,1,70.85266112455355,3,7,22,1,1,1
95,5,1,67.33042137607752,3,7,22,1,1,1
95,6,1,67.23826016365581,3,7,22,1,1,1
95,7,1,69.743818817977,3,7,22,1,1,1
95,8,1,66.21643612157048,3,7,22,1,1,1
95,9,1,69.74214458708668,3,7,22,1,1,1
96,0,0,61.11381009071674,6,9,26,1,1,1
96,1,0,61.5624322460763,6,9,26,1,1,1
96,2,0,62.953468347536464,6,9,26,1,1,1
96,3,0,63.12866212680568,6,9,26,1,1,1
96,4,0,61.933697466092674,6,9,26,1,1,1
96,5,0,59.62200168568515,6,9,26,1,1,1
96,6,0,61.36563148297715,6,9,26,1,1,1
96,7,1,69.99567634391893,6,9,26,1,1,1
96,8,1,71.00189114887465,6,9,26,1,1,1
96,9,1,70.26269393445072,6,9,26,1,1,1
97,0,0,62.32453306001708,6,10,30,1,0,0
97,1,0,59.69544082606371,6,10,30,1,0,0
97,2,0,63.32567568718187,6,10,30,1,0,0
97,3,0,65.08519588002191,6,10,30,1,0,0
97,4,0,61.59732059316817,6,10,30,1,0,0
97,5,0,61.24920422574911,6,10,30,1,0,0
97,6,0,60.4670349589916,6,10,30,1,0,0
97,7,0,62.02295807607945,6,10,30,1,0,0
97,8,0,62.65052060875598,6,10,30,1,0,0
97,9,0,62.47296714120315,6,10,30,1,0,0
98,0,0,61.94812148391078,4,9,19,1,1,1
98,1,1,68.96189973889912,4,9,19,1,1,1
98,2,1,71.71911857120669,4,9,19,1,1,1
98,3,1,71.57692630274019,4,9,19,1,1,1
98,4,1,69.67399381860017,4,9,19,1,1,1
98,5,1,68.88567341283853,4,9,19,1,1,1
98,6,1,67.58327470482516,4,9,19,1,1,1
98,7,1,71.17286647653613,4,9,19,1,1,1
98,8,1,69.66870129104254,4,9,19,1,1,1
98,9,1,69.65856407320422,4,9,19,1,1,1
