X1,X2,X3,X4,X5,X6,Z,D,Y
12,24,12,9,1,0,7,2,65.59245496193846
12,28,13,9,0,1,7,-2,47.75227143686497
16,23,9,6,1,0,7,3,69.16650870972668
11,22,8,7,1,1,9,6,83.8952948981381
14,23,13,8,0,0,8,0,55.89294952729181
20,22,11,11,1,1,9,0,56.27543406763371
10,25,10,11,0,0,11,7,81.92639678771494
12,23,8,8,0,0,10,5,75.90957293861992
15,25,9,4,0,1,6,0,57.07515184405854
16,21,13,9,0,0,6,0,56.365024523246774
18,21,5,12,1,0,11,2,62.916610489082295
14,24,6,14,1,1,7,0,53.3748604436817
10,20,7,12,0,1,8,5,73.72204121604821
17,25,12,8,0,0,9,-4,40.88748130955312
10,25,12,11,0,0,5,0,56.40247041807204
16,25,13,13,1,1,4,-3,46.79213836767081
14,23,14,6,1,1,9,1,63.384714812457496
14,29,9,17,1,0,6,-1,57.850627552424555
15,25,11,5,1,0,9,0,57.22354318475991
17,27,7,11,0,0,6,-3,43.401840819392675
15,20,18,8,0,1,5,-2,49.58401862023486
15,24,13,10,0,0,8,0,59.217791615011336
16,26,10,8,1,0,8,-1,51.45526273538659
14,23,10,10,1,1,7,2,63.109095557049194
17,24,9,15,1,1,6,0,59.837260233811705
10,21,8,6,1,0,8,9,93.6617593812738
15,23,8,11,0,0,7,1,60.34645153757072
20,26,11,5,1,0,7,-4,42.82863051558451
11,26,13,11,0,0,9,2,65.52335467594187
14,26,14,7,0,0,5,-2,48.48102969578486
15,22,10,11,1,1,9,2,67.04787477379352
13,28,11,13,1,1,6,0,59.75115171046469
14,28,15,6,1,1,7,-5,38.06067001919272
16,28,15,5,1,0,7,-4,42.345300342133875
17,27,12,6,1,0,10,-2,51.608866868074315
11,25,11,5,1,1,10,1,59.07013288570083
16,21,10,11,1,1,7,3,69.72313628441621
13,24,10,9,1,1,9,2,63.61523835411609
12,28,12,11,1,0,8,-1,50.920430972285764
16,27,11,9,1,0,8,-3,40.62723390701678
14,27,13,11,0,1,11,-1,52.241498138502976
17,23,11,13,1,0,7,0,58.19321890249507
16,27,13,12,0,0,7,-4,39.483423275084455
14,27,11,12,0,1,8,-1,53.41173068340625
16,28,11,9,0,1,6,-5,36.922265381081836
16,27,9,3,0,1,13,0,53.52744805431825
16,23,14,8,1,1,7,-2,47.37673836071564
17,21,12,13,0,0,6,0,57.08128657992793
16,24,13,11,1,0,12,0,56.98483125568423
11,20,11,11,1,1,11,8,91.32128050038878
16,24,10,7,0,0,11,-1,50.25700913409706
14,24,12,14,1,0,9,0,57.81506236009038
14,24,14,9,0,0,9,0,55.832448756057154
17,22,7,15,0,1,9,3,69.90450415843148
10,23,6,8,1,0,6,5,72.96422733923706
15,21,17,12,0,0,5,-4,41.79861017884414
16,29,9,10,1,1,8,0,59.45568382346209
14,23,17,8,0,1,4,-2,51.327257749461175
14,23,11,11,1,1,6,2,65.4199182375245
13,23,8,10,0,1,5,-1,50.97232646131056
14,25,11,10,0,0,5,-3,42.935266184205794
14,28,9,12,0,1,6,-3,42.59056523523445
12,21,8,13,0,1,6,4,71.3825251605067
10,24,14,6,0,0,6,0,54.59721500165252
17,28,8,9,1,0,5,-2,48.54838754667728
13,24,14,9,0,0,5,-2,46.589759752162315
13,22,13,5,1,0,8,4,72.21604030540924
16,17,12,10,0,0,7,3,68.25322236079424
14,20,8,8,0,0,8,4,70.1055152910371
14,25,13,10,0,1,7,1,61.160273681805535
17,27,10,10,0,1,8,-2,51.20480667956639
10,24,11,7,0,1,5,3,67.16155534457191
14,26,14,10,1,1,6,-2,50.37988272338306
15,21,6,11,1,0,9,2,60.824813922774624
19,24,10,9,0,0,8,-3,45.311741235602774
13,22,10,9,1,0,12,6,80.04077578050875
15,23,11,12,1,1,6,0,58.29014569785756
16,26,9,11,0,0,9,2,68.87785558494504
16,26,13,10,0,1,9,-4,39.90473134295872
12,28,11,13,1,1,8,0,57.59326682241012
19,25,11,11,0,1,5,-1,56.06704099783946
16,25,12,7,0,0,7,-1,54.86166438211253
13,24,11,13,0,0,9,1,58.90367318514918
16,27,7,12,1,0,4,-5,35.20355968036948
18,25,10,10,0,0,12,0,60.06322609961566
15,23,7,8,0,0,9,3,68.17340063365486
17,28,10,11,0,0,14,0,55.8027457352989
15,21,13,9,0,0,8,3,70.15664818749856
15,23,11,11,0,1,5,-1,49.79974491340989
13,25,12,12,0,0,5,-2,48.594275706521174
15,16,12,11,1,1,10,8,90.30165852959117
13,23,12,11,0,0,7,0,54.95268985898247
14,28,11,9,1,0,9,-3,44.349996565063954
19,22,7,12,1,1,9,0,58.22500437638657
8,25,10,9,1,0,7,1,58.90720603861225
15,29,10,14,0,1,8,-3,44.36733346952591
13,22,12,7,0,1,8,0,56.47333027342759
12,24,12,8,1,0,7,1,58.872796524310836
11,23,11,12,1,0,6,5,79.4077569478607
11,26,13,10,0,0,4,0,56.5536241957791
13,26,16,11,1,0,8,-2,50.13370239015161
16,24,11,10,0,0,9,-2,46.39524438338017
12,25,8,8,1,1,6,2,63.15689301952367
10,29,15,4,0,1,12,0,57.92364666420333
15,25,11,14,0,1,9,-1,52.75990360099151
13,24,11,13,1,0,4,-2,50.13450508580057
15,22,13,14,1,0,7,0,56.48936122031631
17,25,8,12,0,0,5,-1,52.81240729191489
14,25,11,8,0,0,6,0,58.304178245625366
16,28,14,6,0,1,6,-4,43.00450541793101
14,23,13,7,1,0,5,0,55.3468303716353
12,18,10,16,0,0,7,6,76.0038326289624
16,29,10,10,0,1,6,-5,35.35372887150041
14,24,15,8,0,1,6,1,64.66998554489614
11,23,9,6,0,1,8,3,65.8248448251282
18,25,11,7,1,0,5,0,59.99527366101711
15,26,11,6,0,0,9,1,63.49296891631163
14,24,16,13,0,0,6,0,62.506045031866954
14,27,18,5,0,0,7,-3,49.536085000963055
16,28,4,14,0,0,10,-1,50.15808144180514
17,27,11,12,1,1,7,-1,55.69716732508437
19,24,9,6,1,0,6,-4,40.968674562419615
12,28,11,13,1,1,7,-2,47.84053831179276
14,28,8,12,1,0,8,0,56.740136312682
18,26,11,10,0,0,12,0,58.40291359794228
16,29,8,9,1,0,8,-1,54.11775075367962
17,21,10,12,0,0,9,1,59.64275512560705
16,26,11,14,0,0,10,-1,51.73924260439274
13,28,15,9,0,0,11,1,64.28015033401272
16,23,12,13,0,0,7,0,56.18701798873292
15,30,10,7,0,0,9,-3,45.38394215618225
15,27,8,15,1,0,8,0,58.514965667788154
18,25,12,14,1,1,7,-4,41.32211206854077
16,23,10,12,1,0,6,0,58.314621356244004
14,26,13,7,1,1,9,-2,47.88271837574833
19,24,11,13,1,0,5,-2,51.46098734102933
14,24,6,12,1,1,6,0,56.40110869321431
18,24,3,8,0,0,11,0,54.62544070701941
12,28,10,10,0,1,8,-1,51.05588864987928
15,22,12,9,0,1,9,0,55.27448971604694
12,25,10,11,1,0,6,3,71.84438652674885
15,23,4,8,0,1,10,4,68.20753374201892
12,29,15,8,0,1,8,-1,55.82986391454844
15,30,11,8,1,0,8,-4,40.88896243798248
16,26,13,12,0,0,8,-1,53.847177375603344
14,25,11,9,1,1,3,-3,44.71504880549981
18,27,13,6,0,1,6,-5,36.30285122385362
18,21,10,10,1,1,6,-1,52.58268447823271
12,28,12,11,1,0,7,-1,54.80211600941665
14,20,12,8,1,0,7,2,64.433167822561
13,25,11,10,0,0,8,0,57.952223121918806
17,25,12,8,0,1,6,-3,46.32731153240359
12,22,14,8,1,1,11,3,68.88569256093159
14,26,12,8,0,0,5,-2,48.61942276065392
15,23,13,9,0,0,10,0,54.23653120748403
16,25,10,12,0,0,6,-4,38.563986877981165
18,26,13,13,1,0,7,-4,44.54167647402924
19,24,13,11,0,0,7,-5,37.53060394990685
17,24,10,9,1,1,8,0,58.110662854723785
19,26,6,7,1,1,4,-5,35.1614787478802
13,24,11,11,0,0,10,3,68.12350235666877
15,26,13,12,0,1,6,-1,54.469743893881116
19,28,12,15,0,0,9,-5,40.34639288025798
17,27,14,7,1,0,7,-4,41.85531837043877
11,28,7,2,0,1,7,2,64.91501623710056
15,23,10,10,0,0,7,0,56.761538758380276
16,27,12,8,1,0,8,-1,51.34373028455037
13,28,13,6,1,0,6,-3,43.86226187667194
17,23,11,11,0,0,5,-1,52.183800753176556
13,26,13,16,1,0,11,0,57.01322459090764
14,26,12,11,1,0,6,-2,49.89275119671816
17,29,10,15,1,1,5,-5,38.70546707274332
15,24,6,12,1,0,7,1,62.8012445019393
15,25,12,4,1,0,8,0,58.254741392243474
13,27,7,8,0,1,7,0,56.339700453507696
13,24,9,12,0,0,9,1,58.68831307343432
13,27,17,7,0,0,10,0,62.39980407175814
19,25,15,11,0,0,11,-3,46.068331814123916
12,29,12,9,1,1,7,-1,55.50546098246552
16,23,10,7,0,1,10,1,58.24895636109691
14,24,11,11,1,0,3,-1,54.52642484158076
16,23,11,10,0,0,5,-3,45.10223292131134
15,27,9,6,0,0,8,-3,43.727351308184126
15,17,8,2,0,1,4,6,76.74869420251268
15,22,15,13,0,0,10,1,62.13484792014912
15,23,9,6,0,0,8,2,64.67893082540871
17,23,9,5,0,0,9,0,54.04061239497053
12,26,15,10,1,0,8,0,58.04853444381604
19,24,8,9,1,0,7,-3,41.62708290136772
18,23,8,11,0,1,7,0,55.074913581503914
17,25,9,9,1,1,10,-2,47.661002163992165
16,21,11,9,0,1,4,0,55.46798489050895
16,22,10,10,0,0,4,0,58.070471551018144
16,25,15,6,0,0,7,-2,49.78139674401462
13,25,7,15,0,1,6,2,65.29656235891352
13,25,8,15,0,0,10,0,51.23337447870265
16,24,9,6,0,1,7,0,54.67589749254882
16,26,13,9,0,1,7,-3,43.098597745943415
15,32,12,12,0,0,9,-7,29.267979608583197
17,25,10,5,1,0,8,-3,42.55305102407612
14,25,13,14,1,0,8,2,69.56961561254455
12,24,7,10,1,1,10,6,80.08419545692765
17,24,11,9,1,1,5,-4,38.44049488407013
13,23,11,9,1,1,10,4,72.52214669148877
16,24,13,12,0,0,3,-6,33.18997774903947
14,27,8,8,1,0,6,-2,49.799252162267734
12,23,12,12,1,1,4,0,56.17747433534567
16,30,9,6,1,1,8,-1,55.85414780054617
15,25,12,12,1,0,6,-2,48.37115899622489
11,25,6,10,0,0,7,6,80.88808858474498
11,22,10,10,0,1,10,6,79.29722917628128
17,23,9,9,1,0,9,2,66.73648199566982
13,25,15,13,1,0,7,-2,50.87931620227694
14,19,12,14,1,0,5,3,70.90854825677673
19,29,15,10,0,0,10,-3,48.82371720587022
13,24,11,6,0,1,12,3,67.53022477897913
15,24,14,7,0,1,8,0,56.76301743079579
13,24,10,-1,1,1,6,1,61.45061090515723
14,17,17,5,1,0,8,6,83.01499261912575
17,27,12,7,1,0,9,-3,45.510572784704465
11,23,13,12,0,0,5,4,75.06135338646175
17,24,10,9,1,1,8,-2,49.76935913942812
12,22,8,8,0,1,5,3,65.23106746781197
12,26,8,11,0,1,6,-1,50.76243564277451
12,24,12,4,0,1,7,2,67.42684246196943
16,25,14,10,1,0,6,0,62.8328108270351
13,24,11,12,1,1,7,0,54.188922136127516
17,29,17,11,0,0,5,-8,26.682885126883086
19,27,7,9,1,0,6,-4,38.68284103000126
9,22,12,10,1,0,7,6,82.61515730521792
12,24,6,6,1,1,9,4,71.78120417851893
15,23,8,4,1,0,8,3,66.19418380039565
13,26,11,4,0,1,9,0,57.269551438037425
10,24,12,13,1,1,7,2,63.48509338303908
13,21,9,12,1,1,5,0,54.24870639275385
14,22,8,7,0,0,10,4,71.13507720332503
18,26,10,8,0,0,7,-4,40.302125204911405
16,24,10,9,1,1,6,0,59.077926764121436
14,22,15,10,1,0,6,0,58.27064544446445
12,24,14,13,1,1,7,2,68.69152409418201
14,22,15,7,0,1,9,3,67.88635219058533
11,27,11,8,1,1,9,0,57.21736186482673
15,24,12,10,0,1,7,-1,53.23696726284375
15,24,13,8,1,0,7,-2,51.20527682136636
16,24,12,9,0,1,9,0,56.937241042937494
18,29,8,13,1,1,6,-6,32.58778004885193
14,24,12,9,1,1,8,0,58.348151835854544
11,30,13,11,0,0,8,-1,54.31267350478302
13,23,10,14,0,0,7,3,68.29039867702646
9,28,13,10,1,0,10,3,68.4856235035578
11,27,12,8,1,0,7,2,68.0165128430978
18,19,11,9,0,0,6,0,57.15735406701974
17,27,16,12,0,1,8,-4,42.54940986251662
13,22,11,12,0,0,5,0,52.75425139974307
12,20,12,5,1,1,4,4,74.67316768536786
12,25,14,11,0,1,6,0,57.17988756698673
14,24,12,11,1,1,6,-1,55.162272757452975
11,22,8,8,1,1,7,5,77.03069287009404
16,27,10,11,1,1,9,-2,46.57814648348681
9,23,9,14,0,0,3,3,70.38527809462732
14,29,14,10,1,0,9,0,61.49363019184119
19,24,9,10,1,1,7,-3,42.52215247290806
15,26,11,12,0,1,11,0,55.79082112876159
17,26,15,9,0,1,6,-5,38.26491114996801
17,24,12,11,1,1,6,0,59.20834634714753
15,26,13,4,1,0,6,-2,51.98945554366957
15,25,9,12,0,0,11,-1,48.065572034773695
13,22,13,4,0,0,6,-1,50.666280205235616
9,28,14,13,1,0,10,1,60.65573558524372
14,24,18,6,0,1,6,-2,49.46960785615298
17,28,14,4,0,1,10,-5,34.92442865809192
14,30,13,10,0,0,6,-7,27.1395269770264
12,25,10,12,0,1,10,2,63.754400725702006
16,25,12,11,1,1,11,0,57.665574809923456
18,23,9,9,1,0,10,1,60.49838397197039
14,27,16,9,0,0,9,-2,48.559946495854774
14,24,12,4,1,1,8,2,64.42271801034546
14,29,12,11,0,0,7,-7,26.822525508999686
13,25,10,8,0,0,8,0,54.56504408163887
12,25,13,12,0,1,8,3,69.93503514781592
12,22,8,14,1,0,7,5,77.46803643046616
19,26,11,10,1,0,7,-5,36.838520382689296
19,24,12,10,1,0,9,-4,38.63179565758942
12,23,8,9,1,0,6,8,92.35219754599427
18,23,13,7,0,0,9,0,57.83916769748061
18,27,14,13,0,1,11,-3,47.68584775756851
12,23,12,8,0,0,8,5,79.40731839798406
15,21,8,6,1,1,10,3,68.8630136983647
12,24,15,12,1,0,8,1,64.48987903771557
14,29,14,13,0,0,7,-4,39.162996833879845
16,23,9,6,0,1,10,1,58.88563536782574
17,24,14,8,1,0,8,-4,40.53649070542118
13,27,11,10,0,0,9,-1,51.06165522593588
14,25,14,8,0,0,10,0,56.940061229685845
14,23,12,6,0,1,6,0,56.3221249943456
11,22,11,8,1,0,7,6,82.09848169241234
16,26,9,7,0,0,9,-2,46.393663091735874
18,22,10,11,1,0,8,0,58.713700079050824
18,21,11,8,1,0,7,0,55.243658483840655
16,19,11,14,0,1,6,2,65.93369222988933
14,21,11,10,0,0,11,3,63.54438088180982
12,23,12,8,1,0,8,3,67.72297536722104
11,25,10,12,0,0,11,3,68.49784443528124
12,22,11,11,0,1,6,1,58.167825123915186
16,24,9,9,0,0,11,1,59.52642199114039
9,29,13,4,1,0,7,1,62.59655217204393
11,29,12,4,1,0,4,-1,54.54932343089496
17,24,15,7,1,0,6,-2,49.80826009851572
10,22,15,13,0,1,5,0,57.23120590503756
13,28,14,12,1,0,8,-2,47.47338871973334
14,30,9,9,1,1,7,0,60.65986376868365
19,25,13,12,0,0,6,-4,43.53307811906156
11,25,11,15,1,0,11,2,64.88864840000703
16,20,14,11,1,1,6,0,57.46180290717367
16,28,12,14,0,1,5,-5,38.94714178808521
16,22,13,11,1,0,6,0,57.86479687102439
13,30,17,10,1,1,4,-4,45.53887180920637
13,25,16,8,0,0,7,-1,55.66875798196939
13,22,9,10,0,0,6,4,74.99674782297922
8,20,10,8,1,1,7,8,87.67446033760672
15,24,10,11,0,1,5,-1,53.341475492297924
10,23,9,9,0,0,7,4,74.68232750689522
14,28,10,9,0,0,8,-3,44.65661953064855
17,23,12,9,1,0,8,0,56.28310589461802
12,27,12,5,0,1,9,0,56.8420400129336
12,23,10,7,0,0,4,0,55.73524817632571
12,24,14,12,1,0,6,0,53.56137504238622
14,24,12,13,1,0,4,-2,49.43560389714102
13,25,10,9,1,1,4,-1,52.87267159338852
15,22,10,10,1,1,10,4,71.5190675943301
9,25,10,16,0,1,6,2,64.83664710805932
13,26,10,9,0,1,9,0,56.86047052036112
13,25,10,13,1,0,9,4,73.06293684855359
16,27,11,13,0,1,6,-3,48.10451366613684
15,21,7,14,0,0,7,3,66.50812826749949
14,26,15,10,1,0,2,-3,47.510970125839854
16,21,11,8,0,0,13,5,79.02004261217115
13,24,12,11,0,0,11,3,66.90235089806048
15,26,11,9,0,0,8,0,59.47512838875602
13,26,10,15,1,0,9,0,57.37979560137543
16,28,14,6,1,1,9,-3,45.38827094252474
17,34,11,14,1,0,7,-9,23.637398228431024
15,31,15,9,1,0,10,-5,37.95574862941941
16,31,10,9,1,0,7,-7,31.00143289294061
13,22,13,3,0,0,7,2,64.36847254021387
15,24,9,7,1,0,8,2,67.69726942454037
15,25,10,11,0,0,10,0,57.079089154268175
13,22,12,14,1,1,7,2,64.30313161692193
14,19,10,12,1,0,8,4,73.59473220525378
14,23,12,15,0,1,7,0,56.12947745959237
15,31,12,12,0,0,8,-5,38.88474808497056
16,24,10,8,1,0,8,-1,51.16019669329387
12,30,7,10,0,1,5,-4,37.20723374838962
17,26,11,9,1,0,13,1,59.840823191407594
14,28,12,10,0,0,9,-1,51.886779858605266
14,25,9,12,1,0,5,1,60.61492598143687
16,25,11,8,0,1,9,-2,46.837604422780466
15,25,14,10,1,1,10,-1,52.2282687877586
12,26,9,11,1,1,9,3,69.44975527635548
17,26,14,9,0,0,8,-5,35.41383160646536
10,26,13,9,0,0,9,1,57.00240894158034
18,23,13,7,1,0,9,0,58.90775902388485
15,29,8,5,1,1,7,-3,45.065084866136374
12,23,12,7,0,0,10,5,77.00906143255689
14,28,10,12,0,1,4,-3,46.374095955260586
10,25,14,7,1,0,10,3,70.6100635000119
14,24,11,10,1,0,8,-2,46.35911049440342
13,25,6,9,1,1,9,1,58.31192424968262
11,27,11,17,1,0,7,0,56.361326964329116
11,23,7,12,1,1,5,3,68.20731507705675
13,23,17,9,0,1,10,2,67.54909927266318
15,22,16,7,1,0,8,2,64.65971659393477
21,23,8,7,0,0,8,-2,49.808986982956704
11,22,10,7,1,0,9,6,79.17263137909708
11,26,15,12,0,1,9,0,59.8645739678403
17,29,12,10,0,1,9,-4,42.41123809279314
16,21,9,6,0,0,3,0,54.92410676010715
16,26,6,3,0,0,5,0,57.44275930051654
17,27,12,6,0,0,7,-5,36.402503181100904
17,24,14,10,1,1,10,0,58.302727515311105
17,22,5,6,1,0,13,5,75.20988534353499
16,25,11,7,1,0,9,1,62.305112417320366
11,24,10,6,0,0,8,3,65.55687377165744
12,27,13,11,1,0,12,2,66.15027451202185
13,20,12,8,1,1,8,5,78.39174944779367
17,25,11,6,1,1,10,1,64.3228413068698
12,28,13,6,1,0,6,0,58.99852634117445
18,20,16,8,1,0,10,0,58.28743724399751
14,23,8,6,1,0,9,6,83.89870940806927
14,22,10,10,0,0,2,0,59.2526446875441
13,25,13,5,1,0,11,1,63.47520948782582
11,23,8,9,0,0,8,3,66.84546971531591
15,23,14,9,1,0,6,-1,55.09878906364532
15,21,11,7,1,0,3,0,55.35553299641687
14,23,13,6,1,0,9,2,66.31678051355699
14,23,11,10,0,1,9,1,58.72473641240594
16,26,9,5,0,1,7,-1,50.01831710008673
13,25,7,9,1,1,4,3,69.01319428330322
10,24,11,9,0,0,9,3,66.76898496777503
15,24,8,7,0,1,6,0,54.8174037432001
12,26,15,12,1,1,7,0,58.64650129318648
15,21,11,12,1,0,9,3,67.51802737260161
12,22,11,6,0,0,5,5,79.45627428241069
12,28,14,6,1,0,8,-1,53.977733635571774
15,21,15,10,1,1,8,2,68.46756359192888
17,19,12,9,1,0,9,3,72.13538592850341
14,23,12,17,1,0,9,2,66.00050502543317
14,28,11,13,0,1,4,-5,37.16269751779691
16,18,8,9,0,1,4,3,68.79535862761935
13,20,15,8,1,1,12,9,93.48308569164666
17,25,14,9,0,0,9,-2,48.53065770518581
16,23,12,12,0,0,7,1,63.623805108025735
10,26,14,9,1,0,5,1,62.842057050329466
13,21,14,13,0,1,6,1,61.50406213591836
13,27,9,8,1,1,7,1,63.522927064802225
16,24,11,15,0,1,8,0,57.47067964493289
14,27,11,11,1,1,9,1,61.61570711015143
14,26,8,5,0,1,8,1,60.39852034660902
16,26,12,9,1,1,8,-2,47.357784874556444
17,22,13,3,1,0,7,1,65.0705891571508
13,20,16,3,0,0,6,1,60.69289168026274
13,20,11,9,1,0,5,6,83.4025199435366
14,25,14,9,0,1,5,0,58.004611383477695
15,19,12,11,1,0,7,5,78.26483239821965
16,22,14,9,1,0,7,1,60.61926638273475
18,29,12,9,1,1,8,-4,43.62492932457161
20,26,14,17,0,1,10,-1,56.155160662193346
16,19,16,5,0,1,6,-1,51.90787671377266
18,21,10,19,1,0,9,1,61.27395169381404
15,21,14,11,1,1,6,0,56.181896171690425
14,19,12,6,0,0,8,3,64.50702361444385
18,24,12,7,1,0,5,-2,51.07270343566779
14,26,9,6,1,1,8,0,55.13012062433956
15,30,11,8,1,0,5,-8,24.890744317369844
17,21,13,5,0,1,9,0,55.84684302355119
15,25,6,14,1,1,7,1,61.808140207713144
13,29,10,10,0,0,5,-2,50.29321517507495
17,19,11,11,0,0,10,4,72.71654356662121
14,26,12,5,1,1,10,3,72.53183133991757
16,17,15,9,0,0,7,0,57.77394278797629
12,25,12,6,1,0,6,1,61.5471146638658
13,25,8,12,1,0,8,3,71.222803919959
16,24,15,8,1,1,8,-1,56.6450649590116
18,27,16,13,0,0,9,-8,23.23634970136542
17,27,7,13,1,1,6,-2,48.474017547465465
18,25,11,7,0,0,9,-1,51.59736855911867
16,23,13,7,1,0,6,1,62.051034597811835
12,23,11,8,1,0,6,2,62.77777837985304
13,23,8,5,1,1,6,0,52.70589379371456
13,24,9,10,0,0,8,0,56.16968430136879
17,23,10,8,1,1,8,0,58.9718143073225
15,23,9,9,1,0,9,1,59.402967101116595
12,22,12,11,1,1,10,7,83.84396034147719
14,25,12,6,1,1,10,0,56.395264909185855
16,26,13,8,1,0,7,-4,42.370360832884
13,25,12,8,0,1,7,-1,51.280280183477444
16,19,11,9,0,1,6,3,69.1476800601212
11,24,12,1,0,1,6,1,61.968652731431185
13,29,13,7,1,1,8,0,59.81114107758047
19,25,10,6,0,0,4,-3,46.43019989171477
12,24,11,12,0,1,5,2,66.51848816876075
13,23,8,8,0,0,9,2,60.82607991435811
13,24,12,12,0,0,6,0,53.431059333534336
13,21,13,13,0,1,7,0,53.927151959277225
13,18,11,8,0,1,6,4,70.49837497458942
13,24,17,8,1,1,7,0,60.19203247011021
16,29,4,11,1,0,9,0,56.42931220577623
13,26,7,10,0,1,10,1,58.26440854885515
17,20,11,5,1,1,8,2,64.93351878296961
12,27,11,14,1,0,8,0,55.519345153736104
14,27,11,7,0,1,2,-2,49.12812895361971
15,21,12,6,1,0,6,0,55.92450747130062
15,21,12,11,1,1,6,1,62.403399472714796
14,22,14,10,1,1,6,1,62.75141021086512
17,18,13,11,1,0,11,4,71.53263423147607
11,21,12,10,0,1,6,6,79.3637501084458
19,27,14,3,0,0,14,-1,53.310085800113974
15,24,9,4,0,0,9,1,57.350313108078446
13,26,12,15,0,0,12,0,58.83932262192279
17,25,12,9,0,0,9,-2,49.994109143351785
14,24,16,11,1,1,7,0,62.03252282873574
15,25,8,14,0,1,6,0,55.21161053906439
16,25,13,6,0,1,5,-4,41.60376302247747
15,23,10,6,0,1,10,1,57.297057167855876
12,28,12,10,0,0,9,0,55.62501931540529
15,25,13,13,0,1,8,0,57.921365280430024
17,27,12,11,0,0,7,-6,33.88188774352391
9,22,9,8,0,1,11,8,85.95402733815465
14,24,10,15,0,1,7,0,58.43747695226704
14,25,12,8,1,0,5,-1,51.410710582823754
17,28,14,9,0,1,9,-4,41.98406910594647
13,25,13,10,1,1,7,3,71.804033673502
17,30,10,12,1,1,8,-4,43.59741042444395
15,28,12,6,1,0,8,-3,47.270569440675104
18,22,13,11,1,1,3,-2,48.487636852196914
15,24,10,15,0,1,4,-2,48.477332070095585
14,25,14,6,1,1,9,1,60.32859703902397
15,26,13,7,0,0,5,-3,46.815311184486134
17,25,15,8,0,0,8,-2,48.95311403876581
18,28,11,10,1,0,8,-3,47.213436476142114
19,30,11,10,0,1,7,-6,34.946786167955764
20,24,15,10,0,1,6,-4,42.58507001605412
17,25,15,9,1,1,9,-4,42.41537184323376
13,23,11,14,0,0,4,0,57.63145474675302
14,27,16,15,0,1,7,-4,43.26224051554938
19,21,13,15,0,0,10,1,64.09562687558119
14,24,13,6,1,0,9,1,61.61086950197938
11,26,11,12,0,1,11,3,67.60126738520411
15,30,12,10,1,1,6,-2,51.56408986058798
13,22,9,11,0,0,7,3,67.45332037773898
12,21,8,11,0,1,6,2,62.63845005104466
13,20,9,9,1,0,8,5,76.26254953187325
14,22,11,7,0,1,4,-1,52.406563314000586
14,22,10,9,0,0,8,3,70.85165532910676
14,29,14,10,0,1,7,-4,42.89504051698954
15,25,13,8,1,0,5,-2,49.13188861557338
19,25,11,14,0,0,8,0,59.633781503210045
16,24,14,10,0,1,7,0,56.80869326873622
14,25,14,13,0,0,11,0,58.330310065807616
17,21,12,6,0,1,7,0,55.66277890199501
11,24,7,13,0,1,10,7,86.70427267937073
12,21,9,10,0,1,5,7,84.24564592342398
16,27,12,3,1,1,7,0,58.466716450085464
11,23,10,7,1,1,8,4,72.90595136029293
18,21,6,7,1,1,8,0,53.26939643357421
14,27,14,4,0,0,9,-1,53.647161513559915
13,24,12,6,0,0,6,0,57.89363059334841
17,24,9,11,0,1,8,-1,53.196038814126304
17,26,9,9,0,0,7,-5,32.75413983472383
12,20,10,14,0,1,6,2,63.31838027132363
15,26,9,8,0,1,9,0,55.06640530857997
15,26,11,10,1,1,8,0,57.63439220449946
16,24,12,9,1,1,9,-1,53.73287980098219
17,22,10,9,0,1,11,0,56.56412808096704
13,23,10,8,0,0,10,2,63.75077731214351
18,22,8,7,0,0,10,3,71.15634952839295
16,28,13,14,1,1,8,-3,45.88121516250867
14,26,11,5,1,0,7,0,56.02743250577779
17,23,8,2,1,0,10,3,68.00964569332999
16,20,12,5,0,0,11,4,72.33535382665548
16,25,13,8,1,1,12,3,73.07169256302083
14,24,13,8,0,0,10,1,62.20253955526418
12,22,7,13,1,0,4,5,76.78583478802699
11,23,13,13,1,1,5,1,64.83308608817654
10,27,9,9,0,0,8,-1,50.53326901901277
13,28,11,9,0,1,6,-3,43.35119860505294
15,22,10,10,1,1,12,6,81.80926258375577
12,25,13,7,0,1,10,2,67.06794488804944
11,27,13,8,0,0,8,0,59.92776089367131
17,28,8,7,0,1,10,-1,53.08759221745625
10,30,15,11,0,1,9,-1,54.49025916338141
17,25,11,12,1,0,8,-1,56.59854415336943
19,25,11,14,1,1,8,-3,44.36442497366407
13,21,11,11,1,1,5,4,75.5558896464826
13,25,8,1,1,1,10,5,79.5160372765126
15,21,12,13,0,0,6,-1,51.594109969464505
12,22,11,7,0,1,5,2,62.462383910114234
9,22,12,15,1,1,6,4,74.35700576964352
14,27,12,8,0,0,12,0,53.97131474449151
16,24,9,9,0,1,2,-2,49.4951388524557
13,22,18,11,1,0,6,1,63.88489124450842
14,23,13,9,1,0,9,4,76.589325428821
15,27,13,8,0,0,7,-2,48.93325549209514
14,24,13,12,1,1,7,0,61.13062368524651
10,29,12,8,0,1,6,0,56.52628678763314
12,28,16,17,1,0,7,-2,53.34324905797396
13,29,16,11,1,1,7,-5,33.512779236224716
16,26,10,13,0,1,6,0,58.727361688837526
12,24,7,10,1,0,8,5,75.4050071449529
17,23,12,13,0,0,7,0,59.21418850332589
16,21,7,11,1,0,8,4,72.29909776026103
11,23,5,6,0,1,6,5,71.71686727085131
14,22,12,12,1,0,9,1,61.2105177097176
15,27,12,11,1,0,7,-2,49.97631225075879
14,23,13,11,1,0,7,1,62.91257055831748
13,26,10,6,1,1,5,3,71.85669308083081
19,25,12,10,0,1,8,-1,58.10018559233966
14,31,9,11,0,0,8,-4,39.543020262467884
18,27,12,6,0,0,9,-5,35.32803745273718
13,23,12,15,1,0,8,2,66.41558326318635
18,30,15,7,0,0,11,-4,41.828553122518855
12,27,12,12,0,0,6,-1,54.38905974149801
14,21,14,8,1,1,8,1,61.816212902748234
16,25,8,10,1,0,7,0,57.45605054293842
12,25,14,7,0,0,10,2,64.31106520157728
15,24,10,9,1,1,7,0,56.20100909966423
12,26,16,12,1,1,9,0,60.59056722827775
17,26,8,12,0,1,7,0,58.633666964237385
15,28,11,12,0,1,6,-7,28.943321883292235
18,25,11,10,1,0,8,-3,44.071034514184824
13,21,11,10,0,1,4,2,65.20229627719011
16,27,11,6,1,0,7,-3,46.964574851215794
15,21,10,7,0,0,6,1,59.714488531975384
12,27,18,4,1,1,9,-1,53.81675362048664
16,17,13,8,0,0,4,1,59.23485117415348
16,26,6,6,1,0,5,-1,52.267755993829304
15,29,18,8,1,0,5,-8,28.59055221772366
15,33,8,9,1,0,5,-4,40.2320726135766
12,26,10,10,0,1,11,4,73.94410327394631
17,26,9,11,0,1,6,-2,49.33955239234392
17,23,13,8,0,1,11,0,56.78904299399515
10,24,9,5,1,0,3,0,54.73931052867721
17,23,13,10,0,0,7,-2,48.83763537777983
16,20,11,10,0,0,7,1,59.59568153689362
11,23,11,4,0,1,9,5,76.60651176823241
15,20,14,12,0,1,7,3,72.13126917536914
17,28,9,9,0,0,5,-5,35.26994184983122
14,23,8,12,1,0,5,2,65.51055582646461
15,25,13,11,1,1,7,0,58.64855153862811
18,24,12,8,1,1,6,-2,48.69158401253076
18,20,7,9,1,0,5,0,58.078943426751714
12,25,11,8,1,0,7,0,56.71872384903924
19,23,13,8,0,1,9,0,56.337411133427324
13,25,10,10,1,1,8,2,65.2231517096608
15,27,11,10,0,0,6,-2,49.777077293839085
13,24,13,4,0,0,9,3,73.04747381756381
17,27,9,13,0,0,5,-5,33.00064614686165
16,26,9,11,0,0,7,-2,49.000860686197235
13,21,13,6,1,1,8,1,60.9284313662062
13,22,15,8,0,1,8,1,62.805833491953415
12,21,14,6,0,1,8,3,66.8950236393026
10,28,13,12,0,1,8,0,58.63488083520453
19,24,11,13,1,1,9,-4,39.27615191122307
11,26,9,10,1,0,6,0,54.34189353673659
18,25,11,14,0,0,7,-3,45.62751358128761
21,22,17,15,1,0,9,-5,38.42695198143985
14,27,11,12,1,0,9,-2,46.87551299329204
17,24,8,8,0,0,7,-1,52.94181566524698
14,23,14,14,0,1,8,1,59.76358497942681
15,22,12,8,1,0,8,0,54.104447447983496
15,26,9,5,0,0,4,-5,33.57919889342273
12,25,14,9,0,0,6,0,60.34945360630347
17,27,14,8,1,1,3,-8,27.859662762384424
16,27,10,6,1,1,9,-3,41.90791241379916
12,27,11,3,0,0,9,3,68.06248085540275
16,26,12,14,1,0,6,-3,46.76430364912998
15,25,9,10,1,0,7,0,55.01179903845422
17,26,12,10,0,0,9,-4,40.65649821626004
13,27,15,10,0,0,8,0,60.66279963001644
15,30,8,1,0,0,8,-4,39.78519496332904
19,27,15,9,0,0,7,-10,16.650018360295803
16,28,14,6,0,1,5,-7,28.182393349233614
8,25,7,11,0,0,5,1,60.58380023935168
16,24,9,9,0,1,7,1,61.561819954001145
13,26,11,11,0,0,9,0,55.89680234917248
13,22,12,13,0,0,8,1,59.13533962091083
15,24,7,16,0,0,9,2,63.655733142401346
14,26,12,7,1,1,6,-2,47.33877229625227
13,20,12,8,1,0,5,2,64.86671116710468
10,25,14,9,0,0,10,5,79.97935338090869
16,24,9,11,0,0,7,1,59.64986836336453
14,24,14,10,0,0,4,-1,54.96888067859158
13,26,12,16,1,1,9,0,55.613654950394285
15,26,12,13,1,0,11,0,55.644501102572484
14,25,14,11,1,1,5,-2,50.316470657772456
15,25,10,7,0,0,10,4,76.68355639799168
16,23,13,13,1,0,8,0,56.68426780844217
15,22,12,6,0,1,7,2,65.44036731780555
19,28,10,17,0,0,7,-4,42.80884052894403
14,26,15,9,0,1,8,-1,55.21839237920381
13,25,13,9,0,1,9,-1,50.34774048756989
14,22,10,13,0,0,8,1,60.519686759193725
17,30,8,9,0,0,7,-3,47.212843859613244
18,27,17,4,0,1,5,-7,31.981360870620662
14,26,13,14,1,1,7,0,57.38425161207406
15,24,13,15,0,1,9,0,59.9384308046126
17,25,13,8,0,0,6,0,60.519724913245184
15,27,8,12,0,0,4,-1,52.475593955189
16,29,9,7,1,0,8,-4,41.055763336483295
14,23,7,10,0,1,10,2,63.647582229926584
17,29,14,7,1,0,7,-5,41.08668951639754
13,24,10,7,1,0,8,-1,51.398777023583335
12,29,12,13,0,0,7,-4,38.38836390728907
15,29,13,12,0,0,6,-3,45.95335529328251
14,23,12,8,1,0,7,1,60.130190853329765
14,25,13,9,0,0,4,-4,40.94061068019665
12,25,7,8,1,0,5,1,59.683449204531726
16,26,15,8,1,1,7,0,61.577536554687825
15,26,14,7,0,0,14,3,71.82680635424371
10,24,12,16,0,1,12,7,86.62796574191235
15,26,10,5,1,1,6,-1,52.7495671769298
12,23,9,8,1,1,9,2,61.58743586062915
10,27,13,13,1,1,6,0,60.021471371861026
13,27,14,14,0,0,9,0,56.88182751112885
13,23,10,10,0,1,7,4,72.02508922906517
15,24,12,5,1,0,6,-1,54.57837410513993
16,21,10,6,1,0,10,3,67.12359865866226
13,25,12,7,0,1,7,3,71.41034323067193
14,29,9,6,0,0,10,-2,46.867558346831295
15,28,14,4,1,1,11,-2,48.52411869007217
13,19,13,10,1,1,11,8,91.36428376388167
16,26,15,3,1,1,9,-1,54.23066475948313
14,25,11,11,0,0,9,-3,43.42722315293317
14,23,12,11,0,0,6,1,61.35706253282203
15,25,20,11,0,0,4,-5,40.047706579269736
18,19,9,10,0,0,7,3,68.54630257830064
16,25,11,7,0,0,6,-2,51.28515534744376
16,25,15,8,1,1,6,-2,52.94687945482314
12,25,8,10,0,1,11,3,67.14592540074263
17,24,10,9,0,1,10,0,56.30126154990252
13,30,12,10,0,1,7,-4,39.95630121066087
13,27,7,10,1,0,10,1,59.2877334327469
16,25,9,15,0,0,8,0,54.0265874105159
15,21,9,11,0,0,4,0,52.66436781379179
20,21,10,7,1,1,6,0,59.34287552526173
14,18,14,11,0,0,9,4,71.62744292839336
15,25,14,10,1,1,6,-2,50.88550981632099
16,25,13,9,0,0,8,-2,48.88288571813418
12,22,12,8,0,0,8,5,79.02194853994334
11,24,12,10,1,1,7,1,62.33372598107876
19,23,9,13,1,1,9,0,57.73689446460029
15,28,11,12,0,1,8,-1,52.6088902885756
15,22,14,14,0,0,3,-2,52.415249868972474
13,27,14,8,0,1,8,-3,44.206254673649525
14,24,11,10,0,0,4,-1,53.15338953435844
11,21,13,9,0,0,8,4,72.49009191282494
16,28,7,11,1,0,8,-3,41.57890307525261
16,23,11,10,0,1,6,0,58.73560225373871
14,21,13,8,0,1,7,3,68.87474439117888
14,27,11,5,1,0,7,-4,40.58877569573533
14,29,10,11,1,0,9,-1,52.865169881438085
17,23,10,10,0,1,7,0,55.4800071792725
16,24,12,12,0,0,6,-1,55.582905554112756
12,27,10,7,1,0,8,2,65.57131082108948
16,24,8,6,0,1,5,0,57.91288753425901
13,28,14,6,1,1,6,0,63.77960759692365
17,25,11,5,0,0,5,-6,31.409828590508823
17,25,13,12,0,0,3,-5,34.42353283528787
16,26,7,10,1,0,7,-3,41.203093596640684
13,26,14,3,1,0,7,-1,54.9359094230898
14,21,10,8,1,1,10,3,66.54136851166993
16,29,15,7,0,1,6,-3,48.93602193244427
11,25,7,16,0,0,10,4,72.73071203360729
15,28,8,10,0,1,7,-2,51.57970781729439
14,24,10,9,1,0,6,1,64.82936489689094
14,26,7,9,0,1,6,1,61.474617870092075
14,29,10,7,0,1,7,-1,54.09228836224478
12,26,11,11,1,0,7,0,58.086328693348065
15,25,12,11,0,0,13,2,66.52312732869673
15,25,11,9,0,1,10,1,60.963736930858225
13,25,14,10,0,0,11,3,68.77403815425811
19,22,11,15,1,0,12,1,63.89189850109828
13,26,15,12,0,0,11,0,55.68946337738892
12,25,11,14,1,0,6,0,58.52252142667814
15,23,15,14,0,1,12,0,55.73055531392977
17,27,10,10,0,0,8,-3,43.95027351816997
14,21,11,15,0,0,7,2,65.06269871799323
15,23,10,10,1,0,8,1,61.89643260870747
15,30,13,10,0,0,4,-6,35.554806386077594
12,25,12,6,1,1,10,3,67.35083965040468
16,22,14,7,0,0,6,1,64.48028851549462
15,22,10,7,0,0,9,3,67.84537574531504
15,23,11,3,0,0,11,3,65.82009895638262
13,26,15,10,1,0,8,1,61.92708296146201
14,24,13,6,1,1,4,0,56.38238205726058
17,23,12,8,0,0,8,2,67.30572790437873
12,24,9,13,1,1,7,5,79.1614327918572
15,20,13,12,0,1,7,2,64.80704399356634
13,25,9,8,1,0,6,-1,50.11073485435924
17,26,16,7,0,0,6,-6,34.606633105472035
17,24,9,11,1,0,7,0,57.3263043691087
16,21,12,5,0,0,12,2,67.12823687518836
18,25,14,9,1,1,10,0,60.67693577142555
14,19,8,12,1,1,6,3,66.91895317599325
12,23,8,6,0,0,6,4,72.88262559642361
15,21,8,9,1,0,3,1,60.2722328271004
13,25,17,15,0,0,11,1,65.99514697298544
15,27,10,14,1,0,10,-2,47.57293145124564
14,20,15,11,1,0,5,2,66.6226242841393
14,23,12,7,0,1,8,3,68.85524700317335
15,25,15,14,0,0,9,0,58.20277820899881
12,22,14,8,0,0,7,3,69.95106532124403
16,26,17,8,0,0,5,-4,44.33189562666037
16,23,12,12,0,1,6,-1,53.21066980875153
14,23,11,4,1,0,9,2,66.09473781184563
16,24,7,9,0,1,10,1,57.74793387753356
12,27,12,10,1,1,8,0,56.90268009806987
16,22,11,14,0,0,9,1,60.51744853608532
13,31,15,14,1,1,5,-7,30.13686897618195
10,25,11,16,0,1,10,3,67.98940119411107
15,22,15,7,0,1,9,1,61.84327416046869
18,22,13,8,0,0,5,-2,49.38395335695826
19,25,10,9,0,1,8,0,53.87509677440093
15,23,13,10,0,0,10,1,62.5206804712324
14,23,13,16,1,0,9,4,75.85810304593599
16,28,10,13,1,1,4,-5,37.87732323019185
14,23,10,8,0,0,6,1,60.89543886634334
12,23,12,6,0,0,8,1,58.31655798142602
15,26,16,11,1,0,7,-1,54.83404354818306
15,25,7,13,1,0,2,-2,46.79158950488036
15,25,10,12,0,0,9,0,57.15517180786763
12,27,11,12,0,1,6,0,58.40245117263741
13,21,11,7,0,1,11,4,72.26130383592323
13,26,14,7,1,1,7,-1,52.97777862780359
13,29,12,8,1,1,8,-3,42.97036049996673
16,23,16,12,1,0,6,-2,51.32323290725039
15,21,10,9,0,1,10,3,68.62030763317469
13,23,6,8,0,1,10,2,62.25568425471598
11,22,12,6,0,1,9,4,72.50727048389366
16,25,8,11,0,0,9,0,55.95989885523419
13,27,9,12,1,1,9,1,59.311082129621276
15,23,7,10,0,1,13,3,66.71931318118314
12,24,10,10,0,1,5,2,64.39630539802607
15,24,9,6,0,1,8,1,60.1622257803721
15,20,12,10,1,0,11,4,72.64758979415082
13,28,12,11,0,0,9,0,63.647715644071745
13,26,10,12,1,1,5,0,55.276837478582785
10,22,10,8,1,0,8,4,68.9256851220341
14,24,7,8,0,0,9,3,65.23390700871306
9,25,9,8,0,0,9,6,83.45929105047298
14,26,12,12,1,0,8,2,67.54867745890806
13,20,11,10,1,1,8,4,70.60091580251141
14,23,9,5,0,0,7,2,60.6736632697698
15,24,14,9,0,1,10,0,56.78659985357812
15,24,8,11,0,1,8,1,57.601463040444166
18,22,8,7,1,0,8,0,56.54770735112451
15,23,13,11,0,1,8,0,56.68197790970228
12,23,11,7,0,0,10,3,69.37584199424819
11,26,12,12,1,1,5,3,74.05738123464748
11,26,5,11,0,1,6,1,59.64128612924857
12,29,10,15,1,0,5,-2,50.153998269403715
13,29,14,12,0,0,12,-1,53.804503426203546
11,24,13,7,0,1,7,1,62.00731939515365
14,22,10,8,0,0,9,2,66.25580803818265
13,24,11,8,0,0,8,0,56.25849567302637
15,27,14,16,0,1,7,-2,50.39649065941717
12,25,12,7,0,0,5,-1,51.59270535684395
16,27,10,9,0,0,8,-1,53.853558296416566
11,23,11,13,0,0,7,2,63.28310518409975
13,25,11,9,0,0,7,0,56.948374634286544
14,22,10,5,1,0,6,2,62.05675741335572
14,26,7,14,0,1,5,-1,50.11724802093618
14,21,11,9,0,1,8,2,64.65916548988146
15,28,15,13,0,1,7,-3,49.13769438636407
14,22,16,11,1,1,5,0,58.014677443959776
14,22,13,8,0,0,7,0,56.52608739020822
11,25,9,14,0,1,8,4,74.27189842139285
16,24,13,14,1,1,3,-3,46.923647649673846
13,23,15,9,0,1,8,3,73.31812736938444
15,28,12,14,0,0,8,-2,51.401131509798894
18,22,15,9,0,0,8,-4,38.8430410411419
18,21,11,10,0,0,7,0,56.31991471463779
19,33,13,9,0,1,9,-8,28.470873589261416
13,32,12,10,1,0,9,-3,47.25176758342519
12,24,16,12,1,1,9,0,56.812175127763076
12,29,10,11,1,1,10,1,63.113089463946324
16,27,14,8,0,1,9,-3,44.33398364437332
17,21,15,8,1,0,7,0,58.669957998320086
15,26,11,7,0,0,8,-1,52.57908310481114
15,28,10,6,1,0,9,-2,48.33212680132337
16,19,12,7,0,1,6,2,64.23214544574233
17,23,8,8,0,0,5,-1,51.98014105204758
15,24,12,8,1,0,7,-1,51.000232997942035
18,23,5,8,0,0,8,-1,52.85396238355156
20,21,11,11,0,0,10,-1,51.49659758321208
16,25,9,11,0,1,9,0,57.136554292089336
11,24,11,13,0,0,9,2,62.494772841009606
17,21,12,11,0,1,8,-1,51.9724568096152
14,28,14,8,0,1,10,-3,43.5405998480478
14,25,11,9,1,0,6,0,59.820691120699166
16,24,9,10,0,1,7,-1,52.98287784193334
14,29,16,9,1,0,12,-1,51.14553425874385
16,28,8,10,1,1,9,-1,53.051717640392745
10,24,7,11,1,0,9,6,81.37537038737496
15,24,10,10,1,1,8,1,64.30046822221847
14,28,13,4,1,0,7,-4,41.658011179213794
16,21,9,4,0,0,8,4,70.42959297970364
14,23,11,10,0,0,4,1,60.582084593397326
15,23,12,11,0,0,7,0,59.124476431022316
14,22,11,12,0,0,7,1,60.45916760827747
15,22,13,9,0,1,8,0,59.10061020169695
14,22,11,7,0,1,6,0,50.858793594626825
15,24,14,7,1,0,6,-3,44.27864650971314
13,20,14,9,1,0,8,4,72.8393325594253
15,25,10,12,1,1,7,0,58.483358337749884
11,21,11,2,0,1,9,5,76.36247876385391
14,28,10,11,1,1,7,-3,42.75432979817429
13,25,10,9,1,0,11,0,54.39844201128975
12,19,15,7,1,1,7,4,71.61586800849672
18,25,9,7,1,1,8,-2,49.32847209438442
13,24,14,10,0,1,12,3,68.12957756137081
19,25,5,9,0,0,4,-4,40.718955935022755
17,23,11,10,1,0,8,0,57.13867046589766
21,26,7,8,0,1,7,-4,41.34083160987291
12,25,13,4,0,1,7,2,64.7175791412816
12,20,11,11,0,1,7,5,79.24045391337367
14,23,14,5,0,0,7,-1,51.161609190535515
12,28,10,5,0,0,7,-2,47.023207238759305
16,28,12,11,1,0,9,-3,45.0329064169116
14,28,14,6,1,0,6,-3,46.247100440793
15,26,12,7,1,0,10,0,58.07253560479051
14,32,16,7,1,1,6,-7,30.818121511281667
15,23,11,8,1,0,7,0,59.72011196080915
18,24,13,9,0,1,7,-3,45.26275278111606
14,23,12,12,0,0,9,2,66.56905092646532
16,27,16,5,0,1,7,-4,40.80281400708096
16,23,14,7,0,1,5,-2,47.504280041512764
19,27,14,9,0,0,6,-8,26.70668046770157
13,26,13,10,1,1,7,-1,54.47713834916007
11,21,11,11,0,0,6,3,65.93308540322232
12,26,14,13,1,0,9,0,58.41105521754056
15,20,16,9,1,0,10,3,70.0113686660027
14,21,13,6,1,0,7,1,61.78495683975623
12,26,12,8,0,0,7,0,56.17352057221905
15,25,12,10,1,0,9,0,58.43357736428417
15,26,15,14,1,0,6,-3,47.15964509078897
15,23,14,5,0,0,8,0,58.80582834550544
14,23,11,17,0,0,10,1,62.35118355967824
18,26,13,9,0,1,8,-4,41.84575460248133
17,24,11,10,1,0,9,0,56.8436530308992
13,27,13,10,1,1,8,1,66.61029244016905
15,23,13,13,0,0,10,1,63.29403294440599
13,22,12,5,1,0,9,3,65.75242278034602
12,23,10,3,0,1,6,4,73.16802249367109
15,21,11,11,0,0,11,6,82.85255725700577
11,24,11,5,0,1,5,2,65.5418480961782
14,26,12,11,0,0,11,0,55.6643432108636
18,27,8,12,1,0,7,-4,39.99420824676504
15,22,10,9,1,0,6,1,60.5531427175289
17,24,10,13,0,0,7,-2,51.74839882723524
12,21,8,15,0,0,6,3,66.40476015912523
14,22,13,10,1,1,7,0,56.63702939099994
12,23,12,10,1,1,6,2,66.00172835138427
17,26,14,11,0,1,7,-4,41.9319122069496
15,24,10,11,1,0,8,2,62.367179019327565
16,21,10,8,0,1,8,3,69.90381815179019
13,23,10,11,1,0,5,3,69.46791449567756
15,23,12,7,0,0,7,2,65.79634154956605
14,21,9,5,0,0,8,2,60.634612702888106
16,26,8,10,1,0,0,-4,39.62073023355251
14,26,17,9,0,1,7,-2,53.984783867239194
13,24,13,11,1,1,8,1,62.78317357546795
18,27,8,5,1,1,9,-3,44.22357866538266
15,27,15,4,1,0,8,-3,46.761653253196975
18,23,10,8,1,1,8,0,54.8411225319199
16,23,11,14,1,1,8,1,61.82102668272726
15,26,10,6,0,0,9,0,56.96137221308179
19,23,10,8,1,1,13,1,60.96856194013539
13,23,11,11,0,0,7,0,55.806223643980076
16,25,16,9,1,0,8,-2,49.25861799602151
12,26,10,9,0,0,9,1,58.30630820368888
15,25,11,9,1,0,10,1,60.753520804734855
14,23,14,7,1,0,9,4,73.83820259510917
14,28,10,10,1,1,8,-1,54.11635212709291
15,27,8,9,0,1,7,-1,52.05212693441844
15,20,10,10,1,0,8,3,69.0768773724188
15,24,16,12,1,1,5,-3,46.39442642874458
16,23,6,11,1,1,10,3,68.11090993529923
14,24,8,10,0,1,6,1,60.852122231169574
13,26,13,11,1,0,12,-2,46.553425365457954
20,21,12,11,0,0,9,0,60.01074976497898
17,23,11,9,0,1,8,1,61.92506361419222
16,28,11,4,1,0,12,0,59.02719329352164
14,23,10,10,0,1,8,0,54.028588136872884
12,25,11,10,0,1,9,2,66.72580719422301
15,26,14,11,0,1,5,-4,42.63293089604871
13,28,17,14,1,0,7,-2,50.93073683231555
11,17,10,6,1,1,8,8,87.58387774174219
17,25,17,10,0,0,5,-8,26.137673815169254
15,24,11,9,0,1,10,2,64.1164541584333
16,25,10,14,1,1,7,-1,54.190251398363536
21,25,9,7,0,0,5,-7,27.459157128571032
17,26,10,8,1,0,12,0,57.392853693337464
12,23,8,12,1,1,8,7,88.06843015798528
16,26,10,11,1,1,8,0,56.610970433307415
16,29,14,15,0,1,7,-2,53.172810958117736
15,23,12,2,0,1,10,3,73.60224925360839
10,22,14,10,0,0,5,2,65.92144271170885
17,24,13,14,0,0,4,-2,52.13656047414556
20,27,10,12,1,0,3,-8,25.860596491997285
11,24,12,11,1,0,10,3,69.31104418585404
17,23,9,9,0,0,6,-1,52.99804156515758
15,25,8,10,0,1,5,-3,41.701210215591175
17,21,15,5,1,1,6,0,57.26595461322252
15,22,11,7,1,0,5,0,53.934014878125126
16,24,8,9,1,0,7,-1,50.74002876966922
15,26,11,10,0,0,10,2,66.64502736448058
18,24,14,11,1,1,9,-4,40.77971672402508
14,23,7,8,1,1,8,2,63.61305537782301
15,23,9,10,1,0,9,3,69.59310759761247
14,25,14,8,0,1,12,2,66.6612628073933
16,22,12,10,0,1,8,0,59.64235714813237
14,23,11,12,1,0,7,0,56.00226828814265
15,27,18,10,0,0,7,-3,47.06721278714345
17,22,10,13,0,1,10,2,64.42551457981045
15,25,12,12,1,0,8,-1,57.128714625654496
11,26,9,4,1,1,6,0,55.87168626674861
12,27,10,10,1,0,8,0,56.13756092986809
9,23,14,13,0,0,4,0,53.19878837163274
20,24,11,8,1,0,9,-2,49.35646768372898
12,28,12,10,1,1,8,0,56.17723695748799
15,25,13,10,1,0,9,0,61.56102348396616
16,20,12,5,0,0,8,2,65.93356526408691
16,23,13,3,1,0,10,1,62.83717414109533
16,21,12,9,1,1,7,0,58.09211135652896
19,23,12,6,1,0,8,-1,54.37223829130663
13,20,9,12,0,1,10,6,79.54474132812162
15,25,11,10,1,1,9,0,56.99820210775949
12,25,12,14,0,0,7,-1,51.02645214913744
16,26,7,14,1,1,6,0,57.947702379782456
