X1,X2,X3,X4,running_X,D,Y
10,1,1,1,4.019369899366756,1,12.066090958276396
13,3,1,1,3.696939345298485,0,6.8580415554107015
12,3,0,1,2.3887435759412226,0,4.947546860209747
12,0,1,0,3.095588444094484,0,6.293990164623461
11,2,0,1,5.422459425748265,1,11.879640947928637
14,0,1,1,3.145411763181821,0,6.51071574836169
14,3,0,1,2.9624380730775814,0,5.877492547013824
14,3,0,0,1.9121167198965456,0,4.002100793994841
17,5,1,1,2.419261051249131,0,4.064594058047016
19,-1,0,1,7.189487806067223,1,13.275032317057168
17,2,0,1,2.302359543146978,0,4.01714890333239
13,3,1,1,4.1859442261428415,1,9.738909710674212
15,1,1,0,4.226146572451703,1,11.260627097847815
17,2,0,1,-0.1579468815248095,0,-0.17732448531493206
14,-3,0,1,6.143105777102366,1,12.863704961818238
16,0,1,0,5.132005875236478,1,10.280617332380176
8,6,0,0,2.9990208666447558,0,5.686734895340714
10,1,0,1,5.53221729172601,1,12.094188097914875
15,-1,1,0,4.865208066848137,1,11.143265407424835
9,5,0,0,2.349484996793623,0,4.437427385123106
15,0,1,0,2.0163693449470195,0,4.1493226935457885
13,2,1,1,2.3473307992506776,0,4.847051265916629
11,3,1,0,3.3975054341907165,0,6.354307297521957
16,2,1,0,1.7403242280784728,0,3.489827534603242
12,4,0,0,2.445941075739882,0,4.741064111739302
12,11,0,1,4.0677506495996445,1,9.693352173453455
11,0,0,1,5.13552786328307,1,12.17563811265476
16,0,1,1,3.4178296695597057,0,6.423989127280003
12,-1,1,1,3.45347791485006,0,7.593993386452617
17,6,1,1,3.542978188477265,0,6.341546091001338
16,6,0,1,5.118457561756733,1,10.360466029248368
17,8,1,0,2.0667945609395577,0,3.2917882014373454
18,1,0,1,5.281723271622193,1,10.726415934495
15,7,1,0,2.934242441541878,0,5.093968389610611
17,-1,1,1,0.24026412753634574,0,1.5143843199927085
15,9,0,1,4.031927627725357,1,10.589183003516188
12,3,0,0,5.925109459089453,1,12.967174203759694
13,3,1,0,4.760217311906626,1,10.904648362071125
14,0,0,0,7.185134762669412,1,13.160106020247166
14,1,0,1,3.1837839913953125,0,6.191674718635988
15,9,0,0,4.572270523164748,1,9.853264162247205
10,0,1,1,4.5137860796578355,1,11.594244743943525
14,2,1,1,6.008456121254804,1,12.165501727429163
6,0,0,0,4.2989639139724485,1,12.85107842264943
15,2,0,1,4.353240603178407,1,10.13654363766869
9,3,1,1,2.8764320779975048,0,6.568554186914082
13,4,1,0,8.567894737751605,1,14.47877818966384
13,4,0,1,5.685117467973837,1,12.392358796715481
12,2,0,1,5.324095668202304,1,11.696415635346456
13,2,0,1,3.3024850381249413,0,6.0512569781018515
14,-1,0,0,7.133125783612895,1,12.457886569944558
13,4,0,0,2.849435292355249,0,5.777556655576376
10,0,0,1,3.1791632317487295,0,7.173564196527056
9,0,1,0,3.2972469555523034,0,6.867447191964088
18,3,1,1,2.1005680401881044,0,3.1278166403876737
14,1,1,1,1.2705211625982074,0,3.7795345676202157
16,1,0,1,4.276054100560607,1,9.840110368139072
13,5,0,1,4.701078154772186,1,11.025425430517407
11,3,0,1,0.7162176043543402,0,3.0912664357233677
14,2,0,1,3.2070045388944,0,6.059484535864132
11,7,0,1,3.6906346859482544,0,7.291709499960326
14,6,1,0,5.930411206188629,1,11.554197535270875
13,2,1,1,2.1919953174866813,0,4.24319728866879
11,3,0,0,2.2423878675923707,0,5.537230087995647
11,5,1,1,3.358679317884604,0,8.053233472799832
13,3,1,0,4.397834868418345,1,10.817361062369102
11,0,1,1,5.337716999909135,1,12.386640664551441
13,4,0,1,4.880810197158798,1,11.020381917723176
10,6,0,1,3.1052278644926004,0,6.238055788718354
14,9,1,0,1.5238548021916785,0,2.5192808791347234
10,-2,1,0,5.524066360942702,1,12.19349840629776
12,2,1,1,1.6507852587351026,0,4.300175441794877
13,5,1,0,7.166096095424184,1,11.894690171550842
13,4,1,1,5.76746935272281,1,11.977401905778459
11,2,1,0,4.396002817112425,1,11.57370336974714
15,4,1,1,3.8123524939192848,0,6.355310413267472
13,1,0,1,3.6824558757435515,0,7.208072225086156
17,0,1,0,3.4660721246614767,0,6.3665164788708415
13,4,1,0,4.0432140040658355,1,10.500749862143522
12,5,1,1,3.85934609331985,0,6.965989738245706
15,0,1,1,5.328645358658445,1,10.982970580163068
16,3,0,0,2.299486389020221,0,4.680767935592757
13,7,0,0,1.8268444327591613,0,4.710511468469777
11,6,0,1,3.627763278764332,0,7.627862851384172
8,5,1,0,3.2847106323089577,0,7.7649362278162375
9,3,1,1,2.6071031246314824,0,6.333287906501898
14,4,0,0,4.5999904722332206,1,12.05043523696241
17,6,0,1,3.096661899032505,0,5.6475225564690055
14,2,1,1,4.536935740191618,1,10.475075799942218
13,6,0,0,1.7400212537712259,0,4.20916813413157
14,3,1,1,2.7229718624947266,0,5.175047718238936
18,4,0,1,0.3295791404775552,0,1.291748292113513
13,0,0,1,-0.0812444259182703,0,0.41875150354168356
14,-1,1,0,5.5427984200076725,1,11.27066897853022
9,1,0,1,6.086808553599704,1,13.177650198262176
12,3,1,1,6.156570890343989,1,12.105455475086064
12,6,0,0,4.739446603486286,1,11.139330677510523
13,3,1,0,3.7747110723291244,0,6.526259358659098
19,7,1,0,2.1528183765917315,0,2.701274531856463
16,4,1,0,4.5349861214775204,1,9.366519636253063
15,3,1,1,4.110819406168554,1,10.830577839003235
12,3,1,1,6.5321392626036,1,12.136974383919583
17,1,0,0,0.5427658769765373,0,0.6506899428133034
11,3,0,0,4.451958906423834,1,11.303201510352379
16,2,0,1,4.3838178551256695,1,8.945816282599907
14,2,0,1,3.9642482591468458,0,7.492561027741461
14,3,1,1,6.972398434803253,1,13.222540619526097
8,8,1,1,3.309205981260784,0,6.31906344668418
14,3,1,0,8.602363421081154,1,14.466223070413179
6,1,1,0,3.4300469365082016,0,7.946256217310179
12,4,1,1,3.0792157838752447,0,5.309012562344498
13,4,1,1,5.37543382860374,1,12.095312809803263
17,4,1,1,3.8591598889917953,0,5.998802601041873
11,3,1,1,2.811745102590684,0,4.608789655059811
14,3,1,0,4.16025184153952,1,10.88291152537981
15,3,1,0,1.07901718477226,0,2.2064992643762835
9,2,1,1,4.701574796205483,1,11.622215874844988
12,9,0,1,1.502433116832433,0,4.04380675991758
11,2,0,1,4.04795854975989,1,10.494057467363646
9,3,0,1,0.606909403340921,0,3.530330024566059
16,4,1,0,2.5092269227373896,0,4.622313487918865
15,-1,1,1,4.372297120517022,1,9.95869981621337
10,1,1,0,-0.05584819364796978,0,1.7842997074977525
14,2,0,1,1.8068006169918962,0,4.088524079728778
13,2,1,0,3.2677525940245298,0,6.90369446218407
14,-4,1,1,5.231932797700436,1,12.497620949136886
10,4,0,1,3.5967170050640487,0,6.319172532294477
10,2,0,1,-0.585442145876403,0,1.5548313866276051
12,3,1,1,2.413753939851655,0,4.463506949851344
12,2,1,0,5.369443995526161,1,12.540063248814695
17,1,0,1,5.54572263578387,1,11.750351811540888
12,-2,1,0,-0.41466849188556765,0,0.3707121120038399
11,2,0,1,3.319822359073178,0,7.210421102883451
14,-1,0,0,7.665508124524811,1,13.411728093391437
12,3,1,1,3.5824258277834105,0,6.401979985446391
15,0,0,1,2.9390995178598978,0,4.9356897888446385
13,4,1,1,5.034019605305625,1,11.81858144908067
14,1,1,1,1.519338148538543,0,2.9246308883333563
15,-1,0,0,3.0665690237123036,0,5.660933457046752
12,2,1,0,5.934991774956104,1,11.843119555440698
12,2,0,0,4.853004023709695,1,11.266660888097347
12,1,0,1,0.8823587697559643,0,4.385842507888254
11,1,0,1,5.24745882140519,1,12.654096270042258
12,2,1,1,2.4313817642674747,0,4.851730937559992
18,3,1,0,2.3271782107718115,0,4.101178386176264
16,2,0,1,5.917694501499021,1,11.283675885306776
11,2,1,0,6.043008403474143,1,12.289334378894031
11,-1,0,1,0.6132657733896041,0,2.7283638204277483
14,6,1,1,5.816948373239629,1,11.530871104585959
15,6,1,0,2.6139964903312167,0,5.4274965344149875
15,5,1,0,3.505177392938324,0,5.617302936051419
10,-1,0,0,4.517854208942231,1,11.17954894100619
12,3,1,1,4.246539905580833,1,10.66686148421735
10,1,1,1,2.793663258162008,0,5.277283331536615
9,8,1,0,2.570132574979694,0,4.554238758269259
15,5,0,1,2.9226114132724685,0,4.212431347931991
14,3,1,1,2.4039160835239475,0,3.670416300601233
15,2,0,0,1.2910927622853374,0,2.21134664336335
14,3,1,1,3.51480667237987,0,6.496839814476452
15,1,1,0,6.832497842511694,1,12.418907623060159
15,0,0,1,3.383573094540809,0,6.010296980491601
12,5,0,1,3.454793545573142,0,6.648684059096488
15,-4,0,0,2.3090236681453695,0,5.061915957077905
16,-3,0,0,2.0744768918923437,0,4.804360540224264
12,3,1,0,3.117171294995392,0,6.29994974506297
13,2,1,0,4.921686450045147,1,11.198899967136754
16,4,0,1,2.0822970303216457,0,4.068937964035354
13,4,0,1,-0.9180234703130763,0,0.9846050828612354
15,2,0,0,3.427958672499131,0,5.517800960275139
17,3,0,1,4.122466513643719,1,10.104281095259337
12,1,0,1,5.559393232760927,1,11.51139619361745
14,1,0,1,3.3511093025689043,0,6.489302004337813
13,4,1,1,3.8854496591294203,0,6.775784403262003
17,4,1,1,3.223229900576941,0,5.045256502787371
14,7,1,0,2.940855105814526,0,5.600797995278583
12,2,1,1,4.73438465144334,1,11.72935465284808
10,5,1,1,3.9072753299984164,0,7.847699271711451
14,5,1,1,4.907938398300094,1,10.961074395298493
14,1,0,1,4.767178404027108,1,10.96957975696618
8,7,0,1,2.1719422650086893,0,5.604561848270762
14,3,0,0,1.6757381642957596,0,3.292977333349246
13,5,1,0,6.803433492367276,1,11.29277575753096
14,6,1,0,4.8914047199279675,1,10.441511686884198
10,1,1,0,1.1114718478519103,0,3.9247234036587844
12,2,0,0,6.499556245815247,1,12.596231831155675
8,1,1,0,4.782483635161334,1,12.48096105602109
14,2,1,1,0.37183018669638646,0,2.661048625931609
17,1,1,1,7.312348073224264,1,12.225019796240456
18,8,1,1,0.9436014699882329,0,1.9249902160183998
14,2,0,0,3.534975095268911,0,6.513991617475735
16,6,1,1,1.8197309338750638,0,2.9302500089939896
13,1,0,0,5.456558493140598,1,11.835432276786824
12,4,1,1,4.046455099540767,1,10.715023518466253
15,0,1,0,5.262315186745424,1,12.176814120961009
11,5,0,1,-0.2647584190065766,0,0.9430331751352818
11,1,0,1,5.930022551163691,1,12.969794737156908
9,4,0,1,3.09992688800296,0,7.010473086767734
13,2,0,1,6.1209870496723635,1,11.555151799576523
13,0,1,1,3.430095590023437,0,6.657883035963402
20,0,1,1,2.80433160294477,0,4.64855391284581
14,3,1,0,7.33151395019179,1,13.55022323479639
17,3,0,0,1.4965010281614646,0,2.71118747673389
14,6,1,1,3.23188869335861,0,4.9536545898583455
15,4,1,0,2.2354597675434196,0,3.699619686795689
13,2,0,0,4.40684711627461,1,11.42567351696917
12,-2,1,0,6.6173782962063035,1,13.388899509380954
10,3,1,0,4.756507334080867,1,11.029117783371735
15,1,0,0,2.3466414067332524,0,5.058129638099164
13,4,1,1,4.002901610382245,1,10.233509654351806
10,5,1,1,4.242208267058646,1,10.843796142076972
15,7,1,0,3.1037487049737074,0,5.415720566368034
13,6,1,1,5.332648258188674,1,11.499614218243421
19,2,1,0,3.0876346730381004,0,5.513139919278161
14,3,0,1,3.0940631897413433,0,4.842192407325454
16,0,1,1,1.4918115079729115,0,3.9515304968622464
13,2,1,1,1.7351116031180935,0,3.3045647143072654
11,4,0,0,5.3821843209151385,1,11.204674907427776
12,1,1,0,2.3512073655538135,0,4.239263836188273
9,-1,1,1,4.36826007178768,1,11.115273070740049
10,4,1,1,7.114083437670624,1,13.013124125006174
14,3,0,1,3.43367972893889,0,6.13511701686465
14,4,0,0,1.564805429250128,0,2.500024566422264
15,0,0,0,1.129468109091206,0,3.623501374781316
10,0,1,0,0.6488973844134365,0,3.0655347131698414
15,2,1,1,4.20003998858036,1,10.40229299231902
14,8,1,0,6.094248657508521,1,11.163490089429832
8,2,0,0,2.094070481868976,0,5.44035952462401
8,3,0,1,3.0411305249061704,0,6.435472498843113
15,4,1,1,2.7709970534298765,0,4.760902691547103
12,4,0,1,1.2019090034361049,0,3.831931398227522
14,4,1,1,5.716936025500558,1,11.165640754144656
17,10,1,1,2.582173118873156,0,3.6485809233889475
13,1,0,0,5.1465544047158,1,11.37464624841033
12,0,1,1,3.3409520864289792,0,6.280825789084664
15,0,1,0,3.1326656481116975,0,6.389531376220648
15,1,0,0,5.947192900853006,1,11.897659833562905
14,5,1,1,6.2883265669073,1,12.435452897536846
11,2,0,0,5.6119874783099934,1,12.94221417386274
14,2,1,0,4.048198906812627,1,10.25360310387547
14,3,0,1,5.143920533273574,1,11.515742815948968
11,7,0,0,2.917543560706525,0,6.0003905574762335
11,1,1,1,3.3240118017045335,0,7.648301992114464
12,3,0,1,5.279850016740627,1,11.328765232792511
14,0,1,0,1.7222262988989896,0,3.6560700878051273
12,6,1,0,3.2742437586864366,0,6.005844241978507
12,3,1,0,3.3666638376256453,0,7.619666519199968
16,5,0,0,4.688611728313888,1,10.563333401728583
12,6,0,0,4.0516200708064165,1,10.25616549879304
11,3,1,1,6.249271083686503,1,12.588130169650272
15,6,1,1,9.051467117011192,1,13.05468820338457
14,1,0,1,4.51467722004192,1,11.183850317234707
12,7,1,0,5.872285940957036,1,11.833712038654365
10,0,1,0,1.2727313171240686,0,3.132709141181077
14,5,0,1,4.249699492207081,1,9.755623038259015
15,6,0,0,6.047504982065581,1,11.780427740870106
12,2,1,1,5.489484765827644,1,12.526853721107084
11,4,0,0,1.2008885878965034,0,3.6669677799327536
13,0,0,1,4.6345667072885215,1,11.217692422219246
12,3,1,0,2.6095042055334545,0,5.481345668162896
15,4,1,1,6.041825364771293,1,12.103263649990428
14,5,0,1,-0.4076715643430715,0,-0.36048266348081903
17,2,1,1,3.9616159372855835,0,6.734013415658324
11,0,0,1,1.9295112871433369,0,5.2563816453708245
11,6,0,1,1.9324517111816735,0,3.698142889635066
14,2,0,0,1.679760229589316,0,3.908246012878635
16,2,0,0,6.3882646034607315,1,11.667421699196469
13,0,0,0,4.328350694893482,1,11.467826609176942
17,5,1,1,3.671505250306836,0,5.778537908928226
15,4,1,1,0.7363635716116854,0,1.7550277805238528
7,0,0,1,1.3721430859603374,0,5.048023444506555
13,-1,0,0,1.3662439135803175,0,3.027704825969205
19,-2,1,1,4.907157334136983,1,10.662354705079604
17,0,0,0,2.857241160932911,0,4.911371706316281
15,4,1,1,4.761316746213407,1,10.099715112485102
10,4,1,0,6.11465830779723,1,13.412415841674997
17,4,0,1,8.67961321141264,1,13.753817632141734
16,7,0,0,5.9377357798813195,1,10.402431168293475
12,5,0,0,3.4202865834260874,0,6.425238710736366
16,5,0,1,8.827102825657121,1,13.676822203747323
12,3,0,1,4.851855279969184,1,11.67482690065102
13,1,0,0,1.8640164185440584,0,4.481294422239727
12,7,0,0,5.753271957982514,1,11.843125736501616
12,5,1,0,0.6396613201295862,0,2.713449016332382
8,0,1,1,1.5721409356870226,0,5.9113844068137595
14,-3,1,1,5.165012103833802,1,11.433913442811829
15,6,1,1,2.6308833126942615,0,4.722727788369217
17,2,1,0,5.24167480311236,1,10.782610482189208
7,-4,0,1,3.982450107073502,0,9.35267722281088
16,3,1,1,5.915954365072559,1,12.45425985775577
15,1,1,1,3.626220652224321,0,6.467081293616084
14,1,0,0,-0.05624573978651615,0,1.3786525428099567
17,6,1,1,5.764263549038761,1,10.742777193371957
14,4,0,0,2.4221234363460415,0,4.055573618564251
11,4,1,0,1.783412054752775,0,3.9355314791289575
15,3,0,1,3.099338281942676,0,6.10224866223697
13,-5,1,1,4.209270128889768,1,12.018428293968388
13,3,0,0,2.6509690974580398,0,5.310099282343824
13,7,0,1,6.039830243792123,1,11.132028413795702
14,0,0,0,5.766886229714659,1,11.074830049150714
12,0,0,0,6.299513887061999,1,11.7620119809971
16,2,0,1,3.9245580458206044,0,6.075921723147227
17,3,1,1,4.73476696235848,1,9.515292151368753
17,6,1,1,1.8837462752321947,0,3.0052441808071984
15,6,1,1,4.384037043317063,1,10.701419252715448
10,6,0,1,2.8127427520846204,0,5.635178492162224
9,5,1,1,2.8903255535586174,0,5.895860170876154
14,1,1,1,5.647345679390728,1,12.075621076269416
15,2,0,0,8.22093882809154,1,13.265490088958188
9,6,1,1,7.542897729240726,1,13.308100930030754
14,3,1,0,3.5222331501317337,0,5.398400083779182
20,3,1,0,6.943450347356178,1,11.543143284791666
13,0,0,0,2.0391362407346945,0,3.682706633926325
14,4,1,0,2.9719687833568553,0,6.092896777351869
13,1,1,0,2.2581075649580535,0,5.1657874010909195
15,3,1,1,5.92863479314345,1,11.737702773903788
16,3,0,0,5.078213510097841,1,10.956515689236308
11,7,0,1,7.040922470424252,1,12.623347483007564
13,-2,1,1,3.3775691924087825,0,6.408097587443981
17,6,1,1,4.4241626849788505,1,9.09433774787197
15,1,1,0,4.083880646957837,1,9.983916967989801
12,1,0,1,2.7719645858773383,0,5.347973821276429
12,4,1,1,6.179242550878028,1,12.103375589497343
16,8,0,1,-0.6976076170520278,0,-0.6369844216904824
15,8,0,1,4.7845732117761735,1,10.148579772702881
14,5,0,1,2.8041748395336965,0,4.568092030622886
16,3,1,1,1.2960011457425193,0,2.102996192025396
10,4,1,1,5.700494242731289,1,11.852800752275082
11,4,1,1,5.319872562390476,1,12.187482691415314
14,2,0,0,2.717468226124675,0,4.776533856105908
8,3,1,1,5.420899127696152,1,12.669188012890114
11,4,1,0,4.500592796208632,1,10.416450477494783
14,4,1,1,0.7140510218395857,0,2.4320914361555013
17,3,1,1,4.785268201536165,1,10.585698467403331
11,-2,1,1,2.1773291263195698,0,5.651041471917002
13,7,0,0,5.390267079833578,1,11.126974638591523
15,1,1,1,7.8057307705053685,1,13.177524282741503
11,0,0,1,4.131444653803579,1,11.034155849676374
18,0,1,1,7.196177815670978,1,12.5820719114094
16,2,0,1,6.155418407730515,1,11.648373220136927
14,-3,1,0,4.588260044690663,1,11.425225872829467
14,2,1,0,6.099020162092237,1,12.129253497141004
11,5,0,1,5.9576406044721315,1,12.203904193459241
15,7,1,1,5.122999053616914,1,10.5620664118825
13,4,1,1,7.025331502113076,1,13.898554444207882
15,4,0,0,1.0765293018514135,0,2.4404877605202486
13,4,1,1,3.7797223465470364,0,6.287429075268721
16,3,1,1,5.278484747697128,1,10.46313108609835
17,4,1,0,2.5199428168941322,0,4.077394964681026
13,4,1,1,9.01079259082671,1,14.404860619593606
14,4,1,1,7.636101473921222,1,13.13881909493243
8,4,1,0,3.3509684771861394,0,8.074449439976938
16,5,1,1,0.9205729371372953,0,2.230520040909594
11,2,0,0,3.5844785783807676,0,6.896057328686074
13,3,1,1,2.9220463915837205,0,5.800003254502267
11,3,1,1,3.00536734799468,0,6.090893413395787
13,3,1,1,3.900775913212857,0,8.693765130757964
19,2,1,0,0.15638001065680518,0,0.1093186091954006
15,3,1,1,-0.31940701369226066,0,0.3899780854954736
15,3,0,0,0.255218196914738,0,0.5099147374171414
10,1,1,0,0.9771732366312049,0,3.8920222452103865
14,1,1,0,2.31429297692491,0,4.674885426929557
15,0,0,0,4.90453190267458,1,10.780048383841375
16,-2,0,1,7.5557055663107064,1,12.946706959721242
13,-6,1,0,3.730704082693887,0,6.816313414635624
11,7,1,0,1.515360281882204,0,4.1750934322797
10,0,1,1,4.146407283753533,1,12.003370745358673
11,3,0,1,0.32384970398456314,0,2.0727043559369114
12,1,0,1,2.432923970831585,0,5.5641087303652474
17,3,0,1,3.312624401285886,0,5.967244409103419
15,2,1,1,3.0146941001447662,0,5.674820526557367
16,5,1,0,4.965510322739326,1,10.663588624937587
13,5,1,1,7.302708160899838,1,13.73630691231453
16,10,1,1,5.55056010732175,1,9.818163987832419
15,2,1,1,1.8725351904585827,0,3.6184046400245764
10,5,0,0,5.359059955356121,1,11.716558545176788
15,0,0,0,6.457410483200264,1,12.331627260397804
16,4,0,0,6.59608397055443,1,12.163156046583913
15,5,0,0,7.404686181983552,1,13.107021482059157
13,0,1,0,5.0470270204912895,1,11.410811457430684
13,-2,1,1,4.151226909264217,1,11.702956968961598
12,6,0,0,2.461253727893615,0,4.864080211378841
14,4,1,1,4.547874672985294,1,10.947081000698269
16,2,1,1,5.528074643808644,1,11.902934646333913
14,3,1,1,4.134312091510866,1,10.834826479736373
16,2,1,1,5.230131750231014,1,10.768768877531084
11,-2,1,1,3.625596856415228,0,7.429331733945087
13,3,0,0,0.9165871330696325,0,3.333757102322745
10,7,1,1,4.2486935615565615,1,10.779362658146507
11,3,1,0,6.139869745368361,1,12.28677923585159
13,4,0,1,1.1586372009773016,0,2.936312060039724
18,0,0,1,6.1021339158669115,1,12.419685789010899
16,-6,0,0,0.04488807624725899,0,0.874142014600027
17,2,1,1,3.761134551041755,0,7.001146495787209
13,1,0,0,6.044617675069031,1,11.600911823440846
15,-1,0,1,4.901753586072567,1,11.420766554203302
21,-1,1,1,0.2715199984748198,0,0.7220331306331284
17,3,1,1,4.268256170027215,1,9.433595237511216
14,1,1,0,3.06033414989372,0,5.41130530390856
13,8,0,1,5.33944059600066,1,11.585512082508828
11,3,1,0,6.329936142337457,1,12.65053826787021
12,1,1,1,6.773529677828547,1,13.683831668083666
14,5,1,0,5.097948597222807,1,10.885857040507448
15,2,0,0,5.985717332462849,1,11.26485070524676
14,1,0,1,4.0157426277542525,1,10.797526722979212
10,0,0,0,2.442924337432438,0,5.81991406908163
10,8,1,0,2.0503433122439243,0,4.7844659212101535
12,0,1,0,3.237468901892185,0,6.734497088148529
13,4,1,0,3.216872239762181,0,6.319962770192251
18,2,1,1,4.935658478289359,1,10.938177832461442
11,5,0,1,3.0971297589267586,0,6.257099080207706
7,4,1,0,4.936290565576829,1,12.479716179845783
13,2,1,1,3.2038829904340274,0,6.278333310916476
16,-2,1,0,3.0980332093488316,0,6.081379379488238
15,0,1,1,1.7089064721682439,0,3.8405190091746593
13,3,0,1,3.2322368047100447,0,6.334485331265804
14,6,1,0,4.483894467745762,1,10.69138107910242
12,1,0,1,2.2564593316351216,0,4.702688249069078
14,3,1,1,3.2791846712890744,0,5.781115152369266
16,5,1,1,2.0211035985980015,0,3.884671400131494
14,3,0,0,-0.15204896664514944,0,0.8454526443731041
12,2,1,0,3.88223519965402,0,7.775696987849468
15,3,0,1,4.297819897510551,1,10.322170705899126
10,6,1,0,3.892206293746424,0,6.689993723690235
13,8,0,0,6.663300487419534,1,11.779838528217981
12,3,0,0,4.310420517515677,1,10.975559579993227
22,2,0,0,6.468579758350515,1,11.111736214260146
14,2,1,0,5.489556983624614,1,11.42014523514115
13,0,1,0,2.5208026655392883,0,5.246857262601674
11,0,0,1,3.659138201740205,0,7.061405691753889
13,0,0,1,4.670561875569867,1,10.212687742882267
11,2,0,0,3.502528366164031,0,7.426889663734812
11,2,1,0,4.942515951079106,1,12.145529778749887
12,5,0,1,4.370105518145235,1,11.227349990131561
13,2,1,1,5.7112916979414985,1,12.96507931207714
16,3,0,0,3.111542667070713,0,5.1467171188490255
14,2,0,0,5.373978427726975,1,10.964673171118518
14,5,1,0,3.874824172199209,0,6.6748620140461306
11,2,1,0,3.6794715533183595,0,7.050690368885133
12,0,0,0,4.737325576983961,1,12.20259117655893
10,4,0,1,3.236595498271918,0,6.8928357140462095
13,-4,1,1,5.07732959113687,1,11.41660396288549
18,2,1,0,1.7223795246444635,0,3.429799192845942
18,0,0,1,0.9369843655196899,0,1.4933370129716192
14,5,0,1,2.374265768521843,0,4.374918333192916
10,4,1,0,4.877800090474683,1,11.327792185332214
16,-6,0,0,2.430874943883452,0,5.294379005722562
11,0,1,1,4.602267121816995,1,11.42380890109515
12,1,0,1,2.381894768855573,0,5.356225154798808
12,1,1,1,0.39542268572642136,0,2.7747116977713375
13,4,1,1,3.4575888473922207,0,6.652507355623542
16,2,0,1,4.242348563005615,1,11.321406651318728
14,5,1,0,5.880378684401045,1,11.093850864359286
12,6,0,1,2.17000639056195,0,4.669192245563859
13,0,0,1,5.055306953921987,1,10.757509599814542
10,6,1,0,5.63503911177781,1,12.501723530087457
16,0,1,1,0.9633460697575127,0,2.5850770699846577
12,0,1,1,0.2660449007475467,0,1.4458017508973766
15,1,1,1,3.151313606898844,0,5.141191627282257
12,3,1,0,3.9915822503950804,0,7.597704056515195
15,2,1,0,3.1026996784774945,0,6.664087703992932
13,0,0,1,5.199217430323607,1,11.620626724194373
12,5,1,0,0.12502137803161073,0,1.292136839527643
11,0,0,1,6.8060708177537865,1,13.16321040679659
12,4,1,1,5.024543380810264,1,10.753600237331073
11,2,1,0,0.5557118726022017,0,2.879956685858069
13,0,0,1,4.4202861640453195,1,11.283143150647652
19,6,0,1,5.877853614715757,1,10.79159756384068
14,5,1,1,7.603252243915588,1,13.193338969630435
10,-1,1,0,3.6812425889275913,0,7.687610053691354
13,0,0,1,1.8384515370941443,0,5.4235717806434405
16,5,0,1,4.4111406087314595,1,9.951793903617302
8,4,0,1,4.647848345879686,1,11.759924957011258
14,1,1,0,6.153257093125729,1,12.072431945057115
12,4,1,0,5.509379638347806,1,11.732568406355314
12,8,1,0,5.21250698667786,1,10.165897746793384
14,4,0,0,4.381462767677142,1,9.773058297124582
15,0,1,1,4.230417945341988,1,9.70858336599905
13,8,0,1,6.950654524903397,1,11.886619692324862
12,-2,0,1,2.936373616576245,0,5.987754308650711
15,0,0,1,6.951426262422075,1,12.161650603491175
15,-1,0,1,4.715981527918657,1,11.485886921399679
11,6,1,1,1.7095104870070674,0,3.2635450350230406
15,3,0,1,4.262240495419043,1,10.08194435964277
17,5,1,0,4.753524715645896,1,9.833187953552525
14,2,1,1,3.7263040269155128,0,7.623155100323787
7,1,1,1,4.457796947930821,1,13.028883898506296
12,1,1,1,-0.08690271010800643,0,2.4925611815044815
15,2,1,0,9.797627111747552,1,14.294900694803635
16,8,0,1,10.883919259787312,1,14.502417209847055
17,2,1,0,2.7159426912767635,0,4.159505593521764
12,2,1,1,4.580432501580185,1,11.30503098882094
11,-1,1,0,7.565217378847745,1,14.240838010555132
13,2,1,0,4.236691460278722,1,10.769774429039165
12,3,1,1,3.4368524001578162,0,7.0043287207571066
14,1,0,1,3.8284815173197346,0,5.305144418623817
15,0,1,0,3.610423528191809,0,6.395685990014178
12,-1,1,0,8.15905404447663,1,14.689374725668834
10,0,1,1,2.7643738189964475,0,7.29637795285933
14,4,0,0,6.73666111370224,1,13.472803550193886
9,3,0,0,5.643571068123107,1,12.541560818409149
14,5,1,0,5.109511252549947,1,12.273151328562536
15,5,1,1,6.990170510564277,1,12.635564017772836
18,7,1,1,4.326130895177982,1,9.60698316915615
13,-1,1,0,4.628820573083718,1,10.92008540789816
12,6,1,0,2.202000319327457,0,4.195369500377538
13,1,1,1,0.6095558497008144,0,1.6462111420981256
12,2,0,0,4.605966211720025,1,11.441038432964957
16,5,0,1,4.216325164645423,1,9.492704484261004
17,5,0,1,3.1907620318386196,0,5.130068670225499
15,5,0,0,5.420233883512182,1,11.715782158498175
11,6,1,0,4.450508995598805,1,11.118073056064897
17,0,0,0,7.725484755163878,1,13.105804830984576
14,1,1,0,4.167217411166324,1,10.440811462315558
13,3,1,0,4.6060224692723075,1,11.661768367093854
9,1,0,0,5.128590689460927,1,12.452021500241965
17,4,0,1,4.536566169812939,1,10.33356217629971
10,2,1,1,3.3257832492086754,0,7.114609963767987
14,4,1,0,3.295955793652485,0,6.790887224845377
14,6,1,0,1.4699159754619022,0,3.47191889916461
14,4,0,1,2.2896952330764044,0,4.527050202008463
14,9,0,1,4.703439194275678,1,10.116381134472512
11,2,1,1,2.2864950093214946,0,5.7120790568205475
15,-1,1,1,7.823314777482921,1,14.456283756230254
15,3,1,0,5.198373580300673,1,11.764093272564617
17,4,1,1,0.700821858853987,0,1.5580559904166342
9,5,0,0,6.210420248837104,1,12.904192172956721
19,0,0,1,6.764091423170604,1,12.262162585282567
15,0,1,0,6.605883511230592,1,12.230433846239078
13,3,1,0,1.4981855234004904,0,3.5514010497982857
17,2,0,0,2.704047843003406,0,4.731626403728657
16,3,1,1,3.215065566162541,0,6.1931562268067
13,0,1,0,1.1426671941638586,0,3.1125009870347067
13,4,0,0,2.490233109847919,0,4.4975630705544845
17,6,1,1,2.5775048928442956,0,3.853873283642463
12,0,1,1,7.024037566863505,1,12.259079434919883
11,0,1,0,2.086029585209851,0,5.499728673945679
12,1,1,0,6.629984242901146,1,12.514579122427161
18,0,0,1,2.8507832064218803,0,4.774005891083636
11,2,0,1,4.497762788097861,1,10.738086106348428
12,6,1,1,5.277242772434802,1,11.147902082511155
13,1,0,1,4.478582501852013,1,10.784276395376914
17,5,1,1,1.101007723873463,0,2.1748291331487177
15,4,1,1,3.4245912840136588,0,6.05956029167006
13,1,1,1,7.419447828500575,1,13.020074316520269
10,3,0,1,3.201984683821632,0,7.940015671150302
12,0,0,1,1.4457161945211783,0,2.3384968931722145
10,3,1,1,6.616351166256578,1,12.48605222160282
16,0,1,0,0.5365936073096886,0,1.6960754627642618
9,1,1,1,2.093016705089714,0,4.538063593592735
10,6,1,1,5.232432897093542,1,11.939002597770347
12,4,0,1,3.0191272990533484,0,5.41003907494861
13,1,0,0,4.435609909484682,1,10.676815388071898
14,5,1,1,4.458060076508974,1,11.034610491425404
13,8,1,0,4.5466761497912715,1,10.243063322784394
11,0,1,0,2.7678005797923593,0,5.7232192324019175
9,4,0,1,0.028472392380051392,0,2.608393729360385
14,1,0,1,2.9286714851274818,0,5.330019150200633
12,1,1,0,3.216975193030894,0,5.885128965152082
15,0,0,1,5.108241338099626,1,11.127758840202175
13,10,1,1,6.089838856218211,1,12.281937214545943
12,2,1,0,3.2347652653763843,0,6.115528490890257
16,3,0,0,4.377293934941046,1,9.665665097346986
11,1,0,1,0.7053198896003559,0,3.5776411096240195
16,0,1,0,2.957286988328269,0,4.6504676265430955
10,0,0,1,4.069577112493609,1,10.333519650151025
12,1,1,0,3.751319797046694,0,7.176669018411233
16,1,1,1,3.094449496527283,0,4.521806091462545
14,3,0,1,2.444947709416082,0,4.590572940030507
12,3,1,1,4.304841578931474,1,11.242573590206112
11,6,1,1,2.8065424094554206,0,6.02464373875319
5,2,1,0,2.990119314916173,0,8.133059047748883
18,7,1,1,3.233884287963991,0,4.65100671134525
14,3,1,1,6.804598350167658,1,12.308227929090544
13,1,1,1,8.157128127473662,1,14.498261031379974
12,2,0,1,3.5417402077901126,0,6.149874027323816
11,3,1,0,8.449585288732116,1,14.417385202498828
12,6,1,0,5.4115918648008945,1,11.612855293804781
14,0,1,0,5.20061371619367,1,11.553857666671679
6,2,1,0,4.170192493142318,1,12.11139519812885
15,0,0,1,6.52025376874858,1,12.555826437633849
15,3,1,1,2.2880366384226294,0,4.96659274394695
16,2,1,1,5.3092034281173355,1,11.614160135278807
14,-1,1,0,9.1974788519449,1,14.515755520093604
10,5,0,0,2.8115563502150227,0,5.9769049481367
14,3,1,1,3.1633227163682034,0,6.31831511368418
16,1,0,0,4.97176066196481,1,11.006259521156041
17,2,1,0,4.911597469811647,1,11.078630193763141
10,8,1,1,0.6758566548571006,0,3.4498970477837116
12,0,1,1,7.017336502960317,1,12.926278210723257
16,2,1,0,1.9164801324862228,0,3.2604286129716704
10,2,0,1,3.179801477776763,0,5.72675273021766
11,1,1,1,2.316299478211242,0,4.568368106314738
13,2,1,0,1.663535408700597,0,3.9277886888318156
8,5,0,0,5.060195567798051,1,12.184309966480024
15,3,0,1,5.571082411244511,1,11.0253019189521
17,5,0,1,4.2124927251018836,1,9.540169049560864
12,3,0,0,0.7223171593177029,0,2.102598094304106
11,7,0,1,1.8262474591330546,0,4.3713175045564645
11,4,1,1,4.146948889236817,1,10.468237129317412
12,5,0,1,4.6807389700540325,1,10.738421167125495
16,1,0,1,4.667825358299299,1,10.608317628316122
14,1,1,1,3.1108312668149227,0,6.935405518526551
13,3,1,1,6.0041227277126445,1,11.506527400842307
14,6,1,0,1.0850388849770471,0,2.9522731532945374
12,1,1,1,5.468010559403799,1,11.99067696528451
17,4,1,1,1.2434580582339176,0,2.203097938655667
15,0,1,1,5.352645862381184,1,10.665663693262461
14,2,1,0,4.628852333214873,1,10.790520918499533
16,3,0,1,6.255203553700883,1,11.817879541677517
14,1,1,1,4.79136765245053,1,11.256858398101553
12,4,1,0,5.490929785312921,1,11.895755659041972
16,3,1,0,6.3831959991748075,1,11.938813607041661
17,5,0,1,7.228391669809952,1,11.81061957970934
19,0,1,1,4.803434596004745,1,10.21440938481853
13,1,1,1,2.694240721677118,0,4.843875048457593
8,3,1,1,7.439669267737939,1,13.241323721912753
17,0,1,1,1.510114653822995,0,2.9917970077722162
10,0,1,1,3.8551159111141047,0,8.70903456560227
10,-2,1,0,3.3012452573424484,0,7.770249408450899
14,0,1,1,6.03901965930057,1,12.691136392056446
18,2,1,0,3.393196330522188,0,4.954714408192304
12,2,1,0,3.781100012599178,0,7.010397384708107
11,6,0,0,8.413866590547688,1,13.885659767543283
14,0,1,0,4.366983580677127,1,11.014603866935989
10,0,1,0,3.177103046903929,0,6.4586413618736165
12,0,0,1,2.9284805441443966,0,5.634368818392975
12,7,0,1,2.7446483419878387,0,5.581301601849619
12,4,1,0,6.690935893175,1,11.167839033758861
11,3,1,0,5.354929193586058,1,11.13887861493189
13,4,1,1,3.068128920734942,0,5.17539360935001
17,6,1,1,6.574786372277542,1,11.169305647785453
16,5,1,1,2.8268779304718192,0,4.908261318707362
18,-1,1,1,3.745293918753111,0,6.622946452205833
15,-2,1,1,0.6550960185690808,0,3.0448772809678353
13,-3,0,1,6.733214043616007,1,12.384684555279593
13,0,1,1,7.744860726527018,1,13.786671833469649
12,2,1,1,4.440733918516047,1,10.878665724032693
16,1,1,1,2.8915364685979466,0,5.427882928046728
14,4,1,1,5.031537406746943,1,12.143156896409726
12,-3,1,1,3.336677194786139,0,7.40504681170281
16,0,1,0,0.059199059312450064,0,1.11144674246349
15,0,1,1,8.13224431764593,1,13.317332693443188
18,0,1,1,3.9202871182707875,0,6.388556507420944
16,2,1,1,0.008372724610900661,0,0.027163947765297625
15,6,1,1,4.028469456643902,1,9.694581179478485
17,3,1,1,1.5015749327492371,0,2.095240880382498
13,2,0,0,6.369335468174121,1,12.477066913080623
14,-2,1,1,2.820352397424529,0,5.419413826885222
12,7,0,1,4.881365398213369,1,10.372063717568725
11,0,0,1,7.3200919720475,1,13.573637493916575
14,4,1,1,1.648512589877174,0,3.0410662138588913
12,0,1,1,3.0912941706797565,0,5.781034652462807
15,2,1,0,2.1660434383968146,0,4.28562436545037
12,7,1,1,6.4835324940879255,1,12.225300394030947
13,1,1,1,1.939107742232594,0,4.71509862187343
15,1,1,0,4.86851613702712,1,11.228904998600738
15,0,0,1,5.275724388224605,1,11.08923449045062
15,3,0,0,3.3168282078263043,0,5.757255002673719
12,4,0,1,4.926844745533712,1,12.099788186857603
10,-3,1,0,3.3350137666471893,0,7.360505733999481
15,3,1,1,5.152528559673472,1,10.49503853020408
13,5,1,1,3.4762310106495202,0,5.3860892354706476
16,3,0,1,5.391338397896943,1,10.238770083702734
11,5,0,0,2.8409047922226476,0,6.331420771355308
15,0,1,1,5.011968798393124,1,10.847096368029069
13,2,0,1,4.050381268684845,1,10.51822560176032
14,1,0,1,3.103479935944617,0,5.058330226240807
12,1,0,0,3.811565843887039,0,7.431362502394839
15,-1,1,1,1.50172754087427,0,3.4900125973859892
13,-5,1,1,0.5982640993926882,0,2.8531301029852405
13,11,0,0,0.8937179923866148,0,2.410049203172094
15,6,0,1,-0.9422093383864159,0,-2.1051897460975244
12,1,0,0,5.1092791532455815,1,10.822563404567221
15,7,1,0,4.63654822105614,1,10.099934529207973
12,8,0,0,3.4318127710883446,0,6.068671280152264
12,1,0,1,8.700431398986904,1,14.45041999297208
16,6,1,0,8.228770451080473,1,12.644555674842136
14,6,1,0,6.41890201686846,1,11.432379694518579
13,4,1,1,3.5912789172989297,0,6.679678660426884
13,5,1,0,4.547141694150093,1,10.799097791380598
15,1,0,1,4.053233744376637,1,10.149301735194562
17,1,0,1,6.49540185730053,1,12.126322443864689
15,1,0,1,2.915876225309634,0,5.890886897125246
16,3,0,0,3.197340082079328,0,4.973663108951121
10,1,1,1,6.061765190395757,1,12.229785759135357
12,2,1,0,2.9704782687473115,0,5.445879526961388
19,11,1,1,5.373714072268314,1,9.539847706533525
13,3,1,1,5.2026644164694895,1,11.56795433162663
17,4,1,1,2.632418955616653,0,4.058973168583627
19,0,1,1,3.603591886013324,0,5.876341847308808
13,0,1,1,3.9101133797590606,0,7.606895116143115
16,3,0,1,1.6715722618238331,0,2.9981530398724487
20,5,0,1,4.910542579325853,1,9.301048792191489
10,1,0,0,5.383173591011612,1,12.450501627197994
14,5,1,0,5.065138986582211,1,9.495652807248016
19,2,1,1,3.597464337785434,0,6.166494420665336
16,1,1,1,5.456704171547164,1,11.630445062598925
12,3,1,1,5.76564390476527,1,12.256854316113408
15,0,1,1,3.2202680117962474,0,5.455903317863341
16,4,1,1,-0.5581482224358778,0,-0.650305906565313
11,0,0,1,3.5678289556465295,0,6.4999100580965266
14,3,1,0,3.4558644264296583,0,6.830445423539452
16,5,1,0,3.236774426905243,0,5.801758070881913
19,0,1,1,3.688617750803154,0,6.250403492938252
15,3,1,1,1.5676412573267284,0,4.562420253425925
8,2,1,1,5.038091925545591,1,12.43396904433895
15,4,0,1,4.368349485717377,1,10.188233131987243
14,3,1,1,5.629643553774318,1,11.23616704695573
13,1,1,0,6.4824233553647215,1,12.292479507970878
17,3,1,0,3.5428448265996733,0,6.506343046063178
15,1,1,1,5.590333663850559,1,11.189380528443246
16,0,1,0,3.992258515699204,0,6.833051194391366
15,6,1,0,3.554111952768324,0,5.481811487519844
10,6,0,1,3.8842745497492954,0,7.062274409764897
14,4,1,1,4.866161168242148,1,11.146983749908804
16,2,1,0,4.078161614740481,1,9.565501042747877
16,2,1,0,4.370195967142006,1,10.439146331937794
12,6,0,0,7.7061072985813155,1,13.433424271912676
15,0,0,1,0.5377659425795489,0,2.2579046438297414
16,2,0,0,6.119627863359082,1,10.159995335844517
11,2,1,1,5.705006112603039,1,12.17290745718318
16,2,1,0,3.3990996484127196,0,5.749995632224248
12,-1,0,1,2.133995097346313,0,5.137085672981144
13,4,1,0,-1.0338103319742977,0,0.1464817785291958
13,3,1,1,1.2188798931181042,0,3.3809002215310406
12,0,0,1,-0.3690106855260371,0,1.4341106944963995
9,1,1,1,3.6845661148798348,0,7.384107081406495
17,2,1,1,-1.553427296090808,0,-2.1749511936852937
10,1,1,1,5.172892531951965,1,12.135803399541484
15,5,0,1,6.191950737748284,1,12.332104873040132
13,-1,0,1,2.0089933137526277,0,4.7765843699477735
11,0,0,0,5.259152921944979,1,11.354628827990194
13,5,0,1,1.1318353717759235,0,3.2975754431064757
15,3,0,1,5.0177266561919165,1,11.422290679255813
14,3,1,1,3.823708383154869,0,6.930109396658329
14,1,1,0,2.863835257385075,0,5.754320601363562
15,1,1,0,5.294183642926781,1,11.800469528440713
12,0,1,0,6.996661212182681,1,13.437717818544352
10,-3,0,0,4.241693710166024,1,10.809297930401522
14,0,0,0,6.249158364114052,1,11.938524015796123
10,-2,1,0,2.60570064682022,0,6.32246190352153
11,4,0,0,6.609856600942579,1,12.53167272828935
15,3,0,1,4.626379164489887,1,11.959619178892158
16,5,0,1,2.2429349726170127,0,3.435495451792539
14,5,0,1,3.070676642652662,0,5.2061934178456415
12,0,0,1,3.599090430424964,0,7.467159485451208
13,3,0,0,4.092452449255363,1,9.944107262992194
16,6,1,1,0.13779105813926273,0,0.2167620373440891
11,4,1,1,9.367560244061687,1,14.731556602396937
10,1,1,1,5.336981175897311,1,12.213671454470376
16,1,0,1,5.841914703268298,1,12.01465405977428
12,3,0,1,2.4527302781186804,0,4.866661152545189
13,3,0,1,3.5803610931897687,0,6.1736914330445325
13,0,1,0,8.909703459170988,1,14.723402254433301
13,2,1,0,5.225983229738891,1,12.711901444270662
15,1,1,1,4.221445329620543,1,11.278338864212149
14,5,0,1,6.253157569499371,1,12.167737692556907
14,0,1,1,1.0450572535480442,0,4.088807313238144
14,1,0,1,1.747394609994522,0,3.823968630749677
16,4,0,1,5.886763445405635,1,11.702153488916577
12,4,1,1,3.6328015113229393,0,6.159676956217428
18,6,0,0,6.2375882497271755,1,12.138189393753708
13,2,0,1,4.88143430029567,1,11.647425684562513
11,4,1,0,3.6393315773917063,0,7.134534350108753
12,3,1,0,1.0778795843037163,0,2.7937514511055177
13,1,1,1,5.424482223037277,1,12.250851991785371
13,-4,0,1,4.939110782857787,1,12.13652251325775
14,1,0,0,1.3102137034238925,0,3.3032563608161802
13,4,1,0,5.323754413663195,1,11.243927442916949
19,2,1,1,6.751298681890596,1,11.927849670498517
16,-1,1,1,4.924661617045874,1,11.374788196663356
13,4,0,0,2.854014888626176,0,5.451611950578581
13,0,0,1,3.6912188616552832,0,7.499872628191129
11,1,1,1,2.183145116440496,0,5.181802214757924
14,5,1,0,3.67833832443617,0,5.803326877430964
15,4,1,1,-0.4646670186947963,0,-0.12619478955922264
16,2,1,0,2.2308899730716236,0,3.8090825404613198
15,3,1,1,5.2229421422320605,1,11.525575670215442
16,5,1,1,1.7411589868446256,0,4.155027889417925
14,1,1,1,9.566957882496268,1,14.185995103472292
14,0,0,1,2.3690973867334204,0,4.833733175574468
16,3,1,1,1.8516178180299052,0,3.5345893003905435
13,-1,1,1,1.0539810280840802,0,3.4396508512143584
13,3,1,1,3.4452199229101907,0,7.115739903848651
8,7,0,1,2.690900847145455,0,5.935409489299839
12,3,0,1,4.542137496312896,1,10.808908802256902
16,2,1,0,1.5277078376862234,0,3.0713360530074287
14,-2,1,0,1.8467134771842098,0,4.5956250832497
9,2,0,1,4.073809808767145,1,10.634018566769404
13,3,0,0,6.4216102003130455,1,12.790431223922468
13,0,1,1,4.222771376714765,1,11.386940066863433
10,4,1,1,2.3389420277725748,0,4.928541370480627
12,2,0,0,3.293729441295594,0,7.038264570458224
15,2,1,0,3.118975804840705,0,5.942468636825581
13,3,1,0,1.0916918452895445,0,4.411136366047264
14,0,1,0,3.8116214754333138,0,6.898338562900039
11,7,0,0,5.3101414464649555,1,12.091668354131937
12,0,1,0,5.236759961633595,1,11.689893117203049
10,4,1,1,0.4900734804960347,0,2.7648220313138387
19,1,0,1,5.04046229944063,1,9.60118501033019
10,6,1,0,-1.7034436105294137,0,-0.8536987316324285
15,1,1,0,5.212744715269088,1,10.769802400768398
13,5,0,1,4.857341811476589,1,11.225784774208238
14,0,1,1,0.813573840374926,0,2.657605400853929
14,4,1,1,4.19878783511212,1,10.6989504420847
17,2,0,1,1.9463896889699241,0,4.55178010800984
17,-1,0,1,3.9578973398156405,0,6.328471376497962
11,1,1,0,2.22470661661243,0,4.861379373908573
18,3,1,0,4.308678719753685,1,9.059549358606713
16,0,1,0,3.8014150748885966,0,7.110014232624222
13,3,0,0,2.1779672541975486,0,5.158508773802786
14,7,1,1,3.7927793923882307,0,6.777108193292583
21,4,1,1,5.364513597117226,1,10.586642768806243
6,2,1,1,2.5685584683516938,0,7.018932614820544
11,4,0,0,3.0409944478618707,0,6.872362161215951
11,0,0,0,3.0032579002569983,0,7.393729028967965
14,3,1,0,-0.07857534940580191,0,1.6983345189769432
16,3,0,1,3.5163409250166633,0,5.97814485090601
18,5,0,0,3.9931712373580637,0,6.4921184185783405
10,0,0,0,4.61829622453295,1,11.43305701041158
14,3,0,0,5.948264988747657,1,11.416456862371758
16,10,0,1,4.72557979408978,1,10.888188769014318
11,6,0,0,3.227836433454951,0,6.277899135784197
12,0,1,1,5.632751024028645,1,11.677131314749701
15,2,0,1,7.012075956571641,1,12.279978748221467
11,5,0,0,5.707685656835427,1,11.291713025003189
14,-4,0,0,3.2547733256571423,0,6.913263387088311
10,3,0,1,5.738114309899407,1,12.185408846333601
13,3,1,0,2.1826839417645214,0,4.806784721041287
13,7,0,0,2.3975162274665776,0,4.446817933651989
19,1,1,1,5.637726783809142,1,11.307128275755382
16,2,1,1,1.8105785509098764,0,2.739663406876022
12,8,0,0,4.242382360275612,1,10.259560805030539
13,6,0,1,3.341320678973689,0,6.095023611620103
11,0,0,0,3.257564406703605,0,6.097633403378744
16,2,0,1,3.8495787231672822,0,5.989171441289544
16,6,1,0,1.8885004312099642,0,2.8940166733369734
11,0,1,1,5.5422846788871505,1,11.931994273067394
18,1,0,0,3.539763922841382,0,5.4476699522513
11,1,0,0,7.7775975563176285,1,13.983137531202704
15,8,0,0,4.786220257960011,1,10.197285016560535
12,-2,0,1,2.4562977020980434,0,5.961625525522354
16,3,1,1,6.962869169969743,1,11.803078400482468
15,2,1,1,2.6529729549361942,0,4.524151697792134
16,6,0,1,3.7495082271700997,0,6.273436282138819
17,4,1,1,4.771857771184008,1,10.814108933547516
17,2,1,1,0.678614740662201,0,1.527047350345856
12,3,0,0,5.826818079399212,1,12.234096314306697
13,2,0,0,4.887022078972271,1,10.669098362654784
14,3,0,1,4.474518934014693,1,11.057397237737408
20,1,1,1,2.9215557087435666,0,4.5161429018740655
16,2,0,0,4.113449887482297,1,10.087715298592745
17,0,1,0,3.4412964165901845,0,5.307601998460139
17,7,0,1,4.495137750228414,1,9.770174030222389
10,3,0,0,3.6877583272820296,0,7.093708870682565
12,5,0,0,3.2851715639902,0,7.073940060882505
12,2,1,0,3.2872555051274146,0,7.33257960239764
16,2,0,0,6.009421996359019,1,10.512991078344424
16,1,0,1,2.3945612657724853,0,4.256507040190827
10,0,0,1,1.7385136165812431,0,4.5301821025654005
18,-4,1,1,5.767605015313086,1,11.355857723179174
12,0,1,1,-0.8070541252459922,0,0.06936010335739218
12,4,1,1,1.9016009917766823,0,3.767797016041398
16,3,1,1,2.4390265259584902,0,3.827537034178665
14,1,1,0,4.830882163777393,1,10.721419662645324
14,3,1,1,2.9609116506848756,0,4.8537957588878164
14,2,1,0,5.7532655974366715,1,11.907839239529912
15,4,1,0,4.216518999504041,1,10.772862565896265
17,2,1,1,3.6181856686977607,0,5.954063670699201
13,6,1,0,2.3482602028772437,0,5.890872251058861
11,6,1,0,3.3424018677463163,0,6.471687557900096
16,7,0,1,1.8145109630603584,0,3.0728160759473497
8,-1,1,0,5.1544068680922965,1,12.125004286442598
14,5,1,1,7.217715723035357,1,12.239892587599297
12,2,1,0,0.7418940020329341,0,2.815441162434109
14,8,1,0,0.20844931483398188,0,1.2754414538258578
12,1,0,0,6.28750234579518,1,12.67379885054653
15,1,0,1,2.5283938806242032,0,4.997762208549166
14,4,1,1,5.9569336565669655,1,11.659112790214762
12,0,1,1,2.9581794400838333,0,5.606197645860353
13,8,1,0,3.185014912982984,0,6.071291437503507
12,5,1,1,2.5804477550491507,0,5.361390422818601
15,2,0,0,5.438135904974178,1,10.859228914950114
14,-1,1,1,4.581814959656219,1,11.478829613227266
15,4,1,1,3.957509090752308,0,8.231939500970409
14,7,1,1,2.9252732781115958,0,5.422725250947432
15,-1,1,1,3.879477968653978,0,6.403511597632764
13,4,0,1,3.29797881337491,0,5.925754812582428
14,4,1,1,3.7219451477061227,0,7.009764086633933
12,2,1,0,1.955635975745321,0,3.801910796829603
16,2,1,1,4.013515941622856,1,9.455830373884655
12,1,1,1,3.0565002325110746,0,6.534275258787698
15,7,0,1,2.705780186815632,0,5.335825925552468
13,6,1,1,4.208671561366934,1,9.95679561894288
12,3,1,1,3.5467496029597867,0,6.692861001464586
16,-1,0,1,6.169115032551041,1,11.946266877327018
12,2,1,0,5.150903132832247,1,11.867698554460052
11,4,1,1,3.311154117491284,0,6.6232313048748885
13,4,1,1,2.7579832192381972,0,6.554885544788777
14,7,1,1,5.499804733404538,1,11.258482533605871
7,0,1,1,4.13150344856801,1,11.364753205752907
19,0,1,1,4.047077044659754,1,9.638006532897021
13,4,1,1,5.073870928085723,1,10.858821616250774
13,2,0,0,7.791251674357674,1,13.074211991965363
16,0,1,1,4.248349666435261,1,10.619649896553753
12,1,1,0,3.2533315842082797,0,6.107010401666853
9,7,0,1,3.9915212606379464,0,7.810465198206982
16,4,1,0,5.949841049812944,1,10.871707763421396
12,5,1,1,6.937547108209719,1,11.83593941946288
15,7,1,1,0.5279809711552668,0,1.5168284175450748
16,-1,1,0,7.391630132604922,1,13.261542867926938
14,0,1,1,1.4430766957102814,0,3.7093475948287056
14,2,1,0,5.812115191299303,1,11.86666747704341
14,1,0,1,4.453318086020392,1,11.219132674571346
19,2,1,1,5.38339820737068,1,11.105073622587186
18,-2,0,0,5.603586060734234,1,11.572440602358014
17,4,0,1,4.520053739170667,1,10.219826292656192
10,0,1,1,0.21560718956787195,0,1.6876400696069145
15,-2,0,1,4.246553771123663,1,9.973365951680528
14,7,1,0,7.081703747984388,1,13.043539915371401
10,5,1,0,5.667988376117739,1,12.649305492505135
13,-1,0,0,5.386884654010518,1,12.788465533523368
16,0,1,0,6.316759448671625,1,11.642719459536057
17,-1,0,0,6.931646795934007,1,12.842642731967652
11,0,1,1,2.3676318198411836,0,5.811526214783704
15,1,1,1,5.945961766476451,1,11.800642160076205
16,2,1,1,2.970734507434662,0,4.690986284258056
13,0,0,1,6.335644671526456,1,12.044589611405742
12,0,1,1,4.683284825464913,1,12.103514697823247
11,0,1,0,2.3574603363642472,0,5.556644339125567
12,0,0,1,3.633869445346872,0,7.449126434714447
16,1,1,1,7.3799807827944255,1,12.699288045970276
8,2,1,0,4.587851944410794,1,11.967136059919257
13,4,1,1,5.09360423091505,1,11.354063592889062
13,1,1,0,3.5500038480600122,0,6.3978314462557435
17,1,0,1,4.789044796079258,1,10.932326425523199
14,1,1,0,2.427271456355088,0,5.413479033958795
16,5,0,1,4.768347035069261,1,10.290638587062757
13,1,1,0,4.279981266397273,1,10.143238770786196
11,1,0,0,4.197643900296503,1,10.91730954633188
15,0,0,0,5.5086063394584635,1,11.431766304378757
10,2,0,1,4.4617481707464375,1,11.25575013752238
14,4,1,0,5.366130464803942,1,11.54741122576167
15,3,0,0,5.171189050920376,1,9.985891359211012
9,0,0,1,5.255733540680848,1,12.250343608755843
16,0,1,1,3.7631040445167723,0,6.549813057138932
14,1,0,1,5.376258732904562,1,11.818117293629056
12,7,0,1,4.6952747581597905,1,10.3753900190353
15,1,1,1,1.501275330177029,0,3.1625206854048633
10,2,0,1,2.8231461867976044,0,6.447425331155341
9,2,1,1,2.4900441588354427,0,6.144506337405192
17,0,0,0,4.9708804338492705,1,9.462593994392156
11,2,0,1,-0.36983987947911956,0,1.3774079908769608
14,4,1,1,7.989211746978495,1,13.626278249980375
15,1,1,1,4.703115935219073,1,10.621558334089112
15,3,1,0,5.187035465155634,1,10.035829352929563
11,2,1,1,2.8855741466385267,0,6.381852859092074
17,0,1,1,7.756557629244638,1,13.200136095735322
9,5,0,1,6.189599273636222,1,12.468253296798775
8,-1,0,0,1.1340551462232953,0,4.328531091648825
17,0,0,1,4.4005158150916595,1,9.502486015946324
11,-3,1,1,6.3239704264853565,1,13.694154055553227
12,0,1,1,6.658000561986626,1,13.245330937334607
11,7,0,1,7.572103224794937,1,13.49697292301798
17,4,1,0,2.396594877336457,0,3.847634773596404
10,5,0,1,4.7376602634001275,1,10.620413424195144
12,3,1,0,5.182425927441804,1,11.853897585666855
11,7,1,0,2.9042258556038005,0,6.455165656660645
16,4,0,1,1.942131225932191,0,3.6275908663932475
12,1,1,0,1.0502600793728711,0,3.7641162206800827
16,4,1,0,1.8145639787275867,0,2.495499161684408
15,1,0,0,4.752140437382318,1,10.844490677002012
17,3,1,0,4.346333316703173,1,10.321665558280554
15,2,1,1,4.1586254935346485,1,10.641960515356129
10,0,0,0,2.4655804029393735,0,4.87472562020545
14,-2,1,1,1.2376403042703554,0,3.8065152508755586
11,3,0,1,1.573821938435045,0,3.8556395129274423
13,1,0,1,1.217540138458579,0,3.589180428859787
16,4,0,1,1.9779256464979431,0,1.8008644797139888
13,2,1,0,2.611678757960494,0,4.726242651854543
18,0,0,0,3.241113104424191,0,6.386811623174411
15,-3,0,1,5.1322873466580425,1,11.5995509218936
15,3,0,1,2.1735544257024495,0,3.1233040599293105
19,2,1,0,4.583439353168894,1,10.256810346849171
9,2,1,1,3.4622623883651498,0,7.273973873818416
10,0,1,0,1.4218384917739035,0,3.8748513544315095
11,8,1,0,4.108282036421979,1,10.548361246962575
10,2,1,0,5.349851427137273,1,12.958309554288343
10,1,0,1,3.8373173009945667,0,8.792510147989157
16,4,0,1,0.7782573937046218,0,1.9782063253584894
17,-1,0,1,7.044637417384874,1,13.4168968263894
16,4,0,0,5.398753579990645,1,10.07364360579566
13,0,0,1,5.8903525230425355,1,11.40428613265161
13,3,0,0,3.7346295585636358,0,7.382421542831791
15,1,0,1,3.0484314140915174,0,6.1590408712800535
18,2,0,1,4.015251526890719,1,9.587488352509798
14,3,0,1,2.0518189299399925,0,4.077960749238754
13,6,0,1,3.60104542442281,0,7.547327515701859
13,2,1,0,1.1434423213867122,0,3.87877935225378
13,0,1,1,6.41816369145538,1,12.209868003775913
