unit_id,post,D,Y,X1,X2,X3,X4
0,0,0,48.87643624503427,5,6,1,1
1,0,0,50.72123917633352,2,7,0,0
2,0,1,49.00210770373419,6,5,1,0
3,0,0,50.608880123338615,3,6,1,0
4,0,1,50.25026442934223,1,4,0,0
5,0,1,49.064863605706066,4,6,0,1
6,0,1,48.61612106308782,5,5,0,1
7,0,1,47.7295818240674,5,6,0,0
8,0,0,50.20647395493849,5,5,0,1
9,0,1,48.11970275651148,5,7,1,0
10,0,1,46.74284618794171,2,7,0,1
11,0,0,48.836008999664266,4,4,0,0
12,0,1,48.14103342377099,6,5,0,1
13,0,1,47.995824763001906,3,6,1,0
14,0,1,47.90301038928413,3,8,0,1
15,0,0,50.244617278260165,5,4,0,0
16,0,1,50.77702781524006,6,5,0,0
17,0,0,48.97472235473251,3,6,0,0
18,0,1,48.174425752997614,4,5,0,0
19,0,0,47.99619953034058,2,6,1,1
20,0,1,49.65229816867263,1,6,0,1
21,0,1,52.21676756049604,6,6,0,0
22,0,0,48.55875891414633,2,5,0,0
23,0,1,48.40392404872514,6,5,1,0
24,0,1,50.28509038079353,5,6,0,0
25,0,0,50.74196727767421,0,5,1,1
26,0,1,49.67876537959666,3,5,0,1
27,0,1,50.98559987302534,3,4,1,1
28,0,0,48.723994502567884,4,6,0,0
29,0,0,49.275903824709374,6,5,1,1
30,0,0,50.31770073221043,2,8,0,1
31,0,1,51.43056159137572,3,5,0,0
32,0,1,50.31390764761177,4,5,0,0
33,0,1,48.520963042909024,6,6,0,0
34,0,1,47.1202932597364,4,7,0,0
35,0,1,48.347090584001954,2,5,0,0
36,0,0,50.305827691828355,4,6,1,1
37,0,0,49.88369279759256,1,5,1,0
38,0,0,50.163799338541786,1,6,1,0
39,0,1,51.847279328029025,6,4,1,1
40,0,0,48.877803030566014,5,7,0,1
41,0,1,49.08305312388146,3,5,1,0
42,0,0,49.70880682188552,4,6,1,0
43,0,1,47.63814147128292,3,5,1,0
44,0,1,49.86838941676554,0,3,0,0
45,0,1,51.70836638529014,4,5,0,1
46,0,0,48.575383911194145,0,6,1,1
47,0,1,51.88157063298467,2,6,0,1
48,0,0,49.65672884324178,4,6,0,1
49,0,0,48.707539340259636,1,5,0,0
50,0,1,48.105773754461715,3,6,0,0
51,0,0,49.22649478731919,1,5,0,1
52,0,0,49.9271707384166,4,4,0,0
53,0,1,49.28331245287208,5,5,1,1
54,0,1,51.04405121058793,4,7,1,0
55,0,1,49.013789451222586,3,6,0,1
56,0,1,49.17475185724663,2,6,1,1
57,0,1,50.44139876713099,2,5,1,0
58,0,1,49.018160066055515,3,6,1,0
59,0,1,48.24543554034556,6,5,1,1
60,0,1,48.813622664651966,7,4,1,0
61,0,0,50.2332845684976,4,5,1,1
62,0,1,49.77155879445375,2,5,0,0
63,0,1,46.615015365924734,6,5,0,0
64,0,0,49.73671598546673,2,5,1,0
65,0,0,48.799465212786046,5,7,0,0
66,0,1,49.964042070954704,6,8,1,0
67,0,0,50.4747173389239,3,5,1,0
68,0,1,49.76682184892063,4,7,0,1
69,0,1,48.60483348694145,4,5,0,0
70,0,1,50.017397803087654,2,6,1,0
71,0,1,48.22311892389992,7,6,1,1
72,0,0,50.629705327419515,1,6,0,0
73,0,1,51.623343492209116,3,6,1,0
74,0,0,48.2661775521159,3,6,0,0
75,0,1,47.78633910081715,5,6,1,1
76,0,0,48.817237277050765,1,5,0,0
77,0,1,47.89431657691043,4,5,0,1
78,0,1,48.58629970311764,4,8,0,1
79,0,0,48.27946359222506,4,4,0,1
80,0,0,48.90401628670183,3,3,0,1
81,0,0,49.21925058227811,1,6,0,0
82,0,0,48.72389830045444,3,5,0,1
83,0,0,48.7827756466982,3,5,1,0
84,0,1,47.48191664654944,3,6,0,1
85,0,0,47.67658504626823,5,4,0,0
86,0,0,48.678436471256845,6,5,0,1
87,0,1,49.11029836739262,1,6,0,1
88,0,0,49.43039058318815,2,6,0,1
89,0,0,47.4771888870645,3,6,1,1
90,0,1,48.7227313568921,3,6,0,0
91,0,1,49.22458574687983,4,4,1,1
92,0,1,49.47014623204479,4,6,0,0
93,0,0,50.57112957603824,3,4,0,1
94,0,1,49.335707630135474,2,6,1,0
95,0,1,48.95827688482937,5,5,0,0
96,0,1,50.906295853602856,5,6,0,0
97,0,1,50.19798873535716,0,5,1,0
98,0,1,49.601159682214984,0,6,0,0
99,0,0,49.662882648449916,5,5,0,1
100,0,0,49.162370341187035,4,4,0,1
101,0,0,49.21387475655394,3,7,0,1
102,0,0,48.80001405140696,4,5,0,0
103,0,0,48.62718075320999,4,5,0,1
104,0,0,50.268387836973744,4,7,0,1
105,0,0,48.66970887308321,4,6,0,1
106,0,1,48.73182987003514,3,6,0,0
107,0,0,50.09391752540357,2,6,0,1
108,0,0,49.34682953164589,3,5,0,0
109,0,1,49.53035019682763,8,5,0,0
110,0,1,48.851940447006385,5,5,0,0
111,0,0,50.217906326042126,2,7,0,1
112,0,0,49.71343912898367,6,5,0,0
113,0,1,49.15171085071352,5,5,0,1
114,0,1,48.732717923316045,4,8,1,1
115,0,0,49.76955264692402,4,4,1,0
116,0,0,48.52895105601441,2,6,0,1
117,0,0,49.701680001534854,5,6,1,0
118,0,0,49.5172381555148,1,5,1,0
119,0,0,50.036333030939005,5,6,0,1
120,0,1,46.952557428292494,5,5,0,1
121,0,0,48.92161031429024,3,4,0,1
122,0,0,49.03102335150403,2,4,0,1
123,0,0,48.94975877407721,5,8,0,0
124,0,0,47.981529771029216,4,6,0,1
125,0,0,49.78824410276379,1,6,0,0
126,0,0,48.43494794361424,7,5,1,1
127,0,1,48.26600615225323,2,5,1,0
128,0,1,49.82311261937023,3,6,1,0
129,0,0,48.77855874898629,5,6,0,1
130,0,1,48.362372993461435,1,7,1,0
131,0,1,51.10732011443506,2,8,1,0
132,0,0,48.51619939834338,3,5,1,0
133,0,1,49.4358916187481,0,5,0,1
134,0,0,51.01272822986567,1,7,0,0
135,0,0,49.39624687500961,4,6,0,0
136,0,0,49.40475074040649,3,5,0,1
137,0,0,48.55029623704566,6,6,1,0
138,0,0,48.72256108785902,1,6,1,0
139,0,1,48.790318927490866,3,5,1,0
140,0,0,49.68196026966173,3,5,0,0
141,0,1,48.8505944801399,3,5,0,0
142,0,0,48.00794206161463,4,5,0,0
143,0,0,50.386067175214166,3,5,0,0
144,0,1,48.183581374437566,3,7,1,1
145,0,0,49.59351360184697,0,5,0,0
146,0,0,48.69950692801634,3,4,1,1
147,0,1,47.83792336443913,3,5,0,1
148,0,0,48.71086633564952,7,5,0,1
149,0,0,50.9767685651183,2,5,0,1
150,0,1,49.86790327910256,3,5,1,0
151,0,1,50.95113210070101,6,7,0,0
152,0,0,49.04243554706725,1,5,1,0
153,0,1,48.222687788592914,3,5,0,1
154,0,1,48.543430536363665,0,6,1,1
155,0,0,49.178114334858634,4,5,0,0
156,0,1,48.877089877410704,3,5,0,0
157,0,1,49.99328134633323,1,5,1,0
158,0,1,48.895656791208424,0,4,1,0
159,0,1,48.18976402058639,4,5,0,0
160,0,1,49.78793398036236,4,6,0,1
161,0,1,49.76509881339117,4,6,0,0
162,0,0,49.1281204361254,2,6,0,1
163,0,0,48.138645227788,1,6,0,0
164,0,1,48.95896271146041,4,5,1,0
165,0,0,50.30619598214719,4,4,1,0
166,0,1,48.35662940580103,3,7,1,0
167,0,0,48.48073721150818,7,6,0,1
168,0,0,49.93778981399129,5,7,0,0
169,0,0,49.24825558106008,4,4,0,0
170,0,1,48.58441756227331,2,5,0,1
171,0,0,49.07388758631459,3,6,0,0
172,0,1,50.719404559462866,2,4,0,1
173,0,1,49.92643789645129,2,5,0,0
174,0,0,49.10686150866003,4,7,1,1
175,0,1,47.21006998246966,3,5,0,0
176,0,1,48.35165315062975,3,6,0,1
177,0,1,48.971334266660115,4,5,1,1
178,0,0,49.20784913587466,4,4,0,1
179,0,1,48.2731873142881,3,5,0,1
180,0,0,50.329427893486255,3,5,1,1
181,0,0,49.494149187849054,7,7,1,1
182,0,0,48.481882487320455,6,4,1,0
183,0,0,49.23753198828575,3,7,1,1
184,0,1,47.9331619436364,6,5,0,0
185,0,1,49.443936439840996,1,6,0,0
186,0,0,50.64947785407295,3,4,1,0
187,0,0,50.316873638873304,3,4,1,0
188,0,1,49.347047491915845,5,3,1,0
189,0,1,49.14169733512511,8,4,0,1
190,0,0,48.13823831959902,3,5,0,1
191,0,0,48.33834592095734,3,5,0,0
192,0,0,47.33267615353423,7,6,0,1
193,0,0,49.921071673724065,2,6,0,0
194,0,0,49.63460421727724,4,5,0,1
195,0,0,49.96052620342942,2,5,0,1
196,0,0,49.38056380022402,2,6,1,1
197,0,0,49.617596901088504,4,4,0,1
198,0,1,47.498465740389406,4,6,0,1
199,0,0,50.19214660945219,3,5,1,0
200,0,1,48.911786238250464,6,4,0,0
201,0,0,49.50996164850392,1,5,1,1
202,0,0,48.848576539560845,4,6,0,1
203,0,1,47.96761059330683,3,6,1,1
204,0,0,50.45479749729022,1,5,0,0
205,0,0,48.28114623498522,3,4,1,0
206,0,0,48.949742148172476,6,4,1,0
207,0,0,50.63223108805167,3,5,1,0
208,0,1,49.61146100245364,1,4,0,0
209,0,0,48.64125173088531,3,7,1,1
210,0,0,47.74347819979189,1,6,0,1
211,0,1,49.656382454089986,0,5,0,1
212,0,1,46.73790314714122,4,5,0,0
213,0,1,50.56172853805333,4,5,1,0
214,0,1,49.899064689533105,1,5,0,0
215,0,0,49.70214478977964,7,7,0,0
216,0,0,50.42097501923395,3,6,1,0
217,0,0,48.73140616674148,3,4,0,0
218,0,1,48.686084145962795,5,6,1,1
219,0,0,48.02475734442161,2,7,0,1
220,0,1,47.71116102974801,5,4,0,0
221,0,1,49.72035948237669,4,5,0,1
222,0,1,50.85024647728213,6,7,0,1
223,0,1,49.32669924989055,7,5,1,0
224,0,0,52.33702248979521,6,7,0,1
225,0,1,48.59438713685605,2,5,1,0
226,0,0,49.60659098480631,4,3,1,1
227,0,0,49.871140740187535,0,6,1,0
228,0,1,49.53622606347267,4,6,0,0
229,0,1,49.426608910848735,4,5,1,0
230,0,1,48.52916582967324,3,4,0,1
231,0,1,48.1779806061493,4,7,0,0
232,0,1,50.40495368017141,4,7,1,1
233,0,1,49.66942463440618,3,4,0,1
234,0,1,50.44228010235934,3,5,0,0
235,0,0,49.176679496283896,4,3,1,0
236,0,1,50.00307767549716,3,6,0,0
237,0,0,49.518952953679616,0,5,0,0
238,0,0,49.130047851035144,3,5,1,1
239,0,0,47.78805761560012,3,5,1,1
240,0,0,47.966821955084335,2,4,0,0
241,0,0,49.69782091168128,4,4,0,0
242,0,1,49.175118635936926,6,7,1,0
243,0,1,49.67720073727568,1,6,0,1
244,0,0,47.733995956297434,2,7,0,1
245,0,0,50.27965705940662,5,6,0,0
246,0,1,49.66452773715252,2,5,0,1
247,0,1,47.63106530294682,5,6,0,0
248,0,1,48.45370577317187,1,5,0,0
249,0,1,48.59517459365351,4,5,1,0
250,0,1,48.7072938049624,2,5,1,0
251,0,1,50.27879749942459,6,6,0,0
252,0,1,47.975095213764014,4,6,0,1
253,0,0,50.50104164689537,4,6,0,1
254,0,1,47.83878459674186,2,6,0,1
255,0,0,49.30196306261234,4,6,1,0
256,0,1,47.52470341635095,4,5,0,0
257,0,1,49.25034841022606,3,4,0,0
258,0,1,48.72562675653483,4,5,1,1
259,0,0,50.31748924708585,6,6,1,1
260,0,1,48.42685894849424,6,5,1,0
261,0,1,47.705286320929844,4,6,0,0
262,0,0,49.9532086639211,4,6,1,1
263,0,1,49.215150525996755,3,4,0,1
264,0,1,49.54074295352125,4,5,1,0
265,0,0,49.635451108426935,4,4,0,0
266,0,1,49.30833785524488,3,5,1,0
267,0,0,49.73352460508809,2,3,1,0
268,0,1,49.22600707460696,2,6,0,0
269,0,0,49.91339155551408,6,5,0,1
270,0,1,49.333231827072225,5,5,0,1
271,0,1,49.30865987506002,3,5,0,0
272,0,1,49.24914682032573,2,5,0,0
273,0,0,49.89109395890882,1,5,0,0
274,0,0,49.88291981137985,4,6,1,0
275,0,0,49.21260956213112,5,7,0,1
276,0,1,51.07181017312603,0,6,1,0
277,0,0,49.017732564277104,2,5,1,0
278,0,0,49.310494757077095,6,5,0,0
279,0,0,48.847552018983976,5,7,0,0
280,0,0,48.48263442034269,3,6,1,0
281,0,0,48.725947395008234,2,6,1,0
282,0,0,50.15143179130378,1,5,1,0
283,0,1,49.21137408146367,4,6,1,0
284,0,1,48.40236454996833,5,5,1,0
285,0,1,47.28207309058415,4,5,0,0
286,0,0,50.30256267539136,6,5,0,1
287,0,1,48.46991196375566,5,5,1,1
288,0,0,51.328076748254155,0,6,0,0
289,0,0,48.663625336227426,3,6,0,1
290,0,1,49.94061678974065,4,6,1,1
291,0,1,49.75041526321887,6,5,0,1
292,0,1,50.14603489260658,5,7,1,1
293,0,0,50.416536159491244,2,4,1,0
294,0,1,50.028984949963004,5,5,1,1
295,0,0,48.01090759961251,4,5,1,0
296,0,0,48.947694267319065,4,5,0,0
297,0,0,47.8010753578721,4,5,1,0
298,0,1,50.97562506789537,5,6,0,1
299,0,0,47.28559536608421,4,5,0,0
300,0,0,48.94327006438501,4,6,0,0
301,0,0,48.78261750980029,5,5,0,0
302,0,1,48.69589180118966,5,5,0,0
303,0,1,50.441486309530255,2,6,0,1
304,0,0,48.61801180882997,6,5,0,0
305,0,0,47.30693912442431,5,7,1,0
306,0,0,49.56821297235313,5,7,0,0
307,0,1,49.443590235538124,2,7,0,0
308,0,1,49.76156850709961,6,4,1,0
309,0,0,49.30521533746055,4,7,0,0
310,0,0,49.31998445689964,4,7,0,1
311,0,0,47.86103246791998,1,5,0,0
312,0,0,48.031166370986725,0,7,0,0
313,0,1,49.43925285005989,1,5,0,0
314,0,1,49.078981104821885,3,6,1,1
315,0,0,48.229442214074105,7,6,1,1
316,0,0,51.17502476163886,3,5,0,0
317,0,1,49.74934381196187,7,6,1,1
318,0,1,48.62598539171197,5,5,0,1
319,0,0,49.190044942811646,3,6,0,0
320,0,0,50.13733149788204,6,6,1,0
321,0,0,50.56422349541099,2,7,1,1
322,0,1,48.060512337301965,5,6,1,1
323,0,1,47.6573257098047,3,5,0,0
324,0,1,50.149307400670246,8,6,0,0
325,0,0,50.62475185023339,2,6,0,0
326,0,1,49.17259173563442,6,7,1,0
327,0,1,50.00187775157217,5,5,1,0
328,0,1,48.13955466474152,4,5,0,1
329,0,0,50.1014875703283,5,5,0,0
330,0,0,48.79753562868475,5,6,0,0
331,0,0,48.921419069250256,5,6,0,0
332,0,0,50.330091797032495,2,5,0,1
333,0,0,47.2478035854745,4,7,1,1
334,0,0,49.277983968811505,2,5,0,1
335,0,1,47.85732469148964,4,7,0,1
336,0,1,48.747897266141145,5,5,0,1
337,0,0,50.3374832335267,3,6,1,1
338,0,0,49.4437812871174,2,5,0,0
339,0,1,50.005787233338175,3,5,1,0
340,0,1,50.94329050790669,3,5,0,1
341,0,1,48.302514367618926,4,5,0,0
342,0,0,49.42875342543744,3,4,1,0
343,0,0,48.61657123238631,3,6,0,0
344,0,0,49.74533111022293,3,5,0,0
345,0,0,49.32306853314632,1,5,1,1
346,0,1,49.817266395528115,0,4,1,1
347,0,0,48.94790515255267,5,7,0,0
348,0,1,49.92508921567085,7,7,0,1
349,0,0,46.57897403215643,4,5,0,0
350,0,1,48.947080236668,4,5,1,1
351,0,0,48.93173949201534,5,5,0,1
352,0,1,48.108212495720466,1,8,1,1
353,0,0,48.26662485975287,5,5,0,0
354,0,0,50.093955066033736,2,6,0,1
355,0,1,48.12941122149807,3,7,0,0
356,0,0,50.228522254124876,4,6,0,0
357,0,0,49.76291100158628,5,4,0,1
358,0,0,48.978384950684635,4,4,0,1
359,0,0,50.63826111627867,4,6,0,0
360,0,0,49.71704352920681,1,5,1,1
361,0,0,49.23723061991424,4,5,1,0
362,0,0,49.22879493075191,1,4,1,0
363,0,0,49.44420360700393,3,6,0,0
364,0,0,48.81205456104922,1,6,1,1
365,0,0,49.88764931330123,4,5,0,0
366,0,0,49.89558511112458,6,7,0,0
367,0,0,48.77049696205442,1,5,1,0
368,0,1,50.64449745500465,1,6,1,0
369,0,0,49.379512611474304,3,5,0,1
370,0,1,47.16177929587939,1,5,1,0
371,0,0,47.66525582850756,3,4,1,0
372,0,1,49.28962758547973,6,5,0,0
373,0,0,50.35583747413492,9,6,0,1
374,0,0,48.22123608739071,5,5,0,0
375,0,0,48.55019853735978,4,5,0,1
376,0,0,49.48884108418789,4,7,0,0
377,0,1,49.59355300700507,4,6,0,0
378,0,1,49.410641079745176,2,5,1,1
379,0,0,49.54546001492643,5,5,0,0
380,0,0,49.92170640767721,6,5,0,0
381,0,1,49.30089025185061,1,5,0,0
382,0,0,49.313791420461946,3,5,1,0
383,0,0,49.26660309696842,4,6,0,0
384,0,0,49.01202582709294,4,6,1,1
385,0,0,49.292108358495355,5,7,1,1
386,0,0,48.27192995749188,9,5,0,1
387,0,0,48.48643732653934,5,6,0,0
388,0,0,50.10318560747238,3,7,1,1
389,0,0,49.02893890589522,2,5,1,0
390,0,1,47.85811518858309,4,5,0,1
391,0,1,50.547094581202316,2,3,1,1
392,0,1,49.57589098881513,1,5,0,1
393,0,1,48.629398681119596,4,6,0,1
394,0,0,50.02626159715027,0,6,1,0
395,0,0,51.648564217148376,5,4,0,0
396,0,0,50.87929374820941,4,5,1,0
397,0,0,48.033986570871136,2,7,0,0
398,0,0,50.01388544951275,3,5,0,1
399,0,1,48.99804327820988,7,4,0,1
400,0,1,48.347608533606866,5,4,1,1
401,0,1,49.93201594134058,0,6,1,0
402,0,0,47.646158114467625,0,6,0,0
403,0,1,51.068812838472795,6,4,1,0
404,0,1,47.50057876974396,4,5,0,1
405,0,0,47.62613735505024,4,6,0,1
406,0,1,48.46257567953742,1,5,0,0
407,0,0,48.731342391063045,5,5,0,0
408,0,0,49.73422769432281,3,6,0,0
409,0,1,50.64055529680491,2,6,0,0
410,0,1,50.593415893785085,5,5,0,0
411,0,1,48.41802989895728,5,7,1,0
412,0,0,49.10396662117199,2,7,0,0
413,0,1,49.13220248610021,0,5,1,0
414,0,1,50.377912878427274,5,5,0,1
415,0,0,50.39989854057243,3,6,0,1
416,0,0,50.08326471335265,3,4,1,0
417,0,0,49.155409463572305,5,4,1,1
418,0,1,49.17743175075365,7,6,0,0
419,0,0,49.99646131450754,5,5,0,0
420,0,1,48.55416781391136,3,5,0,0
421,0,1,49.01686632224925,5,8,1,0
422,0,1,47.68367603236973,3,7,0,0
423,0,1,48.252810882325186,7,6,0,1
424,0,1,46.63753359296262,5,6,1,0
425,0,1,47.854178541387334,4,7,0,0
426,0,1,49.51858639213409,2,6,1,1
427,0,0,48.82183127898862,0,6,1,0
428,0,0,51.77494339250931,0,6,0,0
429,0,0,48.60591330185418,1,6,0,1
430,0,0,49.816610107365904,5,4,0,0
431,0,0,48.87773827536008,4,5,1,1
432,0,1,51.34595196136012,2,5,0,0
433,0,1,49.15437690283054,5,6,0,1
434,0,1,47.531100191929056,4,4,0,1
435,0,0,49.522725426165515,7,5,0,0
436,0,0,48.3530241497651,6,7,0,1
437,0,1,50.38908611920226,3,6,1,0
438,0,1,49.853632692199824,5,5,1,0
439,0,1,48.365216331941966,3,7,0,0
440,0,1,50.088510366628654,5,6,0,1
441,0,1,47.86838067922954,5,6,1,0
442,0,1,48.13214792174708,1,5,0,1
443,0,0,49.58161273467779,3,6,0,0
444,0,1,49.93538807763893,3,5,0,0
445,0,0,48.338003985156746,5,5,0,0
446,0,1,49.830840679937445,6,6,0,0
447,0,1,50.119559446489156,1,5,0,0
448,0,0,49.003630811608986,0,4,1,0
449,0,0,48.59762033684746,5,4,0,0
450,0,1,49.497608598934846,2,6,0,1
451,0,1,49.093403871411915,3,3,0,0
452,0,0,49.25349366054682,4,6,1,0
453,0,0,50.13707448347139,4,8,0,0
454,0,1,50.33172800457236,3,7,0,1
455,0,1,47.992304638993126,7,6,1,1
456,0,1,48.89582238711868,2,6,1,0
457,0,1,47.92237105843286,1,5,0,1
458,0,0,48.229529987954166,4,5,0,1
459,0,0,48.995136730533794,6,6,0,0
460,0,0,49.704762860264275,2,6,0,1
461,0,0,49.45991279479033,5,3,1,1
462,0,0,49.315347449581374,2,5,0,0
463,0,1,50.19543946631489,3,7,1,1
464,0,1,48.816233339330395,5,6,0,0
465,0,1,50.51443971328831,3,6,1,0
466,0,0,49.639948857078444,1,6,1,0
467,0,0,50.40607318093364,5,6,0,0
468,0,1,48.788797696544634,0,5,0,0
469,0,1,49.62790410980269,2,4,0,1
470,0,1,50.76661789429556,1,7,1,0
471,0,1,48.00080314540953,5,6,0,0
472,0,0,48.62579844493048,3,7,0,0
473,0,0,49.77590218021905,5,4,1,1
474,0,0,49.50924256458021,2,4,0,0
475,0,0,49.11132803025491,4,6,1,1
476,0,0,49.33206184345394,3,4,0,0
477,0,0,48.934847950652845,4,6,1,1
478,0,1,47.36049754428968,5,6,0,0
479,0,0,48.97770241938265,5,6,0,0
480,0,1,50.08847650475442,4,4,1,0
481,0,1,47.96423077067965,3,5,1,0
482,0,0,47.25338449159285,4,5,0,1
483,0,0,51.05888049783774,2,5,0,0
484,0,1,49.514955542641,1,5,0,0
485,0,1,50.00043511927767,5,6,0,1
486,0,0,49.4499361022192,1,7,0,0
487,0,0,49.406909338784644,4,7,0,0
488,0,0,49.01868040696088,3,6,0,1
489,0,0,49.73608756092926,4,5,1,0
490,0,1,49.87651254952883,6,4,0,0
491,0,1,49.6533504854089,1,7,0,0
492,0,1,50.418193249695854,4,5,0,0
493,0,0,48.894394826029334,5,6,0,0
494,0,1,49.30530674971435,1,6,1,0
495,0,0,51.26584920440236,3,6,0,1
496,0,0,48.58296496993433,4,5,0,0
497,0,1,49.54649846612101,0,6,0,0
498,0,1,49.559822421866855,3,5,1,0
499,0,0,48.22531252508021,2,5,0,0
500,0,0,48.695305107731706,3,6,0,1
501,0,1,50.13407507665105,4,6,1,1
502,0,0,48.51033754749978,4,5,0,0
503,0,1,49.17499365592093,3,6,0,1
504,0,1,49.199001005980776,3,3,0,1
505,0,1,49.78702907722075,4,8,0,1
506,0,1,48.54590277866384,7,6,0,1
507,0,0,50.26017558749183,1,4,0,1
508,0,1,49.44752568731876,5,6,0,0
509,0,0,49.70423361833636,3,5,0,0
510,0,0,49.40518748015205,2,6,1,0
511,0,1,48.81567722942213,2,6,0,1
512,0,1,47.84252742970916,5,5,0,1
513,0,1,49.39242872442887,1,6,0,1
514,0,0,49.04155828104449,2,5,0,0
515,0,0,49.697758693967906,4,5,1,1
516,0,1,50.9079888341024,4,3,0,0
517,0,0,48.730873511394734,3,4,1,0
518,0,0,48.92102312510029,5,7,0,1
519,0,0,49.00867035178262,3,4,0,1
520,0,0,49.317728374599156,2,5,0,1
521,0,1,49.773394348466944,2,6,1,0
522,0,0,49.40965551545138,3,5,1,0
523,0,1,49.07575651925895,3,4,1,0
524,0,0,50.85667015614756,2,6,1,1
525,0,1,50.13258834224261,7,5,1,0
526,0,0,50.97625222965711,1,3,0,1
527,0,1,51.42837345706891,3,5,0,1
528,0,0,50.06912488916604,3,5,0,1
529,0,1,49.32101850892835,1,6,0,1
530,0,0,49.45718913976343,1,5,0,0
531,0,0,50.89800497686019,3,7,1,1
532,0,0,48.75802185346848,4,5,1,1
533,0,0,48.90803128041218,6,6,0,0
534,0,0,50.52446286130516,5,7,0,1
535,0,1,50.50449092031091,5,7,1,0
536,0,0,48.20888129805932,4,6,1,0
537,0,1,47.876246140721676,5,5,0,0
538,0,1,49.66832497546558,3,4,1,0
539,0,1,49.69591127712293,4,6,1,1
540,0,0,50.066042424199374,2,7,1,0
541,0,0,48.59862767859442,4,5,0,1
542,0,1,51.37904993526143,1,5,0,1
543,0,0,47.64427163725022,5,7,0,0
544,0,0,51.6949269604442,4,4,0,1
545,0,0,48.69990617960462,6,6,0,1
546,0,0,50.34672990429346,6,6,0,1
547,0,0,49.52454073900176,5,4,1,0
548,0,1,50.237068011655104,2,4,0,1
549,0,1,50.994942156089074,3,5,0,0
550,0,0,49.49416959579544,6,5,1,1
551,0,1,48.53311282833351,1,6,1,1
552,0,0,49.10274260813931,2,6,0,0
553,0,0,49.665485259196736,3,5,0,0
554,0,1,49.47021658362047,4,5,1,0
555,0,1,49.583912088426004,4,5,0,0
556,0,0,48.925334145506866,2,6,0,0
557,0,1,47.329431179732126,5,4,1,1
558,0,0,50.942493625201756,1,6,1,0
559,0,0,51.275654472940225,3,5,0,0
560,0,0,51.02260452391391,5,7,1,0
561,0,1,46.84378674487463,3,7,0,0
562,0,1,48.99038083044862,1,6,0,0
563,0,0,48.4333734486497,3,6,0,1
564,0,0,49.73780765698569,2,5,0,0
565,0,1,50.92238711732144,2,5,0,1
566,0,0,49.03854103062549,3,6,0,0
567,0,0,49.917513631416774,3,5,0,0
568,0,1,49.29541914647362,4,5,1,1
569,0,1,48.94861278881451,3,6,1,0
570,0,1,46.382739914573776,5,6,0,0
571,0,0,48.44930620519567,4,6,0,1
572,0,0,49.98452767118544,1,5,0,0
573,0,0,49.25204637027826,4,6,0,0
574,0,1,49.24812950819637,5,6,0,0
575,0,0,48.115066762524314,2,6,0,0
576,0,0,49.11434107153908,5,6,0,0
577,0,0,49.85356871605098,4,6,1,0
578,0,1,48.297423916247915,3,5,0,0
579,0,0,49.28896483506099,5,5,1,1
580,0,0,50.82940301163759,5,5,0,1
581,0,0,50.70276525621203,4,6,0,1
582,0,0,50.507094578079574,3,4,0,1
583,0,1,49.04629646862677,3,5,1,0
584,0,0,48.07866412034274,6,7,0,1
585,0,1,48.64947323077269,4,4,0,1
586,0,1,48.47501098105887,4,5,0,1
587,0,0,51.05681652849539,4,6,1,0
588,0,0,48.331669984045604,4,6,0,0
589,0,1,50.74514814162013,1,5,1,1
590,0,0,49.27631536037959,3,7,0,1
591,0,1,47.434906893233304,6,7,0,0
592,0,0,49.89588732276948,8,6,1,1
593,0,0,50.17433451339196,3,6,1,0
594,0,0,48.48024619461702,1,7,1,0
595,0,0,48.285673049536655,6,6,1,1
596,0,0,49.79042013290742,2,6,0,1
597,0,1,50.09752266192899,1,5,1,1
598,0,0,50.09138664035776,2,6,0,1
599,0,1,49.18313868919011,4,5,0,0
600,0,1,46.4724640092873,6,4,0,0
601,0,0,49.04121893459434,2,7,0,0
602,0,0,48.75780820179266,4,8,0,0
603,0,0,50.7374912970627,3,7,0,1
604,0,0,48.74682901826357,1,6,0,1
605,0,1,49.69360404459667,4,5,0,0
606,0,1,49.42582501063136,4,5,1,0
607,0,0,49.23378719112798,4,5,0,1
608,0,0,49.87687422414486,2,4,0,0
609,0,1,48.43091949071738,3,6,0,0
610,0,1,49.81466601751962,2,6,0,1
611,0,0,49.14435471213873,1,6,1,0
612,0,1,49.26501768584192,3,6,1,1
613,0,1,50.313888443135994,4,5,0,0
614,0,0,48.758045848630985,1,6,0,1
615,0,0,49.650454323428114,5,6,1,0
616,0,1,48.51658183998282,5,6,1,1
617,0,1,48.398107811792926,7,6,1,0
618,0,1,49.0862587221397,4,5,1,0
619,0,0,48.264595605709516,2,5,0,1
620,0,1,48.79120063174036,3,5,0,0
621,0,1,48.20593787566186,6,6,1,0
622,0,0,48.98631563834759,5,7,0,0
623,0,0,48.346403752354036,3,6,0,0
624,0,0,49.143091878472404,3,6,0,1
625,0,0,49.72036288217367,4,7,0,0
626,0,1,49.23460521620624,2,6,0,1
627,0,0,47.86469903957763,5,5,0,1
628,0,1,48.91080263003602,2,5,0,0
629,0,1,49.93071021430226,4,5,1,0
630,0,1,50.96034576234919,3,4,1,0
631,0,1,48.28480634145542,6,6,0,1
632,0,1,50.01384521993418,8,6,1,0
633,0,1,48.320757830977406,2,4,1,0
634,0,0,48.48349397961082,4,7,0,0
635,0,1,47.484078754345454,1,6,0,1
636,0,1,48.81642522125103,1,5,0,0
637,0,1,47.55182898381818,5,5,1,0
638,0,1,49.770782915784466,3,5,1,0
639,0,0,49.08326748315168,1,5,1,0
640,0,1,48.80463607969653,1,6,1,0
641,0,1,48.47548951004508,3,7,1,0
642,0,1,49.2358291178036,3,7,1,1
643,0,0,49.32629055415596,4,5,0,1
644,0,0,49.42336882438897,6,6,0,0
645,0,0,50.55883214722189,5,4,0,1
646,0,0,50.51801809201888,4,8,0,0
647,0,0,51.85462043800648,4,6,0,0
648,0,0,47.40356506881754,3,5,0,1
649,0,0,49.61484768227049,6,6,0,0
650,0,0,49.2987706145966,4,5,0,1
651,0,0,49.835805887399545,2,7,0,0
652,0,1,50.70545246757397,2,6,0,0
653,0,0,49.51022577990542,2,6,0,0
654,0,1,49.66041088442931,1,6,1,1
655,0,1,48.76486724508031,4,7,1,1
656,0,1,48.73160834051987,4,6,0,0
657,0,1,50.36461041803438,2,7,0,0
658,0,0,49.8007037801878,1,7,0,1
659,0,0,49.02324490294861,4,7,0,0
660,0,1,47.92460168935733,4,5,0,1
661,0,0,50.07732781498422,1,5,0,0
662,0,0,50.128415025240436,4,5,0,1
663,0,1,49.30007168118933,2,6,0,0
664,0,1,49.59588272659376,4,6,1,0
665,0,1,50.02196625129732,2,3,0,0
666,0,1,51.284560790369916,1,5,1,0
667,0,1,48.47368689497991,4,6,0,0
668,0,1,49.007232985189034,4,5,0,0
669,0,0,49.40911926791796,3,7,1,1
670,0,0,48.73340518632058,2,5,1,0
671,0,0,48.51259926440101,5,4,0,0
672,0,1,49.273188866441544,1,6,0,0
673,0,1,47.70750371665301,4,4,1,0
674,0,1,49.760120124261135,4,6,0,0
675,0,1,49.642864393812026,4,7,1,0
676,0,1,48.14559550769646,8,7,1,1
677,0,0,49.043455369008356,4,5,0,0
678,0,1,48.89015579719002,5,5,0,0
679,0,0,47.85153488909578,1,3,0,0
680,0,0,48.38554928663229,6,5,1,0
681,0,0,50.23885784652397,5,7,0,1
682,0,0,49.861402558225436,6,5,1,1
683,0,1,49.73349904919031,1,5,0,1
684,0,0,49.94655962055457,3,7,1,1
685,0,0,49.954551027205326,4,6,0,1
686,0,1,48.10309265103327,4,6,0,0
687,0,1,48.168393467692376,3,5,1,0
688,0,0,50.0392760809352,2,6,0,1
689,0,0,50.159599061138785,5,5,0,1
690,0,0,48.91908709995559,7,5,0,1
691,0,0,49.25782091211829,6,5,0,1
692,0,1,49.29239135922188,0,4,1,1
693,0,0,50.10241971336257,2,7,1,0
694,0,0,48.100671221266936,7,5,1,0
695,0,1,49.05807305614292,2,5,1,0
696,0,0,48.49553845562902,2,8,0,0
697,0,0,48.81796696556816,1,4,0,1
698,0,1,48.68046241806258,7,5,1,0
699,0,0,48.754658693789594,4,5,1,0
700,0,0,48.291629730005916,4,5,0,0
701,0,0,48.58671516485277,2,6,1,1
702,0,1,50.00462763077438,1,5,0,0
703,0,1,48.058456689461586,5,5,0,0
704,0,0,50.58604039280477,0,6,1,0
705,0,1,47.53259113539802,2,7,0,1
706,0,1,48.78387927580458,4,5,1,0
707,0,1,49.13746090035999,4,6,1,0
708,0,1,46.977094006464625,2,7,0,0
709,0,0,47.400008144403856,2,4,0,0
710,0,0,47.30007302585166,4,7,1,0
711,0,1,48.9062836418745,3,6,0,1
712,0,0,50.06555087146792,4,5,0,0
713,0,0,50.775427591004934,3,7,0,0
714,0,0,50.147216441976425,1,5,1,1
715,0,0,47.84630275683161,4,3,1,1
716,0,1,48.44564334124087,3,5,0,1
717,0,1,51.14272661581324,3,6,1,0
718,0,1,49.66731461460777,4,5,0,1
719,0,0,49.79308856363468,4,6,1,0
720,0,1,47.035173749492955,4,5,1,0
721,0,0,49.12987007341117,4,6,1,0
722,0,1,50.081026534851965,5,5,1,1
723,0,1,49.904901406605624,4,6,1,0
724,0,0,49.26681501463799,2,6,0,0
725,0,0,49.730129968099405,5,6,0,0
726,0,0,47.87677724429011,3,5,0,1
727,0,1,49.08765822549429,2,6,1,0
728,0,0,48.38133037917412,4,6,0,0
729,0,0,50.952242349624925,0,5,0,0
730,0,0,50.01027554556416,4,4,1,1
731,0,1,47.01463858290305,0,6,0,0
732,0,1,50.088990325834004,2,4,1,1
733,0,0,48.54067975745807,5,5,1,0
734,0,0,48.94539801511855,4,6,0,1
735,0,0,47.94173570534131,3,5,0,1
736,0,0,48.53535270984049,4,6,0,1
737,0,1,47.58592988695691,4,4,1,0
738,0,1,49.12240017693152,4,5,0,0
739,0,1,49.87708741070285,5,6,0,1
740,0,0,49.784868284639344,4,6,0,0
741,0,0,48.446295173140065,2,4,1,0
742,0,1,49.70925007597287,4,6,0,0
743,0,1,48.04271537067811,7,5,0,1
744,0,0,49.514122867112334,1,7,1,0
745,0,1,49.79918105325016,1,4,1,0
746,0,1,49.1910328096991,1,7,0,0
747,0,0,47.90913318755143,5,5,0,0
748,0,1,48.89188937021768,3,7,1,1
749,0,0,47.93596080399093,6,5,1,1
750,0,0,48.25540382526347,4,6,0,0
751,0,0,48.098190063918096,5,6,0,1
752,0,1,49.5066432583532,4,7,1,0
753,0,1,49.12639001400701,6,6,0,0
754,0,1,49.144147489168446,1,7,1,1
755,0,1,47.97217342473186,3,6,0,0
756,0,1,48.180840565003294,4,4,0,0
757,0,1,48.51859630256979,5,4,0,1
758,0,0,49.742623686103315,5,7,1,1
759,0,0,49.47029386365494,3,4,0,1
760,0,1,48.75227562157833,2,6,1,1
761,0,1,49.59161956248387,3,4,1,1
762,0,0,48.83419627628465,2,6,0,1
763,0,0,47.806314907310096,5,7,0,0
764,0,0,49.80981526843767,2,5,0,0
765,0,0,48.63167719158055,3,6,0,0
766,0,1,49.58280231188767,5,7,0,0
767,0,0,48.72912795464761,6,6,0,1
768,0,1,50.7777832487916,1,7,0,0
769,0,1,46.8726771735054,4,7,1,0
770,0,0,49.46342363090262,2,6,1,0
771,0,1,48.407398404835625,8,3,1,0
772,0,1,49.549876003985844,3,6,1,0
773,0,1,49.61256686229863,0,6,1,0
774,0,0,48.349221483522676,6,5,0,0
775,0,0,48.37394218011156,2,4,1,0
776,0,0,49.700025293116,2,8,0,1
777,0,1,47.7096852117217,7,6,0,0
778,0,0,50.55139742803038,4,7,0,0
779,0,0,47.94359333469039,5,8,1,1
780,0,1,47.82445109281916,2,4,1,0
781,0,0,49.37195930361465,1,6,0,0
782,0,0,49.38441086058433,5,5,1,0
783,0,1,49.10198094731759,3,5,0,0
784,0,1,48.35629598275799,5,7,0,1
785,0,0,49.264617507543896,5,6,0,0
786,0,1,49.779047159817466,3,8,1,0
787,0,0,50.01347554558481,1,8,0,0
788,0,1,46.91912558908013,2,8,0,0
789,0,0,49.7853260854999,1,5,0,0
790,0,1,48.30897354732298,4,5,1,0
791,0,1,48.34770242780972,5,4,0,0
792,0,1,50.88791833864305,0,6,0,1
793,0,0,48.70979395655155,4,5,1,0
794,0,1,50.2671208150594,3,9,0,0
795,0,0,50.057796734788965,0,4,0,0
796,0,1,49.41166822619964,0,5,1,0
797,0,1,51.12157983729376,5,6,0,1
798,0,1,48.34548818139368,0,5,1,0
799,0,1,47.37549853454379,3,7,1,0
800,0,1,47.696370740951416,4,8,0,1
801,0,1,47.21458823872543,3,5,0,0
802,0,0,49.03366014768935,2,6,1,1
803,0,1,49.82095742398805,4,6,1,0
804,0,1,46.75468378126221,0,5,0,0
805,0,1,47.91510577890042,1,7,0,1
806,0,1,48.631783664557496,5,4,0,0
807,0,1,51.22879785554918,1,7,0,1
808,0,0,50.81387407358616,2,8,1,1
809,0,1,49.125759399441634,3,6,0,0
810,0,1,50.01279184608337,3,5,0,0
811,0,1,49.53829885682869,6,5,0,0
812,0,1,48.713119629235585,2,4,0,1
813,0,0,48.910905382933066,2,6,0,0
814,0,1,50.19853606449613,5,6,0,0
815,0,0,48.83672053788167,2,7,0,1
816,0,1,47.537004372720766,1,6,1,0
817,0,1,48.79568223962601,2,4,1,0
818,0,1,47.401789151675594,2,5,1,0
819,0,0,49.765790686957885,3,5,0,0
820,0,1,49.310214223812636,2,3,0,0
821,0,0,49.766176943935044,5,5,1,1
822,0,0,50.413418449542725,0,5,1,1
823,0,1,47.913472196827875,3,5,0,0
824,0,1,49.14512416301903,3,6,0,0
825,0,1,50.797775346511436,3,6,0,1
826,0,1,49.48904109183145,4,6,0,0
827,0,0,51.39514134831908,3,4,0,1
828,0,0,49.61210890409517,4,7,1,1
829,0,0,49.89961983980633,4,5,0,1
830,0,1,48.19553183271731,4,6,0,0
831,0,0,51.29710889687256,0,5,1,1
832,0,0,48.24301971588322,5,5,1,0
833,0,0,48.71454255949815,2,5,0,0
834,0,0,48.434652590179816,7,5,0,0
835,0,1,49.34862900071932,5,5,1,0
836,0,0,48.68242701218446,3,5,0,0
837,0,1,48.810687648233234,2,6,0,0
838,0,1,49.392196419935566,3,5,0,1
839,0,1,48.65473782785832,1,5,1,0
840,0,0,48.54763879895795,4,7,1,0
841,0,1,48.630655615482276,1,6,1,0
842,0,1,50.32440691246088,2,7,0,0
843,0,0,48.528434946268405,6,4,0,0
844,0,0,50.5999038289487,3,6,0,0
845,0,1,49.31648737734874,4,7,1,0
846,0,0,46.793549928803536,4,6,0,0
847,0,0,49.000918956123726,3,5,1,0
848,0,1,49.48726225402945,0,5,1,0
849,0,1,49.96145765205588,4,6,0,1
850,0,0,50.76203119850627,2,8,1,1
851,0,1,50.303609761496396,4,6,1,0
852,0,0,49.77112813944656,5,4,1,0
853,0,0,50.0558934672788,5,6,0,0
854,0,0,48.33322902750682,3,6,0,1
855,0,0,50.44718653926463,2,6,1,0
856,0,1,49.32371876941165,3,7,0,0
857,0,1,47.35459632891438,3,5,1,0
858,0,0,49.25615253555393,1,4,0,1
859,0,1,49.202687315825756,5,4,0,0
860,0,0,50.05530237737472,2,6,0,0
861,0,0,49.06933317370651,4,5,0,0
862,0,0,48.974361285809955,4,4,1,1
863,0,1,49.598394182576726,3,5,0,1
864,0,0,49.6747782298498,3,5,1,0
865,0,1,47.75340555731154,8,6,0,0
866,0,0,51.54805040018844,5,6,0,1
867,0,1,49.460928372006286,5,4,1,1
868,0,1,50.193988981819786,2,5,0,1
869,0,1,50.57580529102789,2,5,0,0
870,0,0,48.16804182856128,5,6,0,0
871,0,0,47.240451133414744,2,5,1,1
872,0,0,49.56847222953614,3,7,0,0
873,0,1,49.292475643163925,4,6,0,1
874,0,0,49.86340712814724,4,5,0,1
875,0,1,47.667216912865264,3,6,0,1
876,0,1,50.73813893567299,6,7,0,0
877,0,1,49.74324395270329,1,6,1,0
878,0,0,49.47488119516048,2,5,1,0
879,0,0,50.224515650806275,5,6,0,0
880,0,1,49.65819281930873,4,3,0,1
881,0,0,49.02394191948454,4,5,1,1
882,0,0,51.089451804028094,4,6,0,0
883,0,1,49.926481392905465,6,6,0,1
884,0,1,47.86558691497804,2,7,0,0
885,0,1,48.11591383842026,8,6,1,0
886,0,1,47.649497898615444,5,5,1,0
887,0,0,50.70339784709882,3,7,0,1
888,0,0,48.697259663378446,3,6,1,1
889,0,1,47.53328911852872,5,5,1,0
890,0,1,51.27550512856435,1,5,0,0
891,0,0,48.92315841841289,4,4,0,0
892,0,1,49.04633266579507,3,6,1,0
893,0,0,48.218048118702455,5,5,1,1
894,0,0,50.34062598034327,3,8,1,1
895,0,1,47.8536609539617,4,8,1,1
896,0,1,49.38527135487887,3,4,0,1
897,0,0,49.33367526043033,1,5,0,1
898,0,1,48.84914627089398,4,5,1,0
899,0,0,48.42129554043767,5,6,1,1
900,0,1,48.46418979333177,4,5,0,1
901,0,1,48.771354928744906,3,7,0,0
902,0,0,50.12358744483934,3,4,1,0
903,0,1,47.61108504538149,2,5,1,0
904,0,1,50.926319213326366,0,5,0,0
905,0,1,47.95857394269634,5,6,0,1
906,0,1,50.054267023161216,1,6,0,0
907,0,0,51.023635394578896,3,4,0,1
908,0,0,48.403550369786934,6,6,0,0
909,0,0,51.265904344849226,6,5,1,1
910,0,1,48.3161902403255,3,6,0,0
911,0,1,50.785997577713104,4,5,0,0
912,0,0,49.59008787441732,2,5,0,1
913,0,0,49.80994138367751,5,5,0,0
914,0,1,51.8793480864559,6,4,1,0
915,0,0,47.53511546383541,1,5,1,1
916,0,0,48.591529588887035,3,4,1,0
917,0,0,49.311708698594984,2,5,1,1
918,0,0,50.31048037028072,2,7,1,1
919,0,0,48.398659973706906,4,5,0,0
920,0,0,49.980462746970794,3,5,0,0
921,0,1,49.542435368083524,0,4,0,1
922,0,0,49.683712937902676,2,6,0,0
923,0,1,48.7468425847769,6,6,0,1
924,0,1,49.91409872359572,4,5,0,1
925,0,0,49.546849145105384,5,4,0,1
926,0,1,47.58345841258568,5,5,0,0
927,0,0,50.49268426324376,5,5,1,0
928,0,1,49.31170730598358,4,6,0,1
929,0,0,50.4186805077928,5,5,0,1
930,0,0,49.676181949387555,2,3,1,0
931,0,0,50.8265794194909,2,4,1,0
932,0,1,48.324320871695335,4,8,0,0
933,0,0,48.73089410818778,1,5,0,0
934,0,0,47.809799461577285,6,5,0,0
935,0,1,48.25325081056472,5,6,1,1
936,0,0,49.87034039186712,4,4,0,1
937,0,1,48.15401254572698,3,6,0,0
938,0,1,49.67570151471929,4,7,1,0
939,0,0,49.41028845907536,2,6,0,0
940,0,1,48.89858225698198,2,8,1,0
941,0,0,48.276567912837415,3,6,1,0
942,0,1,48.219923678509105,3,5,1,0
943,0,1,50.059588167088805,3,7,1,1
944,0,0,47.26142109425812,4,5,1,0
945,0,1,50.47494137549341,4,7,0,0
946,0,1,49.449484625992504,7,4,0,1
947,0,0,49.58857809753867,5,5,0,0
948,0,1,49.48267647930815,3,7,0,0
949,0,0,49.3934916875351,3,4,0,0
950,0,1,49.92418769851667,0,5,0,0
951,0,1,48.41907646590341,2,6,0,1
952,0,1,49.43652327156903,8,6,0,0
953,0,1,48.02851335202808,3,6,1,0
954,0,0,48.563124644400084,4,4,0,0
955,0,0,51.75696143172231,3,6,0,0
956,0,1,50.03925998063315,4,5,0,0
957,0,0,50.02741944758827,5,6,1,0
958,0,1,50.423591072723774,2,6,0,0
959,0,1,49.45552372628035,2,7,0,1
960,0,0,50.58951823953826,-1,6,1,0
961,0,1,48.02407321947448,2,7,0,1
962,0,0,51.56878578684362,2,5,1,0
963,0,1,49.05779600946232,6,7,0,1
964,0,0,49.32972556214058,5,7,1,1
965,0,0,49.96701568979888,1,6,1,1
966,0,1,49.88056601750464,5,5,1,1
967,0,1,49.24221802044167,3,5,0,1
968,0,1,48.453161372556046,5,6,0,0
969,0,1,50.25075270197478,4,8,0,1
970,0,0,48.91262377329139,3,7,1,0
971,0,1,49.77744911008748,5,6,0,1
972,0,0,48.78513518146562,5,5,1,0
973,0,1,48.23798416725456,3,7,0,0
974,0,1,48.40559592765942,6,6,0,0
975,0,0,47.32842879328344,5,4,0,1
976,0,0,49.69581722615465,4,6,0,1
977,0,1,48.82087380800644,4,6,1,0
978,0,0,48.76905424619938,3,4,1,0
979,0,0,48.65588761468,5,6,0,1
980,0,0,47.99382836298699,4,7,1,1
981,0,1,50.62170544952361,1,5,1,0
982,0,0,46.39653297879724,3,6,0,0
983,0,1,49.55201863949272,4,6,0,1
984,0,0,48.092748105736234,3,6,0,1
985,0,0,49.28619181295682,3,4,0,0
986,0,1,50.072380694615134,4,6,0,0
987,0,0,51.671045353987395,3,6,1,0
988,0,0,49.293598870103665,3,5,0,1
989,0,1,49.90335803344199,6,6,0,1
990,0,1,48.46001258044359,4,5,0,1
991,0,0,50.51095645731073,1,8,1,0
992,0,1,50.00592677311626,7,6,0,1
993,0,0,48.656397530883275,3,5,0,0
994,0,0,48.13463124132829,2,3,0,0
995,0,0,49.69458696135693,4,3,1,1
996,0,0,50.56640577829353,5,5,0,0
997,0,1,49.42390493404898,4,5,1,0
998,0,1,49.269151942507726,3,4,1,1
999,0,0,49.323000948334524,4,6,1,0
0,1,0,50.22820566954352,5,6,1,1
1,1,0,49.69498552384286,2,7,0,0
2,1,1,54.43832607252006,6,5,1,0
3,1,0,49.62506865035025,3,6,1,0
4,1,1,57.417964441034044,1,4,0,0
5,1,1,55.18692866631787,4,6,0,1
6,1,1,56.023820111724625,5,5,0,1
7,1,1,55.373191625424255,5,6,0,0
8,1,0,51.149290683567706,5,5,0,1
9,1,1,54.54972905506823,5,7,1,0
10,1,1,54.31434209188416,2,7,0,1
11,1,0,50.055796891815774,4,4,0,0
12,1,1,56.705622069798444,6,5,0,1
13,1,1,55.35304499956834,3,6,1,0
14,1,1,55.50595278304711,3,8,0,1
15,1,0,48.3805419984097,5,4,0,0
16,1,1,53.0944954990491,6,5,0,0
17,1,0,50.149835023734525,3,6,0,0
18,1,1,53.265307243846664,4,5,0,0
19,1,0,49.65784331289063,2,6,1,1
20,1,1,56.33010367821978,1,6,0,1
21,1,1,53.90154662713739,6,6,0,0
22,1,0,50.83406270495251,2,5,0,0
23,1,1,55.401238417612724,6,5,1,0
24,1,1,55.33723229420984,5,6,0,0
25,1,0,48.87800457518808,0,5,1,1
26,1,1,55.02235909156459,3,5,0,1
27,1,1,53.55510876102006,3,4,1,1
28,1,0,51.08249021376988,4,6,0,0
29,1,0,49.68906534567268,6,5,1,1
30,1,0,49.45281745336903,2,8,0,1
31,1,1,56.3578930064515,3,5,0,0
32,1,1,53.85305784292823,4,5,0,0
33,1,1,54.26458813332456,6,6,0,0
34,1,1,55.887310053138776,4,7,0,0
35,1,1,55.21044669727378,2,5,0,0
36,1,0,49.340963766634125,4,6,1,1
37,1,0,49.08503440910154,1,5,1,0
38,1,0,49.79130753941751,1,6,1,0
39,1,1,53.50440798866009,6,4,1,1
40,1,0,50.497733971679615,5,7,0,1
41,1,1,56.63678739230476,3,5,1,0
42,1,0,50.340444516209466,4,6,1,0
43,1,1,53.170812398815855,3,5,1,0
44,1,1,53.800521721992915,0,3,0,0
45,1,1,53.62155996398208,4,5,0,1
46,1,0,51.51938197651753,0,6,1,1
47,1,1,55.43744850654005,2,6,0,1
48,1,0,49.73468571413017,4,6,0,1
49,1,0,50.54053351246213,1,5,0,0
50,1,1,56.4118948333613,3,6,0,0
51,1,0,50.03252697695652,1,5,0,1
52,1,0,47.614005656497966,4,4,0,0
53,1,1,54.58260626521246,5,5,1,1
54,1,1,55.40942685543723,4,7,1,0
55,1,1,55.31411288372155,3,6,0,1
56,1,1,55.210057323667726,2,6,1,1
57,1,1,53.350923116931384,2,5,1,0
58,1,1,54.01242066699438,3,6,1,0
59,1,1,54.068513067831354,6,5,1,1
60,1,1,53.82619713413333,7,4,1,0
61,1,0,49.46222324352545,4,5,1,1
62,1,1,55.05046996935387,2,5,0,0
63,1,1,55.39527813458215,6,5,0,0
64,1,0,51.93511426682967,2,5,1,0
65,1,0,49.597788720505875,5,7,0,0
66,1,1,55.20615981169732,6,8,1,0
67,1,0,50.73179173407567,3,5,1,0
68,1,1,53.8273872686802,4,7,0,1
69,1,1,53.910767395083006,4,5,0,0
70,1,1,55.14917366061877,2,6,1,0
71,1,1,54.25349578098107,7,6,1,1
72,1,0,50.59587276096233,1,6,0,0
73,1,1,55.396238061226335,3,6,1,0
74,1,0,49.624873712701906,3,6,0,0
75,1,1,54.375306500324314,5,6,1,1
76,1,0,50.19046974884013,1,5,0,0
77,1,1,55.203301934228506,4,5,0,1
78,1,1,54.6331211389648,4,8,0,1
79,1,0,49.56157674717017,4,4,0,1
80,1,0,51.94117129421857,3,3,0,1
81,1,0,51.213405132928955,1,6,0,0
82,1,0,51.57271287348234,3,5,0,1
83,1,0,49.38817395355069,3,5,1,0
84,1,1,54.835512349011786,3,6,0,1
85,1,0,49.35150355511624,5,4,0,0
86,1,0,50.4395185181184,6,5,0,1
87,1,1,55.41490826486228,1,6,0,1
88,1,0,50.11880053647988,2,6,0,1
89,1,0,50.15948131219979,3,6,1,1
90,1,1,55.68640205087851,3,6,0,0
91,1,1,54.94678936767164,4,4,1,1
92,1,1,55.17882116893997,4,6,0,0
93,1,0,49.554522384749106,3,4,0,1
94,1,1,53.46882490576935,2,6,1,0
95,1,1,55.01649843508848,5,5,0,0
96,1,1,55.57113566841386,5,6,0,0
97,1,1,55.832924274607976,0,5,1,0
98,1,1,56.1184663809739,0,6,0,0
99,1,0,48.038022500411635,5,5,0,1
100,1,0,50.097141649081685,4,4,0,1
101,1,0,48.91262127219923,3,7,0,1
102,1,0,52.50250619514524,4,5,0,0
103,1,0,48.1149501331695,4,5,0,1
104,1,0,50.699162458129145,4,7,0,1
105,1,0,50.32104181678677,4,6,0,1
106,1,1,55.12639620572546,3,6,0,0
107,1,0,50.84383268341372,2,6,0,1
108,1,0,50.83387145503678,3,5,0,0
109,1,1,54.06080891046037,8,5,0,0
110,1,1,54.20148631978206,5,5,0,0
111,1,0,50.42613843081467,2,7,0,1
112,1,0,50.42584355613142,6,5,0,0
113,1,1,55.04993381016779,5,5,0,1
114,1,1,54.475399491573,4,8,1,1
115,1,0,47.087953060888196,4,4,1,0
116,1,0,50.599542497090184,2,6,0,1
117,1,0,49.94174944565424,5,6,1,0
118,1,0,50.25531777506551,1,5,1,0
119,1,0,49.40721493768708,5,6,0,1
120,1,1,53.926785390677956,5,5,0,1
121,1,0,49.57146772608468,3,4,0,1
122,1,0,48.13017399543331,2,4,0,1
123,1,0,50.99050070351637,5,8,0,0
124,1,0,51.879241218190685,4,6,0,1
125,1,0,50.22165031454016,1,6,0,0
126,1,0,50.58140441418411,7,5,1,1
127,1,1,55.91830509819419,2,5,1,0
128,1,1,55.950081848417575,3,6,1,0
129,1,0,47.92670182682036,5,6,0,1
130,1,1,53.81333385154631,1,7,1,0
131,1,1,53.88218385220842,2,8,1,0
132,1,0,49.54421668034036,3,5,1,0
133,1,1,54.169715309982124,0,5,0,1
134,1,0,48.8301316782373,1,7,0,0
135,1,0,49.0833649372087,4,6,0,0
136,1,0,49.09170086095563,3,5,0,1
137,1,0,48.750030586189226,6,6,1,0
138,1,0,48.86605385400938,1,6,1,0
139,1,1,55.101772416481,3,5,1,0
140,1,0,49.66702372815604,3,5,0,0
141,1,1,54.662166369956935,3,5,0,0
142,1,0,49.58817496194535,4,5,0,0
143,1,0,49.94782598617693,3,5,0,0
144,1,1,54.21815335990451,3,7,1,1
145,1,0,51.40278214171373,0,5,0,0
146,1,0,51.403660373716995,3,4,1,1
147,1,1,55.3094500907519,3,5,0,1
148,1,0,49.44246173661727,7,5,0,1
149,1,0,51.75451133366725,2,5,0,1
150,1,1,54.84502938334272,3,5,1,0
151,1,1,53.957568893127885,6,7,0,0
152,1,0,50.870848574553435,1,5,1,0
153,1,1,55.489473116297795,3,5,0,1
154,1,1,55.203853993410796,0,6,1,1
155,1,0,50.92326978352611,4,5,0,0
156,1,1,56.81358598089619,3,5,0,0
157,1,1,56.00466088933046,1,5,1,0
158,1,1,55.96230279391346,0,4,1,0
159,1,1,57.05880319735203,4,5,0,0
160,1,1,53.606463507593176,4,6,0,1
161,1,1,54.22893635354955,4,6,0,0
162,1,0,49.7107561407744,2,6,0,1
163,1,0,49.97744342057003,1,6,0,0
164,1,1,55.92544985269871,4,5,1,0
165,1,0,49.61132973944378,4,4,1,0
166,1,1,55.435838348351375,3,7,1,0
167,1,0,48.93565232831899,7,6,0,1
168,1,0,48.702957400688305,5,7,0,0
169,1,0,48.06437541002438,4,4,0,0
170,1,1,53.52052967577828,2,5,0,1
171,1,0,49.079509794892815,3,6,0,0
172,1,1,54.18319393738301,2,4,0,1
173,1,1,55.734398978366535,2,5,0,0
174,1,0,51.30222229129794,4,7,1,1
175,1,1,54.55808516759448,3,5,0,0
176,1,1,54.44743757190744,3,6,0,1
177,1,1,55.72361072070265,4,5,1,1
178,1,0,48.95009627122884,4,4,0,1
179,1,1,53.83831105768659,3,5,0,1
180,1,0,49.305229061986665,3,5,1,1
181,1,0,48.66104282900059,7,7,1,1
182,1,0,49.381702938492346,6,4,1,0
183,1,0,49.89738554801946,3,7,1,1
184,1,1,54.18048727370465,6,5,0,0
185,1,1,56.000995795830114,1,6,0,0
186,1,0,49.50546005225518,3,4,1,0
187,1,0,50.38544282968038,3,4,1,0
188,1,1,56.36857982624547,5,3,1,0
189,1,1,54.419859156067346,8,4,0,1
190,1,0,49.199972889040446,3,5,0,1
191,1,0,48.95579852654273,3,5,0,0
192,1,0,48.79402793390694,7,6,0,1
193,1,0,51.77070846040077,2,6,0,0
194,1,0,49.8260404583397,4,5,0,1
195,1,0,52.781237156381664,2,5,0,1
196,1,0,51.25945003381021,2,6,1,1
197,1,0,49.996182715553864,4,4,0,1
198,1,1,53.07638250444706,4,6,0,1
199,1,0,49.28715746548064,3,5,1,0
200,1,1,56.25081305699037,6,4,0,0
201,1,0,51.45032126859941,1,5,1,1
202,1,0,47.45998021105633,4,6,0,1
203,1,1,54.69435017337862,3,6,1,1
204,1,0,51.55873106097196,1,5,0,0
205,1,0,49.51779442811541,3,4,1,0
206,1,0,49.04951948810808,6,4,1,0
207,1,0,49.16181945374324,3,5,1,0
208,1,1,55.642897775129896,1,4,0,0
209,1,0,50.36744614811702,3,7,1,1
210,1,0,49.877436142906475,1,6,0,1
211,1,1,54.34149613208291,0,5,0,1
212,1,1,56.24817801024124,4,5,0,0
213,1,1,54.31984705612417,4,5,1,0
214,1,1,56.391933663137145,1,5,0,0
215,1,0,49.75695581015294,7,7,0,0
216,1,0,50.34998413478479,3,6,1,0
217,1,0,49.299223365702964,3,4,0,0
218,1,1,56.09174098689912,5,6,1,1
219,1,0,50.078258584799556,2,7,0,1
220,1,1,54.52300450157089,5,4,0,0
221,1,1,56.228128442917715,4,5,0,1
222,1,1,53.12747047586068,6,7,0,1
223,1,1,53.3103566111403,7,5,1,0
224,1,0,51.08201949625872,6,7,0,1
225,1,1,56.31647453075583,2,5,1,0
226,1,0,49.78111413475296,4,3,1,1
227,1,0,49.750752745942926,0,6,1,0
228,1,1,56.12313985141925,4,6,0,0
229,1,1,56.66157447709435,4,5,1,0
230,1,1,54.8792088404641,3,4,0,1
231,1,1,53.41102901314779,4,7,0,0
232,1,1,53.92298564626878,4,7,1,1
233,1,1,54.69857654197913,3,4,0,1
234,1,1,55.01889895217226,3,5,0,0
235,1,0,50.66342485419622,4,3,1,0
236,1,1,54.13125894889848,3,6,0,0
237,1,0,52.38198408496775,0,5,0,0
238,1,0,50.107896398551745,3,5,1,1
239,1,0,51.40974202519045,3,5,1,1
240,1,0,48.515134893581894,2,4,0,0
241,1,0,49.7971170470314,4,4,0,0
242,1,1,55.014448402076454,6,7,1,0
243,1,1,55.673452203232024,1,6,0,1
244,1,0,50.133953509152654,2,7,0,1
245,1,0,48.391490057394236,5,6,0,0
246,1,1,53.64131666620619,2,5,0,1
247,1,1,54.10131790090468,5,6,0,0
248,1,1,56.34135685643928,1,5,0,0
249,1,1,54.55620805038712,4,5,1,0
250,1,1,55.44262519352778,2,5,1,0
251,1,1,55.174276805417655,6,6,0,0
252,1,1,54.09982948296309,4,6,0,1
253,1,0,50.730200710253825,4,6,0,1
254,1,1,55.12823872220687,2,6,0,1
255,1,0,49.12296561038388,4,6,1,0
256,1,1,53.63786081951207,4,5,0,0
257,1,1,54.88275234955851,3,4,0,0
258,1,1,54.209414540806975,4,5,1,1
259,1,0,51.21074592407522,6,6,1,1
260,1,1,54.06762851858836,6,5,1,0
261,1,1,54.468051997851944,4,6,0,0
262,1,0,49.516850086690305,4,6,1,1
263,1,1,54.20664478622298,3,4,0,1
264,1,1,55.90355186857698,4,5,1,0
265,1,0,51.60229434533509,4,4,0,0
266,1,1,53.72074674445651,3,5,1,0
267,1,0,52.24794367703545,2,3,1,0
268,1,1,55.78584878533152,2,6,0,0
269,1,0,50.218452896920304,6,5,0,1
270,1,1,55.56713670809682,5,5,0,1
271,1,1,53.81420258584085,3,5,0,0
272,1,1,54.04800482898739,2,5,0,0
273,1,0,49.15880460071218,1,5,0,0
274,1,0,50.97479303932194,4,6,1,0
275,1,0,51.613775405663986,5,7,0,1
276,1,1,56.33146375266729,0,6,1,0
277,1,0,49.96393391524053,2,5,1,0
278,1,0,49.97093220648016,6,5,0,0
279,1,0,49.472222885888165,5,7,0,0
280,1,0,50.39911961980819,3,6,1,0
281,1,0,50.18697879453696,2,6,1,0
282,1,0,49.737798594089156,1,5,1,0
283,1,1,55.02572284079257,4,6,1,0
284,1,1,54.70398102657472,5,5,1,0
285,1,1,53.338469514495145,4,5,0,0
286,1,0,50.849719656037315,6,5,0,1
287,1,1,55.752818554032864,5,5,1,1
288,1,0,49.04293935256643,0,6,0,0
289,1,0,50.48506658146731,3,6,0,1
290,1,1,54.45342431528628,4,6,1,1
291,1,1,55.59979534624213,6,5,0,1
292,1,1,54.899792079585424,5,7,1,1
293,1,0,48.923639315454054,2,4,1,0
294,1,1,54.42050703034052,5,5,1,1
295,1,0,51.25167995581216,4,5,1,0
296,1,0,49.409703088207124,4,5,0,0
297,1,0,49.88964918707404,4,5,1,0
298,1,1,54.96928676198578,5,6,0,1
299,1,0,47.969215038848844,4,5,0,0
300,1,0,49.01907105753571,4,6,0,0
301,1,0,48.699626396727176,5,5,0,0
302,1,1,53.08702402067373,5,5,0,0
303,1,1,54.44745607654122,2,6,0,1
304,1,0,48.22199858482673,6,5,0,0
305,1,0,51.052241786874774,5,7,1,0
306,1,0,51.30898693412697,5,7,0,0
307,1,1,55.9109490845737,2,7,0,0
308,1,1,55.6092432227716,6,4,1,0
309,1,0,50.32131451078211,4,7,0,0
310,1,0,48.36913415393604,4,7,0,1
311,1,0,51.00261439401875,1,5,0,0
312,1,0,50.03705154731623,0,7,0,0
313,1,1,55.17826840707257,1,5,0,0
314,1,1,55.65241137101494,3,6,1,1
315,1,0,50.273040462727366,7,6,1,1
316,1,0,50.90185959974474,3,5,0,0
317,1,1,55.30772116207281,7,6,1,1
318,1,1,53.50700226984631,5,5,0,1
319,1,0,48.06764537436293,3,6,0,0
320,1,0,51.49789945671609,6,6,1,0
321,1,0,49.92608885060657,2,7,1,1
322,1,1,54.539798676455135,5,6,1,1
323,1,1,55.041713255876246,3,5,0,0
324,1,1,55.46267589331836,8,6,0,0
325,1,0,50.02923789505625,2,6,0,0
326,1,1,54.5192454475536,6,7,1,0
327,1,1,55.993020104121676,5,5,1,0
328,1,1,55.91573524355559,4,5,0,1
329,1,0,49.94644684479494,5,5,0,0
330,1,0,48.63312872699366,5,6,0,0
331,1,0,48.369704017910415,5,6,0,0
332,1,0,50.26821785654392,2,5,0,1
333,1,0,50.447717842683495,4,7,1,1
334,1,0,50.82239531224606,2,5,0,1
335,1,1,54.962122911289896,4,7,0,1
336,1,1,56.36400018025026,5,5,0,1
337,1,0,50.7965395199808,3,6,1,1
338,1,0,51.631797392129556,2,5,0,0
339,1,1,55.4743454530062,3,5,1,0
340,1,1,54.42223594423113,3,5,0,1
341,1,1,54.311502311024206,4,5,0,0
342,1,0,50.26540992255413,3,4,1,0
343,1,0,49.50560046053979,3,6,0,0
344,1,0,49.84847720716754,3,5,0,0
345,1,0,49.35373114857116,1,5,1,1
346,1,1,54.35246520666235,0,4,1,1
347,1,0,51.737638468995186,5,7,0,0
348,1,1,55.944969882566006,7,7,0,1
349,1,0,49.47731794149994,4,5,0,0
350,1,1,54.76533714595818,4,5,1,1
351,1,0,48.95978379184415,5,5,0,1
352,1,1,54.57876618803297,1,8,1,1
353,1,0,47.21997653875248,5,5,0,0
354,1,0,49.09344344959658,2,6,0,1
355,1,1,55.33584436432903,3,7,0,0
356,1,0,49.15091231666694,4,6,0,0
357,1,0,49.829972946977364,5,4,0,1
358,1,0,49.15215125137353,4,4,0,1
359,1,0,51.004049056860794,4,6,0,0
360,1,0,51.21036617141474,1,5,1,1
361,1,0,50.5163527317315,4,5,1,0
362,1,0,51.94950247768332,1,4,1,0
363,1,0,51.53587904302242,3,6,0,0
364,1,0,50.494147111747154,1,6,1,1
365,1,0,49.48645961421137,4,5,0,0
366,1,0,49.728322330448876,6,7,0,0
367,1,0,49.62920339500331,1,5,1,0
368,1,1,55.66129037167656,1,6,1,0
369,1,0,51.30173295557417,3,5,0,1
370,1,1,55.99546725036676,1,5,1,0
371,1,0,51.23988348901124,3,4,1,0
372,1,1,56.479599738450645,6,5,0,0
373,1,0,50.55644899099794,9,6,0,1
374,1,0,50.860775854926665,5,5,0,0
375,1,0,50.877832136085004,4,5,0,1
376,1,0,50.39582580667033,4,7,0,0
377,1,1,53.16808338644999,4,6,0,0
378,1,1,54.13093030799595,2,5,1,1
379,1,0,50.08853240693162,5,5,0,0
380,1,0,49.09176463821446,6,5,0,0
381,1,1,53.9623791979897,1,5,0,0
382,1,0,50.48383286137097,3,5,1,0
383,1,0,50.077535600596896,4,6,0,0
384,1,0,49.42465735788517,4,6,1,1
385,1,0,50.5062943178963,5,7,1,1
386,1,0,50.994222959717455,9,5,0,1
387,1,0,50.67700054100815,5,6,0,0
388,1,0,49.78309816737908,3,7,1,1
389,1,0,48.525245855897055,2,5,1,0
390,1,1,57.68952021827281,4,5,0,1
391,1,1,55.47832985816422,2,3,1,1
392,1,1,54.61005948587527,1,5,0,1
393,1,1,53.195841220028704,4,6,0,1
394,1,0,49.92812517139663,0,6,1,0
395,1,0,50.780269931194134,5,4,0,0
396,1,0,49.39705887654825,4,5,1,0
397,1,0,49.5152849866622,2,7,0,0
398,1,0,47.63962752301956,3,5,0,1
399,1,1,54.658580351760115,7,4,0,1
400,1,1,54.089093605148925,5,4,1,1
401,1,1,55.23079319161353,0,6,1,0
402,1,0,52.555897955805946,0,6,0,0
403,1,1,54.072832895357756,6,4,1,0
404,1,1,55.95530073172312,4,5,0,1
405,1,0,49.500855651156144,4,6,0,1
406,1,1,55.875149400583155,1,5,0,0
407,1,0,49.53104706488526,5,5,0,0
408,1,0,50.81643831281384,3,6,0,0
409,1,1,55.670473003526936,2,6,0,0
410,1,1,53.7934780151906,5,5,0,0
411,1,1,56.41738162998825,5,7,1,0
412,1,0,49.609713336451115,2,7,0,0
413,1,1,56.472801629616846,0,5,1,0
414,1,1,56.277055007918094,5,5,0,1
415,1,0,49.41811690778256,3,6,0,1
416,1,0,51.17260976539648,3,4,1,0
417,1,0,49.339177948210505,5,4,1,1
418,1,1,54.05487659118749,7,6,0,0
419,1,0,48.68696686088661,5,5,0,0
420,1,1,53.04712855346728,3,5,0,0
421,1,1,53.180439642709004,5,8,1,0
422,1,1,54.71146703414283,3,7,0,0
423,1,1,55.58742683229624,7,6,0,1
424,1,1,55.35354460839948,5,6,1,0
425,1,1,56.92091120201309,4,7,0,0
426,1,1,56.02376163173629,2,6,1,1
427,1,0,51.26657596103847,0,6,1,0
428,1,0,49.99042313906794,0,6,0,0
429,1,0,51.365158938749076,1,6,0,1
430,1,0,51.8733253268154,5,4,0,0
431,1,0,49.410075434987576,4,5,1,1
432,1,1,56.392917681308255,2,5,0,0
433,1,1,53.79141011257968,5,6,0,1
434,1,1,53.72262594791724,4,4,0,1
435,1,0,48.55788977371405,7,5,0,0
436,1,0,49.224676150730176,6,7,0,1
437,1,1,54.42404529303927,3,6,1,0
438,1,1,53.179716907276024,5,5,1,0
439,1,1,54.88591735891343,3,7,0,0
440,1,1,55.00241388503707,5,6,0,1
441,1,1,55.453247082287014,5,6,1,0
442,1,1,54.62679260164395,1,5,0,1
443,1,0,49.83113767722763,3,6,0,0
444,1,1,54.16727548940928,3,5,0,0
445,1,0,52.85732014922418,5,5,0,0
446,1,1,54.80238881554283,6,6,0,0
447,1,1,54.591572438943224,1,5,0,0
448,1,0,50.92485534349767,0,4,1,0
449,1,0,49.538040312825345,5,4,0,0
450,1,1,55.31386463519854,2,6,0,1
451,1,1,54.24084824092943,3,3,0,0
452,1,0,50.570064642080375,4,6,1,0
453,1,0,49.818201789966864,4,8,0,0
454,1,1,54.03523678851522,3,7,0,1
455,1,1,53.70304182690159,7,6,1,1
456,1,1,55.33949386180861,2,6,1,0
457,1,1,55.56118253581869,1,5,0,1
458,1,0,49.484362052551404,4,5,0,1
459,1,0,49.96142723266901,6,6,0,0
460,1,0,49.957639958794324,2,6,0,1
461,1,0,50.78375053989615,5,3,1,1
462,1,0,51.110510360696765,2,5,0,0
463,1,1,55.63607159692904,3,7,1,1
464,1,1,55.7074830607987,5,6,0,0
465,1,1,54.7363866953024,3,6,1,0
466,1,0,51.55131484447001,1,6,1,0
467,1,0,49.29428740408786,5,6,0,0
468,1,1,54.18172134468505,0,5,0,0
469,1,1,52.9663274042416,2,4,0,1
470,1,1,55.87893640170527,1,7,1,0
471,1,1,54.59763676039195,5,6,0,0
472,1,0,49.94895159687095,3,7,0,0
473,1,0,49.72239128445494,5,4,1,1
474,1,0,49.49188213357567,2,4,0,0
475,1,0,51.52215065219473,4,6,1,1
476,1,0,48.75284059793397,3,4,0,0
477,1,0,49.3703701556466,4,6,1,1
478,1,1,56.43715685417955,5,6,0,0
479,1,0,50.2185328722777,5,6,0,0
480,1,1,56.11424430557045,4,4,1,0
481,1,1,55.61138839287913,3,5,1,0
482,1,0,48.15277342230748,4,5,0,1
483,1,0,50.589482064151525,2,5,0,0
484,1,1,55.7820572064295,1,5,0,0
485,1,1,53.57735290216998,5,6,0,1
486,1,0,48.95238718690331,1,7,0,0
487,1,0,50.5352795491754,4,7,0,0
488,1,0,49.437041773315535,3,6,0,1
489,1,0,50.924132760597836,4,5,1,0
490,1,1,52.04432770390634,6,4,0,0
491,1,1,55.54589206050842,1,7,0,0
492,1,1,55.14694616104349,4,5,0,0
493,1,0,48.77768095474297,5,6,0,0
494,1,1,54.47554133727532,1,6,1,0
495,1,0,50.44322837482399,3,6,0,1
496,1,0,51.19858913136697,4,5,0,0
497,1,1,55.418071521803114,0,6,0,0
498,1,1,54.33218785064414,3,5,1,0
499,1,0,49.470556007201594,2,5,0,0
500,1,0,48.75011942949813,3,6,0,1
501,1,1,55.99682759075569,4,6,1,1
502,1,0,50.93555058360996,4,5,0,0
503,1,1,54.353073608847886,3,6,0,1
504,1,1,55.0190108256731,3,3,0,1
505,1,1,56.873782838542105,4,8,0,1
506,1,1,55.10670845892051,7,6,0,1
507,1,0,49.63167599058464,1,4,0,1
508,1,1,55.423097171809054,5,6,0,0
509,1,0,50.67532858016401,3,5,0,0
510,1,0,50.542678507658316,2,6,1,0
511,1,1,55.90302820955304,2,6,0,1
512,1,1,55.89379346784131,5,5,0,1
513,1,1,57.19166207497538,1,6,0,1
514,1,0,48.90075165534238,2,5,0,0
515,1,0,49.900132793434416,4,5,1,1
516,1,1,53.824463578678,4,3,0,0
517,1,0,50.5295088890604,3,4,1,0
518,1,0,49.39460268109358,5,7,0,1
519,1,0,49.65160436744215,3,4,0,1
520,1,0,50.98391521677641,2,5,0,1
521,1,1,56.03697139230954,2,6,1,0
522,1,0,49.943595514878055,3,5,1,0
523,1,1,55.8721243008771,3,4,1,0
524,1,0,48.801836053397686,2,6,1,1
525,1,1,53.96529571705572,7,5,1,0
526,1,0,52.18876236123539,1,3,0,1
527,1,1,55.0019182901848,3,5,0,1
528,1,0,49.81249936359246,3,5,0,1
529,1,1,55.40147315549437,1,6,0,1
530,1,0,49.832209511989916,1,5,0,0
531,1,0,50.65261283631048,3,7,1,1
532,1,0,49.27206482842428,4,5,1,1
533,1,0,50.04567524889971,6,6,0,0
534,1,0,48.14044502782394,5,7,0,1
535,1,1,54.15864852595081,5,7,1,0
536,1,0,49.69005486657407,4,6,1,0
537,1,1,54.464252459549336,5,5,0,0
538,1,1,56.46420052829749,3,4,1,0
539,1,1,56.224882514445035,4,6,1,1
540,1,0,50.66032336712152,2,7,1,0
541,1,0,51.044924303978114,4,5,0,1
542,1,1,54.71005011491032,1,5,0,1
543,1,0,49.14696553303504,5,7,0,0
544,1,0,49.355803463784966,4,4,0,1
545,1,0,48.75279154266826,6,6,0,1
546,1,0,49.82600061610456,6,6,0,1
547,1,0,48.64626213303438,5,4,1,0
548,1,1,54.72833387687786,2,4,0,1
549,1,1,53.55873959013074,3,5,0,0
550,1,0,51.04125556331133,6,5,1,1
551,1,1,54.44388389392205,1,6,1,1
552,1,0,52.26132410793755,2,6,0,0
553,1,0,51.54541273063393,3,5,0,0
554,1,1,54.26725957373471,4,5,1,0
555,1,1,55.655473207430795,4,5,0,0
556,1,0,49.89443098214497,2,6,0,0
557,1,1,55.767714368886935,5,4,1,1
558,1,0,49.72820869941339,1,6,1,0
559,1,0,51.673282956563256,3,5,0,0
560,1,0,50.35771901521307,5,7,1,0
561,1,1,54.9750251683105,3,7,0,0
562,1,1,54.36700261944397,1,6,0,0
563,1,0,48.678745632997575,3,6,0,1
564,1,0,47.51523749728425,2,5,0,0
565,1,1,54.91984298428925,2,5,0,1
566,1,0,49.293137761465296,3,6,0,0
567,1,0,50.22465221475827,3,5,0,0
568,1,1,53.06195392275529,4,5,1,1
569,1,1,54.66762275606595,3,6,1,0
570,1,1,54.43315335127861,5,6,0,0
571,1,0,51.97874541108587,4,6,0,1
572,1,0,52.08484721347807,1,5,0,0
573,1,0,51.12630605068205,4,6,0,0
574,1,1,56.883844316071716,5,6,0,0
575,1,0,48.339553888437955,2,6,0,0
576,1,0,51.58959873327175,5,6,0,0
577,1,0,49.670685025013476,4,6,1,0
578,1,1,54.58306126725721,3,5,0,0
579,1,0,50.896370771821196,5,5,1,1
580,1,0,48.795166844473144,5,5,0,1
581,1,0,50.475836167361635,4,6,0,1
582,1,0,49.700157289021334,3,4,0,1
583,1,1,54.111253984237194,3,5,1,0
584,1,0,49.48270274184948,6,7,0,1
585,1,1,55.21129303701353,4,4,0,1
586,1,1,56.48947771145696,4,5,0,1
587,1,0,50.20588792108581,4,6,1,0
588,1,0,50.77699885279022,4,6,0,0
589,1,1,55.697552156822226,1,5,1,1
590,1,0,50.26196170426197,3,7,0,1
591,1,1,54.005879320641725,6,7,0,0
592,1,0,50.1610332150665,8,6,1,1
593,1,0,49.05009446177749,3,6,1,0
594,1,0,50.22887837429375,1,7,1,0
595,1,0,50.295093587213465,6,6,1,1
596,1,0,52.08664764541257,2,6,0,1
597,1,1,55.393345463998195,1,5,1,1
598,1,0,51.24282687894568,2,6,0,1
599,1,1,54.39125384245793,4,5,0,0
600,1,1,53.62432131603079,6,4,0,0
601,1,0,50.68786158096825,2,7,0,0
602,1,0,49.292904481362605,4,8,0,0
603,1,0,50.41878351686925,3,7,0,1
604,1,0,49.80646747844296,1,6,0,1
605,1,1,53.502073555539766,4,5,0,0
606,1,1,55.071910550725846,4,5,1,0
607,1,0,48.581515033874965,4,5,0,1
608,1,0,48.59213548067222,2,4,0,0
609,1,1,55.211392195349575,3,6,0,0
610,1,1,55.30674142267467,2,6,0,1
611,1,0,48.11738404753605,1,6,1,0
612,1,1,57.18270360725782,3,6,1,1
613,1,1,55.59389586719051,4,5,0,0
614,1,0,49.543003244724375,1,6,0,1
615,1,0,50.77386787524111,5,6,1,0
616,1,1,55.68436814114648,5,6,1,1
617,1,1,55.20263219302379,7,6,1,0
618,1,1,54.02584933494532,4,5,1,0
619,1,0,49.80727956037623,2,5,0,1
620,1,1,55.24332557968542,3,5,0,0
621,1,1,54.49108237254952,6,6,1,0
622,1,0,51.38110591276844,5,7,0,0
623,1,0,50.120453859772276,3,6,0,0
624,1,0,49.048844947973826,3,6,0,1
625,1,0,49.74471918142929,4,7,0,0
626,1,1,54.96852542329403,2,6,0,1
627,1,0,50.5792453749714,5,5,0,1
628,1,1,55.08144342890348,2,5,0,0
629,1,1,55.96624356713316,4,5,1,0
630,1,1,54.02034165685969,3,4,1,0
631,1,1,55.513056095493546,6,6,0,1
632,1,1,55.375737067942076,8,6,1,0
633,1,1,53.976772644423384,2,4,1,0
634,1,0,50.13867537851435,4,7,0,0
635,1,1,55.00702241321647,1,6,0,1
636,1,1,53.42505931455973,1,5,0,0
637,1,1,54.83726426044896,5,5,1,0
638,1,1,55.035029215392576,3,5,1,0
639,1,0,50.309165174742915,1,5,1,0
640,1,1,54.508978988444944,1,6,1,0
641,1,1,54.66086030299396,3,7,1,0
642,1,1,54.54444743904881,3,7,1,1
643,1,0,48.9484956299174,4,5,0,1
644,1,0,48.326743518572215,6,6,0,0
645,1,0,51.88725313028876,5,4,0,1
646,1,0,49.91312653109278,4,8,0,0
647,1,0,51.08747392807123,4,6,0,0
648,1,0,48.011674623244794,3,5,0,1
649,1,0,49.13116282204572,6,6,0,0
650,1,0,49.99869371830276,4,5,0,1
651,1,0,49.73063511664463,2,7,0,0
652,1,1,55.748760697811,2,6,0,0
653,1,0,49.474137556198095,2,6,0,0
654,1,1,55.65406443609392,1,6,1,1
655,1,1,55.5130597786531,4,7,1,1
656,1,1,53.2760151931349,4,6,0,0
657,1,1,54.99737459674014,2,7,0,0
658,1,0,50.84810174197545,1,7,0,1
659,1,0,48.54318317482223,4,7,0,0
660,1,1,54.28444069069273,4,5,0,1
661,1,0,49.28960381245673,1,5,0,0
662,1,0,51.53278995388748,4,5,0,1
663,1,1,54.85128471722181,2,6,0,0
664,1,1,54.927833139921866,4,6,1,0
665,1,1,54.990561709371114,2,3,0,0
666,1,1,54.63063168985182,1,5,1,0
667,1,1,54.90491479726418,4,6,0,0
668,1,1,55.98175402513734,4,5,0,0
669,1,0,48.132847247297,3,7,1,1
670,1,0,52.48106105651636,2,5,1,0
671,1,0,50.52487385054748,5,4,0,0
672,1,1,53.05902909531029,1,6,0,0
673,1,1,55.66074074229901,4,4,1,0
674,1,1,55.13073702226941,4,6,0,0
675,1,1,55.084698532644495,4,7,1,0
676,1,1,54.99176846155643,8,7,1,1
677,1,0,51.74567250891558,4,5,0,0
678,1,1,53.06597658819008,5,5,0,0
679,1,0,50.464360704932595,1,3,0,0
680,1,0,49.96235839159902,6,5,1,0
681,1,0,49.211301510702235,5,7,0,1
682,1,0,48.99868646039305,6,5,1,1
683,1,1,53.34380160922109,1,5,0,1
684,1,0,52.32488223834937,3,7,1,1
685,1,0,49.60201859905043,4,6,0,1
686,1,1,53.879865610273924,4,6,0,0
687,1,1,54.4568568862656,3,5,1,0
688,1,0,50.37375261159668,2,6,0,1
689,1,0,50.751681250579324,5,5,0,1
690,1,0,48.675555086473864,7,5,0,1
691,1,0,51.050941708555065,6,5,0,1
692,1,1,55.28382345767011,0,4,1,1
693,1,0,50.065410365022124,2,7,1,0
694,1,0,50.708711633013195,7,5,1,0
695,1,1,54.42638654853182,2,5,1,0
696,1,0,49.281299146697215,2,8,0,0
697,1,0,50.06673630550836,1,4,0,1
698,1,1,52.924656180860296,7,5,1,0
699,1,0,50.21200749291642,4,5,1,0
700,1,0,51.78590137215702,4,5,0,0
701,1,0,50.18592126170028,2,6,1,1
702,1,1,54.98495770951025,1,5,0,0
703,1,1,55.29086027445772,5,5,0,0
704,1,0,48.02968355849606,0,6,1,0
705,1,1,55.47982501006869,2,7,0,1
706,1,1,54.4878018714568,4,5,1,0
707,1,1,55.5477474726711,4,6,1,0
708,1,1,55.261088621078564,2,7,0,0
709,1,0,50.45754960234937,2,4,0,0
710,1,0,49.38342279244851,4,7,1,0
711,1,1,55.165063302607585,3,6,0,1
712,1,0,47.74903360407096,4,5,0,0
713,1,0,50.52894496861539,3,7,0,0
714,1,0,49.15483121952125,1,5,1,1
715,1,0,47.92563209265645,4,3,1,1
716,1,1,54.73753821207879,3,5,0,1
717,1,1,54.90659816709277,3,6,1,0
718,1,1,55.49731479271532,4,5,0,1
719,1,0,50.250147758425236,4,6,1,0
720,1,1,53.511219546794614,4,5,1,0
721,1,0,50.18304055739873,4,6,1,0
722,1,1,55.09338731775541,5,5,1,1
723,1,1,55.978510328591604,4,6,1,0
724,1,0,49.73714102754451,2,6,0,0
725,1,0,48.83970116416906,5,6,0,0
726,1,0,48.881086175785825,3,5,0,1
727,1,1,54.93183971004997,2,6,1,0
728,1,0,50.17011977965587,4,6,0,0
729,1,0,48.52748249754952,0,5,0,0
730,1,0,49.92757501985826,4,4,1,1
731,1,1,54.67181542466201,0,6,0,0
732,1,1,54.1163587127531,2,4,1,1
733,1,0,48.476012436604485,5,5,1,0
734,1,0,50.56059375665599,4,6,0,1
735,1,0,49.577209993679,3,5,0,1
736,1,0,49.56200947196316,4,6,0,1
737,1,1,56.0900292347216,4,4,1,0
738,1,1,53.91654741786981,4,5,0,0
739,1,1,55.411452972514546,5,6,0,1
740,1,0,51.41858371604817,4,6,0,0
741,1,0,49.91513578982455,2,4,1,0
742,1,1,54.367288856811086,4,6,0,0
743,1,1,54.78666075908985,7,5,0,1
744,1,0,48.96686255912201,1,7,1,0
745,1,1,53.44821535636052,1,4,1,0
746,1,1,55.444776791381315,1,7,0,0
747,1,0,48.694765279373605,5,5,0,0
748,1,1,55.03480115342972,3,7,1,1
749,1,0,48.216195146865644,6,5,1,1
750,1,0,48.784094964640396,4,6,0,0
751,1,0,50.13775466209703,5,6,0,1
752,1,1,54.63234708630042,4,7,1,0
753,1,1,55.21702620748067,6,6,0,0
754,1,1,56.23610113643549,1,7,1,1
755,1,1,55.56538431487447,3,6,0,0
756,1,1,55.48425484925639,4,4,0,0
757,1,1,53.960532595866866,5,4,0,1
758,1,0,49.93339541532331,5,7,1,1
759,1,0,49.96567485356495,3,4,0,1
760,1,1,56.17720701219513,2,6,1,1
761,1,1,54.089696441854045,3,4,1,1
762,1,0,49.619134208205146,2,6,0,1
763,1,0,50.49619867282288,5,7,0,0
764,1,0,49.33730050241533,2,5,0,0
765,1,0,49.0825017459743,3,6,0,0
766,1,1,55.11968900994799,5,7,0,0
767,1,0,49.024166530823294,6,6,0,1
768,1,1,57.710822797333435,1,7,0,0
769,1,1,54.52894710871194,4,7,1,0
770,1,0,51.23095062556869,2,6,1,0
771,1,1,54.991114330728756,8,3,1,0
772,1,1,54.16900894568162,3,6,1,0
773,1,1,57.652862667183726,0,6,1,0
774,1,0,49.233170611662246,6,5,0,0
775,1,0,48.85049505960158,2,4,1,0
776,1,0,51.06590193924823,2,8,0,1
777,1,1,54.160707425773026,7,6,0,0
778,1,0,49.697671134345526,4,7,0,0
779,1,0,50.908918800868804,5,8,1,1
780,1,1,56.045559510900304,2,4,1,0
781,1,0,48.512581942750096,1,6,0,0
782,1,0,48.80595905344346,5,5,1,0
783,1,1,53.71887493875644,3,5,0,0
784,1,1,56.58857783526222,5,7,0,1
785,1,0,51.303126617253945,5,6,0,0
786,1,1,57.06367568976167,3,8,1,0
787,1,0,52.51564527757845,1,8,0,0
788,1,1,54.70231999376927,2,8,0,0
789,1,0,49.57034895416872,1,5,0,0
790,1,1,55.67426977142051,4,5,1,0
791,1,1,53.15437292204647,5,4,0,0
792,1,1,53.45359457606355,0,6,0,1
793,1,0,50.025682107455474,4,5,1,0
794,1,1,55.08124002944959,3,9,0,0
795,1,0,50.57054921085647,0,4,0,0
796,1,1,53.44322721389853,0,5,1,0
797,1,1,53.87196498531828,5,6,0,1
798,1,1,54.35145511685192,0,5,1,0
799,1,1,55.338961349147304,3,7,1,0
800,1,1,53.76614535640728,4,8,0,1
801,1,1,56.452655162476674,3,5,0,0
802,1,0,49.016722576156674,2,6,1,1
803,1,1,54.845399625179795,4,6,1,0
804,1,1,55.59753710020796,0,5,0,0
805,1,1,54.42513785650778,1,7,0,1
806,1,1,56.34709337792203,5,4,0,0
807,1,1,55.834172467873806,1,7,0,1
808,1,0,51.75291963742331,2,8,1,1
809,1,1,54.83876860187905,3,6,0,0
810,1,1,55.96643963931153,3,5,0,0
811,1,1,54.0414996889374,6,5,0,0
812,1,1,54.35418053151154,2,4,0,1
813,1,0,48.65170570261877,2,6,0,0
814,1,1,54.637438351582965,5,6,0,0
815,1,0,50.13986660489082,2,7,0,1
816,1,1,55.8438501336289,1,6,1,0
817,1,1,55.29166392259639,2,4,1,0
818,1,1,54.529405415050725,2,5,1,0
819,1,0,49.004229025901175,3,5,0,0
820,1,1,56.02285252130519,2,3,0,0
821,1,0,50.906540567128985,5,5,1,1
822,1,0,49.30956057606544,0,5,1,1
823,1,1,54.65854038601046,3,5,0,0
824,1,1,54.7735279316506,3,6,0,0
825,1,1,55.3168206638582,3,6,0,1
826,1,1,56.16751095199471,4,6,0,0
827,1,0,49.816531481870626,3,4,0,1
828,1,0,51.77836423936063,4,7,1,1
829,1,0,49.333516233175395,4,5,0,1
830,1,1,55.64362393935919,4,6,0,0
831,1,0,48.064168741528675,0,5,1,1
832,1,0,48.74191803631767,5,5,1,0
833,1,0,49.93516810811833,2,5,0,0
834,1,0,50.075505520979505,7,5,0,0
835,1,1,53.831083808908744,5,5,1,0
836,1,0,50.39333502360349,3,5,0,0
837,1,1,54.57980375828723,2,6,0,0
838,1,1,55.42404854470491,3,5,0,1
839,1,1,57.14450515594994,1,5,1,0
840,1,0,50.41768030604596,4,7,1,0
841,1,1,56.042868320261256,1,6,1,0
842,1,1,55.15109912179884,2,7,0,0
843,1,0,50.37026959467031,6,4,0,0
844,1,0,49.79051237948333,3,6,0,0
845,1,1,54.212756277746514,4,7,1,0
846,1,0,48.86223591060004,4,6,0,0
847,1,0,50.04099275310874,3,5,1,0
848,1,1,56.237541909968606,0,5,1,0
849,1,1,54.1921035984332,4,6,0,1
850,1,0,51.7917025403678,2,8,1,1
851,1,1,56.74271881751382,4,6,1,0
852,1,0,50.70292558367669,5,4,1,0
853,1,0,49.0707571940668,5,6,0,0
854,1,0,51.171609111352375,3,6,0,1
855,1,0,50.56431290677256,2,6,1,0
856,1,1,53.53127888481845,3,7,0,0
857,1,1,54.66460363159124,3,5,1,0
858,1,0,50.11066253914748,1,4,0,1
859,1,1,53.966732238083225,5,4,0,0
860,1,0,52.00843576131814,2,6,0,0
861,1,0,50.17777418553388,4,5,0,0
862,1,0,49.82993035823096,4,4,1,1
863,1,1,56.024836659014056,3,5,0,1
864,1,0,50.85896576024423,3,5,1,0
865,1,1,55.309390409648294,8,6,0,0
866,1,0,49.83681658274184,5,6,0,1
867,1,1,54.716116005896424,5,4,1,1
868,1,1,54.99204050630721,2,5,0,1
869,1,1,55.06050295842517,2,5,0,0
870,1,0,50.24290702058042,5,6,0,0
871,1,0,49.11490862546563,2,5,1,1
872,1,0,49.57451974720171,3,7,0,0
873,1,1,54.112769417131396,4,6,0,1
874,1,0,51.213532869066995,4,5,0,1
875,1,1,55.68367540184471,3,6,0,1
876,1,1,55.536761801976674,6,7,0,0
877,1,1,54.87316317402943,1,6,1,0
878,1,0,49.52768651131665,2,5,1,0
879,1,0,49.04250998808943,5,6,0,0
880,1,1,54.63019760659096,4,3,0,1
881,1,0,48.554343020405014,4,5,1,1
882,1,0,50.08758484281902,4,6,0,0
883,1,1,53.89356461962482,6,6,0,1
884,1,1,55.77210137509283,2,7,0,0
885,1,1,54.3663894255935,8,6,1,0
886,1,1,55.754785553188015,5,5,1,0
887,1,0,49.99380673904316,3,7,0,1
888,1,0,49.53485627584425,3,6,1,1
889,1,1,54.96932390506866,5,5,1,0
890,1,1,53.692321871185136,1,5,0,0
891,1,0,48.931223844540796,4,4,0,0
892,1,1,56.51385899126742,3,6,1,0
893,1,0,49.9876064572529,5,5,1,1
894,1,0,50.270718270877396,3,8,1,1
895,1,1,54.650890632973095,4,8,1,1
896,1,1,55.44229425145919,3,4,0,1
897,1,0,50.529994257352776,1,5,0,1
898,1,1,55.52391621192803,4,5,1,0
899,1,0,49.53159371598954,5,6,1,1
900,1,1,53.70561085389052,4,5,0,1
901,1,1,54.48481428121266,3,7,0,0
902,1,0,50.084000117595934,3,4,1,0
903,1,1,55.59090092030579,2,5,1,0
904,1,1,56.30780527268591,0,5,0,0
905,1,1,54.45584104690054,5,6,0,1
906,1,1,52.04845911907773,1,6,0,0
907,1,0,49.890146944036054,3,4,0,1
908,1,0,50.021834553220884,6,6,0,0
909,1,0,47.88250862043759,6,5,1,1
910,1,1,56.08860247387213,3,6,0,0
911,1,1,53.52257550998509,4,5,0,0
912,1,0,51.108904931091075,2,5,0,1
913,1,0,51.20450428326447,5,5,0,0
914,1,1,53.703139541355476,6,4,1,0
915,1,0,50.64957094909549,1,5,1,1
916,1,0,50.07785205494682,3,4,1,0
917,1,0,51.50832768133198,2,5,1,1
918,1,0,49.49632357040056,2,7,1,1
919,1,0,48.21852267193993,4,5,0,0
920,1,0,49.91931806286752,3,5,0,0
921,1,1,53.574278115660626,0,4,0,1
922,1,0,50.09705034679229,2,6,0,0
923,1,1,55.61788732632346,6,6,0,1
924,1,1,55.343387723507014,4,5,0,1
925,1,0,50.25419316758814,5,4,0,1
926,1,1,54.85238616820585,5,5,0,0
927,1,0,49.83643277877172,5,5,1,0
928,1,1,56.167093289301434,4,6,0,1
929,1,0,51.31561199225837,5,5,0,1
930,1,0,47.86046185919701,2,3,1,0
931,1,0,51.223406559836896,2,4,1,0
932,1,1,54.623002356100066,4,8,0,0
933,1,0,51.87594715511965,1,5,0,0
934,1,0,48.553754949421,6,5,0,0
935,1,1,54.055568179140025,5,6,1,1
936,1,0,48.713687258516565,4,4,0,1
937,1,1,53.94721983918528,3,6,0,0
938,1,1,56.928118951608255,4,7,1,0
939,1,0,51.27913366201617,2,6,0,0
940,1,1,56.55357027530374,2,8,1,0
941,1,0,49.5087626164317,3,6,1,0
942,1,1,56.31714938175967,3,5,1,0
943,1,1,53.06828689813181,3,7,1,1
944,1,0,48.212470606720856,4,5,1,0
945,1,1,56.17969587286466,4,7,0,0
946,1,1,56.37846266151612,7,4,0,1
947,1,0,48.724011936084445,5,5,0,0
948,1,1,54.4769763136557,3,7,0,0
949,1,0,51.28076705618274,3,4,0,0
950,1,1,57.68463673552492,0,5,0,0
951,1,1,55.5249745151437,2,6,0,1
952,1,1,54.29433944265175,8,6,0,0
953,1,1,55.36044222861062,3,6,1,0
954,1,0,51.12593543317709,4,4,0,0
955,1,0,48.926351213918856,3,6,0,0
956,1,1,55.763840961377895,4,5,0,0
957,1,0,47.288332261826376,5,6,1,0
958,1,1,54.52836542777115,2,6,0,0
959,1,1,54.837533694776084,2,7,0,1
960,1,0,51.45081846505301,-1,6,1,0
961,1,1,55.91945163330241,2,7,0,1
962,1,0,50.79533967364085,2,5,1,0
963,1,1,55.056807079545656,6,7,0,1
964,1,0,49.00740222268308,5,7,1,1
965,1,0,50.145614604007896,1,6,1,1
966,1,1,54.22063003801387,5,5,1,1
967,1,1,55.05158003011835,3,5,0,1
968,1,1,55.76930060954214,5,6,0,0
969,1,1,53.99117328070345,4,8,0,1
970,1,0,50.836546070700614,3,7,1,0
971,1,1,54.73841191442573,5,6,0,1
972,1,0,50.81681346381257,5,5,1,0
973,1,1,55.904551823668804,3,7,0,0
974,1,1,55.0590958638175,6,6,0,0
975,1,0,49.30733137806618,5,4,0,1
976,1,0,49.90696035968896,4,6,0,1
977,1,1,54.66642490617898,4,6,1,0
978,1,0,50.24100581709143,3,4,1,0
979,1,0,50.45133362085268,5,6,0,1
980,1,0,50.598607933333355,4,7,1,1
981,1,1,56.227021825706245,1,5,1,0
982,1,0,49.05322366107505,3,6,0,0
983,1,1,54.70750523390487,4,6,0,1
984,1,0,49.58814553130375,3,6,0,1
985,1,0,48.78867900125976,3,4,0,0
986,1,1,54.86660977513003,4,6,0,0
987,1,0,48.79400868592774,3,6,1,0
988,1,0,49.619435427590325,3,5,0,1
989,1,1,54.368867705463956,6,6,0,1
990,1,1,56.46334194616599,4,5,0,1
991,1,0,52.69402581727804,1,8,1,0
992,1,1,55.412291868349655,7,6,0,1
993,1,0,49.271415313447086,3,5,0,0
994,1,0,51.501655694147544,2,3,0,0
995,1,0,51.7681682491276,4,3,1,1
996,1,0,51.82327085375677,5,5,0,0
997,1,1,53.569136616452774,4,5,1,0
998,1,1,54.9006070730718,3,4,1,1
999,1,0,50.310387344048316,4,6,1,0
